ID,grating,root,file,url,fits_path,png_path,status
17781,G395H_F290LP,gto-wide-cos04-v4,gto-wide-cos04-v4_g395h-f290lp_1214_7395.spec.fits,https://s3.amazonaws.com/msaexp-nirspec/extractions/gto-wide-cos04-v4/gto-wide-cos04-v4_g395h-f290lp_1214_7395.spec.fits,/ceph/cephfs/apatrick/P2/jwst_spectra_pm/G395H_F290LP/17781_G395H_F290LP_spectra.fits,/ceph/cephfs/apatrick/P2/jwst_spectra_pm/G395H_F290LP/17781_G395H_F290LP_spectra.png,exists
18264,G235M_F170LP,aurora-gdn01-v4,aurora-gdn01-v4_g235m-f170lp_1914_440430.spec.fits,https://s3.amazonaws.com/msaexp-nirspec/extractions/aurora-gdn01-v4/aurora-gdn01-v4_g235m-f170lp_1914_440430.spec.fits,/ceph/cephfs/apatrick/P2/jwst_spectra_pm/G235M_F170LP/18264_G235M_F170LP_spectra.fits,/ceph/cephfs/apatrick/P2/jwst_spectra_pm/G235M_F170LP/18264_G235M_F170LP_spectra.png,exists
18264,G395M_F290LP,aurora-gdn01-v4,aurora-gdn01-v4_g395m-f290lp_1914_440430.spec.fits,https://s3.amazonaws.com/msaexp-nirspec/extractions/aurora-gdn01-v4/aurora-gdn01-v4_g395m-f290lp_1914_440430.spec.fits,/ceph/cephfs/apatrick/P2/jwst_spectra_pm/G395M_F290LP/18264_G395M_F290LP_spectra.fits,/ceph/cephfs/apatrick/P2/jwst_spectra_pm/G395M_F290LP/18264_G395M_F290LP_spectra.png,exists
19054,G235H_F170LP,gto-wide-cos05-v4,gto-wide-cos05-v4_g235h-f170lp_1214_7301.spec.fits,https://s3.amazonaws.com/msaexp-nirspec/extractions/gto-wide-cos05-v4/gto-wide-cos05-v4_g235h-f170lp_1214_7301.spec.fits,/ceph/cephfs/apatrick/P2/jwst_spectra_pm/G235H_F170LP/19054_G235H_F170LP_spectra.fits,/ceph/cephfs/apatrick/P2/jwst_spectra_pm/G235H_F170LP/19054_G235H_F170LP_spectra.png,exists
19054,G395H_F290LP,gto-wide-cos05-v4,gto-wide-cos05-v4_g395h-f290lp_1214_7301.spec.fits,https://s3.amazonaws.com/msaexp-nirspec/extractions/gto-wide-cos05-v4/gto-wide-cos05-v4_g395h-f290lp_1214_7301.spec.fits,/ceph/cephfs/apatrick/P2/jwst_spectra_pm/G395H_F290LP/19054_G395H_F290LP_spectra.fits,/ceph/cephfs/apatrick/P2/jwst_spectra_pm/G395H_F290LP/19054_G395H_F290LP_spectra.png,exists
19338,G235M_F170LP,bluejay-south-v4,bluejay-south-v4_g235m-f170lp_1810_7696.spec.fits,https://s3.amazonaws.com/msaexp-nirspec/extractions/bluejay-south-v4/bluejay-south-v4_g235m-f170lp_1810_7696.spec.fits,/ceph/cephfs/apatrick/P2/jwst_spectra_pm/G235M_F170LP/19338_G235M_F170LP_spectra.fits,/ceph/cephfs/apatrick/P2/jwst_spectra_pm/G235M_F170LP/19338_G235M_F170LP_spectra.png,exists
19338,G395M_F290LP,bluejay-south-v4,bluejay-south-v4_g395m-f290lp_1810_7696.spec.fits,https://s3.amazonaws.com/msaexp-nirspec/extractions/bluejay-south-v4/bluejay-south-v4_g395m-f290lp_1810_7696.spec.fits,/ceph/cephfs/apatrick/P2/jwst_spectra_pm/G395M_F290LP/19338_G395M_F290LP_spectra.fits,/ceph/cephfs/apatrick/P2/jwst_spectra_pm/G395M_F290LP/19338_G395M_F290LP_spectra.png,exists
19467,G235H_F170LP,bluejay2-v4,bluejay2-v4_g235h-f170lp_5427_7730.spec.fits,https://s3.amazonaws.com/msaexp-nirspec/extractions/bluejay2-v4/bluejay2-v4_g235h-f170lp_5427_7730.spec.fits,/ceph/cephfs/apatrick/P2/jwst_spectra_pm/G235H_F170LP/19467_G235H_F170LP_spectra.fits,/ceph/cephfs/apatrick/P2/jwst_spectra_pm/G235H_F170LP/19467_G235H_F170LP_spectra.png,exists
19467,G235M_F170LP,bluejay-south-v4,bluejay-south-v4_g235m-f170lp_1810_7730.spec.fits,https://s3.amazonaws.com/msaexp-nirspec/extractions/bluejay-south-v4/bluejay-south-v4_g235m-f170lp_1810_7730.spec.fits,/ceph/cephfs/apatrick/P2/jwst_spectra_pm/G235M_F170LP/19467_G235M_F170LP_spectra.fits,/ceph/cephfs/apatrick/P2/jwst_spectra_pm/G235M_F170LP/19467_G235M_F170LP_spectra.png,exists
19467,G395H_F290LP,gto-wide-cos04-v4,gto-wide-cos04-v4_g395h-f290lp_1214_5102.spec.fits,https://s3.amazonaws.com/msaexp-nirspec/extractions/gto-wide-cos04-v4/gto-wide-cos04-v4_g395h-f290lp_1214_5102.spec.fits,/ceph/cephfs/apatrick/P2/jwst_spectra_pm/G395H_F290LP/19467_G395H_F290LP_spectra.fits,/ceph/cephfs/apatrick/P2/jwst_spectra_pm/G395H_F290LP/19467_G395H_F290LP_spectra.png,exists
19467,G395M_F290LP,bluejay-south-v4,bluejay-south-v4_g395m-f290lp_1810_7730.spec.fits,https://s3.amazonaws.com/msaexp-nirspec/extractions/bluejay-south-v4/bluejay-south-v4_g395m-f290lp_1810_7730.spec.fits,/ceph/cephfs/apatrick/P2/jwst_spectra_pm/G395M_F290LP/19467_G395M_F290LP_spectra.fits,/ceph/cephfs/apatrick/P2/jwst_spectra_pm/G395M_F290LP/19467_G395M_F290LP_spectra.png,exists
19729,G395H_F290LP,gto-wide-cos04-v4,gto-wide-cos04-v4_g395h-f290lp_1214_5138.spec.fits,https://s3.amazonaws.com/msaexp-nirspec/extractions/gto-wide-cos04-v4/gto-wide-cos04-v4_g395h-f290lp_1214_5138.spec.fits,/ceph/cephfs/apatrick/P2/jwst_spectra_pm/G395H_F290LP/19729_G395H_F290LP_spectra.fits,/ceph/cephfs/apatrick/P2/jwst_spectra_pm/G395H_F290LP/19729_G395H_F290LP_spectra.png,exists
19756,G235H_F170LP,gto-wide-cos05-v4,gto-wide-cos05-v4_g235h-f170lp_1214_5403.spec.fits,https://s3.amazonaws.com/msaexp-nirspec/extractions/gto-wide-cos05-v4/gto-wide-cos05-v4_g235h-f170lp_1214_5403.spec.fits,/ceph/cephfs/apatrick/P2/jwst_spectra_pm/G235H_F170LP/19756_G235H_F170LP_spectra.fits,/ceph/cephfs/apatrick/P2/jwst_spectra_pm/G235H_F170LP/19756_G235H_F170LP_spectra.png,exists
19756,G395H_F290LP,gto-wide-cos05-v4,gto-wide-cos05-v4_g395h-f290lp_1214_5403.spec.fits,https://s3.amazonaws.com/msaexp-nirspec/extractions/gto-wide-cos05-v4/gto-wide-cos05-v4_g395h-f290lp_1214_5403.spec.fits,/ceph/cephfs/apatrick/P2/jwst_spectra_pm/G395H_F290LP/19756_G395H_F290LP_spectra.fits,/ceph/cephfs/apatrick/P2/jwst_spectra_pm/G395H_F290LP/19756_G395H_F290LP_spectra.png,exists
19796,G235M_F170LP,aurora-gdn01-v4,aurora-gdn01-v4_g235m-f170lp_1914_443467.spec.fits,https://s3.amazonaws.com/msaexp-nirspec/extractions/aurora-gdn01-v4/aurora-gdn01-v4_g235m-f170lp_1914_443467.spec.fits,/ceph/cephfs/apatrick/P2/jwst_spectra_pm/G235M_F170LP/19796_G235M_F170LP_spectra.fits,/ceph/cephfs/apatrick/P2/jwst_spectra_pm/G235M_F170LP/19796_G235M_F170LP_spectra.png,exists
19796,G395M_F290LP,aurora-gdn01-v4,aurora-gdn01-v4_g395m-f290lp_1914_443467.spec.fits,https://s3.amazonaws.com/msaexp-nirspec/extractions/aurora-gdn01-v4/aurora-gdn01-v4_g395m-f290lp_1914_443467.spec.fits,/ceph/cephfs/apatrick/P2/jwst_spectra_pm/G395M_F290LP/19796_G395M_F290LP_spectra.fits,/ceph/cephfs/apatrick/P2/jwst_spectra_pm/G395M_F290LP/19796_G395M_F290LP_spectra.png,exists
19865,G235H_F170LP,bluejay2-v4,bluejay2-v4_g235h-f170lp_5427_7922.spec.fits,https://s3.amazonaws.com/msaexp-nirspec/extractions/bluejay2-v4/bluejay2-v4_g235h-f170lp_5427_7922.spec.fits,/ceph/cephfs/apatrick/P2/jwst_spectra_pm/G235H_F170LP/19865_G235H_F170LP_spectra.fits,/ceph/cephfs/apatrick/P2/jwst_spectra_pm/G235H_F170LP/19865_G235H_F170LP_spectra.png,downloaded
19865,G235M_F170LP,bluejay-south-v4,bluejay-south-v4_g235m-f170lp_1810_7922.spec.fits,https://s3.amazonaws.com/msaexp-nirspec/extractions/bluejay-south-v4/bluejay-south-v4_g235m-f170lp_1810_7922.spec.fits,/ceph/cephfs/apatrick/P2/jwst_spectra_pm/G235M_F170LP/19865_G235M_F170LP_spectra.fits,/ceph/cephfs/apatrick/P2/jwst_spectra_pm/G235M_F170LP/19865_G235M_F170LP_spectra.png,exists
19865,G395M_F290LP,bluejay-south-v4,bluejay-south-v4_g395m-f290lp_1810_7922.spec.fits,https://s3.amazonaws.com/msaexp-nirspec/extractions/bluejay-south-v4/bluejay-south-v4_g395m-f290lp_1810_7922.spec.fits,/ceph/cephfs/apatrick/P2/jwst_spectra_pm/G395M_F290LP/19865_G395M_F290LP_spectra.fits,/ceph/cephfs/apatrick/P2/jwst_spectra_pm/G395M_F290LP/19865_G395M_F290LP_spectra.png,exists
19897,G235H_F170LP,bluejay2-v4,bluejay2-v4_g235h-f170lp_5427_7934.spec.fits,https://s3.amazonaws.com/msaexp-nirspec/extractions/bluejay2-v4/bluejay2-v4_g235h-f170lp_5427_7934.spec.fits,/ceph/cephfs/apatrick/P2/jwst_spectra_pm/G235H_F170LP/19897_G235H_F170LP_spectra.fits,/ceph/cephfs/apatrick/P2/jwst_spectra_pm/G235H_F170LP/19897_G235H_F170LP_spectra.png,downloaded
19897,G235M_F170LP,bluejay-south-v4,bluejay-south-v4_g235m-f170lp_1810_7934.spec.fits,https://s3.amazonaws.com/msaexp-nirspec/extractions/bluejay-south-v4/bluejay-south-v4_g235m-f170lp_1810_7934.spec.fits,/ceph/cephfs/apatrick/P2/jwst_spectra_pm/G235M_F170LP/19897_G235M_F170LP_spectra.fits,/ceph/cephfs/apatrick/P2/jwst_spectra_pm/G235M_F170LP/19897_G235M_F170LP_spectra.png,exists
19897,G395M_F290LP,bluejay-south-v4,bluejay-south-v4_g395m-f290lp_1810_7934.spec.fits,https://s3.amazonaws.com/msaexp-nirspec/extractions/bluejay-south-v4/bluejay-south-v4_g395m-f290lp_1810_7934.spec.fits,/ceph/cephfs/apatrick/P2/jwst_spectra_pm/G395M_F290LP/19897_G395M_F290LP_spectra.fits,/ceph/cephfs/apatrick/P2/jwst_spectra_pm/G395M_F290LP/19897_G395M_F290LP_spectra.png,exists
20179,G235H_F170LP,gto-wide-cos04-v4,gto-wide-cos04-v4_g235h-f170lp_1214_5214.spec.fits,https://s3.amazonaws.com/msaexp-nirspec/extractions/gto-wide-cos04-v4/gto-wide-cos04-v4_g235h-f170lp_1214_5214.spec.fits,/ceph/cephfs/apatrick/P2/jwst_spectra_pm/G235H_F170LP/20179_G235H_F170LP_spectra.fits,/ceph/cephfs/apatrick/P2/jwst_spectra_pm/G235H_F170LP/20179_G235H_F170LP_spectra.png,exists
20179,G395H_F290LP,gto-wide-cos04-v4,gto-wide-cos04-v4_g395h-f290lp_1214_5214.spec.fits,https://s3.amazonaws.com/msaexp-nirspec/extractions/gto-wide-cos04-v4/gto-wide-cos04-v4_g395h-f290lp_1214_5214.spec.fits,/ceph/cephfs/apatrick/P2/jwst_spectra_pm/G395H_F290LP/20179_G395H_F290LP_spectra.fits,/ceph/cephfs/apatrick/P2/jwst_spectra_pm/G395H_F290LP/20179_G395H_F290LP_spectra.png,exists
21170,G235H_F170LP,gto-wide-cos05-v4,gto-wide-cos05-v4_g235h-f170lp_1214_5645.spec.fits,https://s3.amazonaws.com/msaexp-nirspec/extractions/gto-wide-cos05-v4/gto-wide-cos05-v4_g235h-f170lp_1214_5645.spec.fits,/ceph/cephfs/apatrick/P2/jwst_spectra_pm/G235H_F170LP/21170_G235H_F170LP_spectra.fits,/ceph/cephfs/apatrick/P2/jwst_spectra_pm/G235H_F170LP/21170_G235H_F170LP_spectra.png,exists
21170,G395H_F290LP,gto-wide-cos05-v4,gto-wide-cos05-v4_g395h-f290lp_1214_5645.spec.fits,https://s3.amazonaws.com/msaexp-nirspec/extractions/gto-wide-cos05-v4/gto-wide-cos05-v4_g395h-f290lp_1214_5645.spec.fits,/ceph/cephfs/apatrick/P2/jwst_spectra_pm/G395H_F290LP/21170_G395H_F290LP_spectra.fits,/ceph/cephfs/apatrick/P2/jwst_spectra_pm/G395H_F290LP/21170_G395H_F290LP_spectra.png,exists
21375,G235H_F170LP,bluejay2-v4,bluejay2-v4_g235h-f170lp_5427_8278.spec.fits,https://s3.amazonaws.com/msaexp-nirspec/extractions/bluejay2-v4/bluejay2-v4_g235h-f170lp_5427_8278.spec.fits,/ceph/cephfs/apatrick/P2/jwst_spectra_pm/G235H_F170LP/21375_G235H_F170LP_spectra.fits,/ceph/cephfs/apatrick/P2/jwst_spectra_pm/G235H_F170LP/21375_G235H_F170LP_spectra.png,downloaded
21526,G235M_F170LP,aurora-gdn01-v4,aurora-gdn01-v4_g235m-f170lp_1914_8363.spec.fits,https://s3.amazonaws.com/msaexp-nirspec/extractions/aurora-gdn01-v4/aurora-gdn01-v4_g235m-f170lp_1914_8363.spec.fits,/ceph/cephfs/apatrick/P2/jwst_spectra_pm/G235M_F170LP/21526_G235M_F170LP_spectra.fits,/ceph/cephfs/apatrick/P2/jwst_spectra_pm/G235M_F170LP/21526_G235M_F170LP_spectra.png,exists
21526,G395M_F290LP,aurora-gdn01-v4,aurora-gdn01-v4_g395m-f290lp_1914_8363.spec.fits,https://s3.amazonaws.com/msaexp-nirspec/extractions/aurora-gdn01-v4/aurora-gdn01-v4_g395m-f290lp_1914_8363.spec.fits,/ceph/cephfs/apatrick/P2/jwst_spectra_pm/G395M_F290LP/21526_G395M_F290LP_spectra.fits,/ceph/cephfs/apatrick/P2/jwst_spectra_pm/G395M_F290LP/21526_G395M_F290LP_spectra.png,exists
22404,G235H_F170LP,bluejay2-v4,bluejay2-v4_g235h-f170lp_5427_8741.spec.fits,https://s3.amazonaws.com/msaexp-nirspec/extractions/bluejay2-v4/bluejay2-v4_g235h-f170lp_5427_8741.spec.fits,/ceph/cephfs/apatrick/P2/jwst_spectra_pm/G235H_F170LP/22404_G235H_F170LP_spectra.fits,/ceph/cephfs/apatrick/P2/jwst_spectra_pm/G235H_F170LP/22404_G235H_F170LP_spectra.png,downloaded
22404,G235M_F170LP,bluejay-south-v4,bluejay-south-v4_g235m-f170lp_1810_8741.spec.fits,https://s3.amazonaws.com/msaexp-nirspec/extractions/bluejay-south-v4/bluejay-south-v4_g235m-f170lp_1810_8741.spec.fits,/ceph/cephfs/apatrick/P2/jwst_spectra_pm/G235M_F170LP/22404_G235M_F170LP_spectra.fits,/ceph/cephfs/apatrick/P2/jwst_spectra_pm/G235M_F170LP/22404_G235M_F170LP_spectra.png,exists
22404,G395M_F290LP,bluejay-south-v4,bluejay-south-v4_g395m-f290lp_1810_8741.spec.fits,https://s3.amazonaws.com/msaexp-nirspec/extractions/bluejay-south-v4/bluejay-south-v4_g395m-f290lp_1810_8741.spec.fits,/ceph/cephfs/apatrick/P2/jwst_spectra_pm/G395M_F290LP/22404_G395M_F290LP_spectra.fits,/ceph/cephfs/apatrick/P2/jwst_spectra_pm/G395M_F290LP/22404_G395M_F290LP_spectra.png,exists
22997,G235M_F170LP,bluejay-south-v4,bluejay-south-v4_g235m-f170lp_1810_8878.spec.fits,https://s3.amazonaws.com/msaexp-nirspec/extractions/bluejay-south-v4/bluejay-south-v4_g235m-f170lp_1810_8878.spec.fits,/ceph/cephfs/apatrick/P2/jwst_spectra_pm/G235M_F170LP/22997_G235M_F170LP_spectra.fits,/ceph/cephfs/apatrick/P2/jwst_spectra_pm/G235M_F170LP/22997_G235M_F170LP_spectra.png,exists
22997,G395M_F290LP,bluejay-south-v4,bluejay-south-v4_g395m-f290lp_1810_8878.spec.fits,https://s3.amazonaws.com/msaexp-nirspec/extractions/bluejay-south-v4/bluejay-south-v4_g395m-f290lp_1810_8878.spec.fits,/ceph/cephfs/apatrick/P2/jwst_spectra_pm/G395M_F290LP/22997_G395M_F290LP_spectra.fits,/ceph/cephfs/apatrick/P2/jwst_spectra_pm/G395M_F290LP/22997_G395M_F290LP_spectra.png,exists
23070,G235M_F170LP,bluejay-south-v4,bluejay-south-v4_g235m-f170lp_1810_8878.spec.fits,https://s3.amazonaws.com/msaexp-nirspec/extractions/bluejay-south-v4/bluejay-south-v4_g235m-f170lp_1810_8878.spec.fits,/ceph/cephfs/apatrick/P2/jwst_spectra_pm/G235M_F170LP/23070_G235M_F170LP_spectra.fits,/ceph/cephfs/apatrick/P2/jwst_spectra_pm/G235M_F170LP/23070_G235M_F170LP_spectra.png,exists
23070,G395M_F290LP,bluejay-south-v4,bluejay-south-v4_g395m-f290lp_1810_8878.spec.fits,https://s3.amazonaws.com/msaexp-nirspec/extractions/bluejay-south-v4/bluejay-south-v4_g395m-f290lp_1810_8878.spec.fits,/ceph/cephfs/apatrick/P2/jwst_spectra_pm/G395M_F290LP/23070_G395M_F290LP_spectra.fits,/ceph/cephfs/apatrick/P2/jwst_spectra_pm/G395M_F290LP/23070_G395M_F290LP_spectra.png,exists
26917,G235H_F170LP,bluejay2-v4,bluejay2-v4_g235h-f170lp_5427_9986.spec.fits,https://s3.amazonaws.com/msaexp-nirspec/extractions/bluejay2-v4/bluejay2-v4_g235h-f170lp_5427_9986.spec.fits,/ceph/cephfs/apatrick/P2/jwst_spectra_pm/G235H_F170LP/26917_G235H_F170LP_spectra.fits,/ceph/cephfs/apatrick/P2/jwst_spectra_pm/G235H_F170LP/26917_G235H_F170LP_spectra.png,downloaded
26917,G235M_F170LP,bluejay-south-v4,bluejay-south-v4_g235m-f170lp_1810_9986.spec.fits,https://s3.amazonaws.com/msaexp-nirspec/extractions/bluejay-south-v4/bluejay-south-v4_g235m-f170lp_1810_9986.spec.fits,/ceph/cephfs/apatrick/P2/jwst_spectra_pm/G235M_F170LP/26917_G235M_F170LP_spectra.fits,/ceph/cephfs/apatrick/P2/jwst_spectra_pm/G235M_F170LP/26917_G235M_F170LP_spectra.png,exists
26917,G395M_F290LP,bluejay-south-v4,bluejay-south-v4_g395m-f290lp_1810_9986.spec.fits,https://s3.amazonaws.com/msaexp-nirspec/extractions/bluejay-south-v4/bluejay-south-v4_g395m-f290lp_1810_9986.spec.fits,/ceph/cephfs/apatrick/P2/jwst_spectra_pm/G395M_F290LP/26917_G395M_F290LP_spectra.fits,/ceph/cephfs/apatrick/P2/jwst_spectra_pm/G395M_F290LP/26917_G395M_F290LP_spectra.png,exists
30759,G235H_F170LP,bluejay2-v4,bluejay2-v4_g235h-f170lp_5427_11038.spec.fits,https://s3.amazonaws.com/msaexp-nirspec/extractions/bluejay2-v4/bluejay2-v4_g235h-f170lp_5427_11038.spec.fits,/ceph/cephfs/apatrick/P2/jwst_spectra_pm/G235H_F170LP/30759_G235H_F170LP_spectra.fits,/ceph/cephfs/apatrick/P2/jwst_spectra_pm/G235H_F170LP/30759_G235H_F170LP_spectra.png,downloaded
30759,G235M_F170LP,bluejay-south-v4,bluejay-south-v4_g235m-f170lp_1810_11038.spec.fits,https://s3.amazonaws.com/msaexp-nirspec/extractions/bluejay-south-v4/bluejay-south-v4_g235m-f170lp_1810_11038.spec.fits,/ceph/cephfs/apatrick/P2/jwst_spectra_pm/G235M_F170LP/30759_G235M_F170LP_spectra.fits,/ceph/cephfs/apatrick/P2/jwst_spectra_pm/G235M_F170LP/30759_G235M_F170LP_spectra.png,exists
30759,G395M_F290LP,bluejay-south-v4,bluejay-south-v4_g395m-f290lp_1810_11038.spec.fits,https://s3.amazonaws.com/msaexp-nirspec/extractions/bluejay-south-v4/bluejay-south-v4_g395m-f290lp_1810_11038.spec.fits,/ceph/cephfs/apatrick/P2/jwst_spectra_pm/G395M_F290LP/30759_G395M_F290LP_spectra.fits,/ceph/cephfs/apatrick/P2/jwst_spectra_pm/G395M_F290LP/30759_G395M_F290LP_spectra.png,exists
31364,G235H_F170LP,bluejay2-v4,bluejay2-v4_g235h-f170lp_5427_11232.spec.fits,https://s3.amazonaws.com/msaexp-nirspec/extractions/bluejay2-v4/bluejay2-v4_g235h-f170lp_5427_11232.spec.fits,/ceph/cephfs/apatrick/P2/jwst_spectra_pm/G235H_F170LP/31364_G235H_F170LP_spectra.fits,/ceph/cephfs/apatrick/P2/jwst_spectra_pm/G235H_F170LP/31364_G235H_F170LP_spectra.png,downloaded
32907,G235M_F170LP,bluejay-south-v4,bluejay-south-v4_g235m-f170lp_1810_11716.spec.fits,https://s3.amazonaws.com/msaexp-nirspec/extractions/bluejay-south-v4/bluejay-south-v4_g235m-f170lp_1810_11716.spec.fits,/ceph/cephfs/apatrick/P2/jwst_spectra_pm/G235M_F170LP/32907_G235M_F170LP_spectra.fits,/ceph/cephfs/apatrick/P2/jwst_spectra_pm/G235M_F170LP/32907_G235M_F170LP_spectra.png,exists
32907,G395M_F290LP,bluejay-south-v4,bluejay-south-v4_g395m-f290lp_1810_11716.spec.fits,https://s3.amazonaws.com/msaexp-nirspec/extractions/bluejay-south-v4/bluejay-south-v4_g395m-f290lp_1810_11716.spec.fits,/ceph/cephfs/apatrick/P2/jwst_spectra_pm/G395M_F290LP/32907_G395M_F290LP_spectra.fits,/ceph/cephfs/apatrick/P2/jwst_spectra_pm/G395M_F290LP/32907_G395M_F290LP_spectra.png,exists
34630,G235H_F170LP,bluejay2-v4,bluejay2-v4_g235h-f170lp_5427_12175.spec.fits,https://s3.amazonaws.com/msaexp-nirspec/extractions/bluejay2-v4/bluejay2-v4_g235h-f170lp_5427_12175.spec.fits,/ceph/cephfs/apatrick/P2/jwst_spectra_pm/G235H_F170LP/34630_G235H_F170LP_spectra.fits,/ceph/cephfs/apatrick/P2/jwst_spectra_pm/G235H_F170LP/34630_G235H_F170LP_spectra.png,downloaded
34630,G395M_F290LP,bluejay-south-v4,bluejay-south-v4_g395m-f290lp_1810_12175.spec.fits,https://s3.amazonaws.com/msaexp-nirspec/extractions/bluejay-south-v4/bluejay-south-v4_g395m-f290lp_1810_12175.spec.fits,/ceph/cephfs/apatrick/P2/jwst_spectra_pm/G395M_F290LP/34630_G395M_F290LP_spectra.fits,/ceph/cephfs/apatrick/P2/jwst_spectra_pm/G395M_F290LP/34630_G395M_F290LP_spectra.png,exists
34726,G235H_F170LP,bluejay2-v4,bluejay2-v4_g235h-f170lp_5427_12175.spec.fits,https://s3.amazonaws.com/msaexp-nirspec/extractions/bluejay2-v4/bluejay2-v4_g235h-f170lp_5427_12175.spec.fits,/ceph/cephfs/apatrick/P2/jwst_spectra_pm/G235H_F170LP/34726_G235H_F170LP_spectra.fits,/ceph/cephfs/apatrick/P2/jwst_spectra_pm/G235H_F170LP/34726_G235H_F170LP_spectra.png,copied
34726,G395M_F290LP,bluejay-south-v4,bluejay-south-v4_g395m-f290lp_1810_12175.spec.fits,https://s3.amazonaws.com/msaexp-nirspec/extractions/bluejay-south-v4/bluejay-south-v4_g395m-f290lp_1810_12175.spec.fits,/ceph/cephfs/apatrick/P2/jwst_spectra_pm/G395M_F290LP/34726_G395M_F290LP_spectra.fits,/ceph/cephfs/apatrick/P2/jwst_spectra_pm/G395M_F290LP/34726_G395M_F290LP_spectra.png,exists
38636,G235H_F170LP,bluejay2-v4,bluejay2-v4_g235h-f170lp_5427_13297.spec.fits,https://s3.amazonaws.com/msaexp-nirspec/extractions/bluejay2-v4/bluejay2-v4_g235h-f170lp_5427_13297.spec.fits,/ceph/cephfs/apatrick/P2/jwst_spectra_pm/G235H_F170LP/38636_G235H_F170LP_spectra.fits,/ceph/cephfs/apatrick/P2/jwst_spectra_pm/G235H_F170LP/38636_G235H_F170LP_spectra.png,downloaded
38636,G235M_F170LP,bluejay-south-v4,bluejay-south-v4_g235m-f170lp_1810_13297.spec.fits,https://s3.amazonaws.com/msaexp-nirspec/extractions/bluejay-south-v4/bluejay-south-v4_g235m-f170lp_1810_13297.spec.fits,/ceph/cephfs/apatrick/P2/jwst_spectra_pm/G235M_F170LP/38636_G235M_F170LP_spectra.fits,/ceph/cephfs/apatrick/P2/jwst_spectra_pm/G235M_F170LP/38636_G235M_F170LP_spectra.png,exists
38636,G395M_F290LP,bluejay-south-v4,bluejay-south-v4_g395m-f290lp_1810_13297.spec.fits,https://s3.amazonaws.com/msaexp-nirspec/extractions/bluejay-south-v4/bluejay-south-v4_g395m-f290lp_1810_13297.spec.fits,/ceph/cephfs/apatrick/P2/jwst_spectra_pm/G395M_F290LP/38636_G395M_F290LP_spectra.fits,/ceph/cephfs/apatrick/P2/jwst_spectra_pm/G395M_F290LP/38636_G395M_F290LP_spectra.png,exists
39369,G235H_F170LP,gto-wide-cos03-v4,gto-wide-cos03-v4_g235h-f170lp_1214_1481.spec.fits,https://s3.amazonaws.com/msaexp-nirspec/extractions/gto-wide-cos03-v4/gto-wide-cos03-v4_g235h-f170lp_1214_1481.spec.fits,/ceph/cephfs/apatrick/P2/jwst_spectra_pm/G235H_F170LP/39369_G235H_F170LP_spectra.fits,/ceph/cephfs/apatrick/P2/jwst_spectra_pm/G235H_F170LP/39369_G235H_F170LP_spectra.png,exists
39369,G395H_F290LP,gto-wide-cos03-v4,gto-wide-cos03-v4_g395h-f290lp_1214_1481.spec.fits,https://s3.amazonaws.com/msaexp-nirspec/extractions/gto-wide-cos03-v4/gto-wide-cos03-v4_g395h-f290lp_1214_1481.spec.fits,/ceph/cephfs/apatrick/P2/jwst_spectra_pm/G395H_F290LP/39369_G395H_F290LP_spectra.fits,/ceph/cephfs/apatrick/P2/jwst_spectra_pm/G395H_F290LP/39369_G395H_F290LP_spectra.png,exists
40310,G235H_F170LP,gto-wide-cos03-v4,gto-wide-cos03-v4_g235h-f170lp_1214_1650.spec.fits,https://s3.amazonaws.com/msaexp-nirspec/extractions/gto-wide-cos03-v4/gto-wide-cos03-v4_g235h-f170lp_1214_1650.spec.fits,/ceph/cephfs/apatrick/P2/jwst_spectra_pm/G235H_F170LP/40310_G235H_F170LP_spectra.fits,/ceph/cephfs/apatrick/P2/jwst_spectra_pm/G235H_F170LP/40310_G235H_F170LP_spectra.png,exists
40310,G395H_F290LP,gto-wide-cos03-v4,gto-wide-cos03-v4_g395h-f290lp_1214_1650.spec.fits,https://s3.amazonaws.com/msaexp-nirspec/extractions/gto-wide-cos03-v4/gto-wide-cos03-v4_g395h-f290lp_1214_1650.spec.fits,/ceph/cephfs/apatrick/P2/jwst_spectra_pm/G395H_F290LP/40310_G395H_F290LP_spectra.fits,/ceph/cephfs/apatrick/P2/jwst_spectra_pm/G395H_F290LP/40310_G395H_F290LP_spectra.png,exists
41599,G235H_F170LP,gto-wide-cos03-v4,gto-wide-cos03-v4_g235h-f170lp_1214_1856.spec.fits,https://s3.amazonaws.com/msaexp-nirspec/extractions/gto-wide-cos03-v4/gto-wide-cos03-v4_g235h-f170lp_1214_1856.spec.fits,/ceph/cephfs/apatrick/P2/jwst_spectra_pm/G235H_F170LP/41599_G235H_F170LP_spectra.fits,/ceph/cephfs/apatrick/P2/jwst_spectra_pm/G235H_F170LP/41599_G235H_F170LP_spectra.png,exists
41599,G395H_F290LP,gto-wide-cos03-v4,gto-wide-cos03-v4_g395h-f290lp_1214_1856.spec.fits,https://s3.amazonaws.com/msaexp-nirspec/extractions/gto-wide-cos03-v4/gto-wide-cos03-v4_g395h-f290lp_1214_1856.spec.fits,/ceph/cephfs/apatrick/P2/jwst_spectra_pm/G395H_F290LP/41599_G395H_F290LP_spectra.fits,/ceph/cephfs/apatrick/P2/jwst_spectra_pm/G395H_F290LP/41599_G395H_F290LP_spectra.png,exists
44399,G235H_F170LP,gto-wide-cos03-v4,gto-wide-cos03-v4_g235h-f170lp_1214_6167.spec.fits,https://s3.amazonaws.com/msaexp-nirspec/extractions/gto-wide-cos03-v4/gto-wide-cos03-v4_g235h-f170lp_1214_6167.spec.fits,/ceph/cephfs/apatrick/P2/jwst_spectra_pm/G235H_F170LP/44399_G235H_F170LP_spectra.fits,/ceph/cephfs/apatrick/P2/jwst_spectra_pm/G235H_F170LP/44399_G235H_F170LP_spectra.png,exists
48238,G235H_F170LP,gto-wide-cos03-v4,gto-wide-cos03-v4_g235h-f170lp_1214_2891.spec.fits,https://s3.amazonaws.com/msaexp-nirspec/extractions/gto-wide-cos03-v4/gto-wide-cos03-v4_g235h-f170lp_1214_2891.spec.fits,/ceph/cephfs/apatrick/P2/jwst_spectra_pm/G235H_F170LP/48238_G235H_F170LP_spectra.fits,/ceph/cephfs/apatrick/P2/jwst_spectra_pm/G235H_F170LP/48238_G235H_F170LP_spectra.png,exists
49482,G235H_F170LP,gto-wide-cos03-v4,gto-wide-cos03-v4_g235h-f170lp_1214_3087.spec.fits,https://s3.amazonaws.com/msaexp-nirspec/extractions/gto-wide-cos03-v4/gto-wide-cos03-v4_g235h-f170lp_1214_3087.spec.fits,/ceph/cephfs/apatrick/P2/jwst_spectra_pm/G235H_F170LP/49482_G235H_F170LP_spectra.fits,/ceph/cephfs/apatrick/P2/jwst_spectra_pm/G235H_F170LP/49482_G235H_F170LP_spectra.png,exists
49482,G395H_F290LP,gto-wide-cos03-v4,gto-wide-cos03-v4_g395h-f290lp_1214_3087.spec.fits,https://s3.amazonaws.com/msaexp-nirspec/extractions/gto-wide-cos03-v4/gto-wide-cos03-v4_g395h-f290lp_1214_3087.spec.fits,/ceph/cephfs/apatrick/P2/jwst_spectra_pm/G395H_F290LP/49482_G395H_F290LP_spectra.fits,/ceph/cephfs/apatrick/P2/jwst_spectra_pm/G395H_F290LP/49482_G395H_F290LP_spectra.png,exists
49622,G235M_F170LP,valentino-cosmos04-v4,valentino-cosmos04-v4_g235m-f170lp_3567_42455.spec.fits,https://s3.amazonaws.com/msaexp-nirspec/extractions/valentino-cosmos04-v4/valentino-cosmos04-v4_g235m-f170lp_3567_42455.spec.fits,/ceph/cephfs/apatrick/P2/jwst_spectra_pm/G235M_F170LP/49622_G235M_F170LP_spectra.fits,/ceph/cephfs/apatrick/P2/jwst_spectra_pm/G235M_F170LP/49622_G235M_F170LP_spectra.png,exists
50070,G235M_F170LP,bluejay-north-v4,bluejay-north-v4_g235m-f170lp_1810_16424.spec.fits,https://s3.amazonaws.com/msaexp-nirspec/extractions/bluejay-north-v4/bluejay-north-v4_g235m-f170lp_1810_16424.spec.fits,/ceph/cephfs/apatrick/P2/jwst_spectra_pm/G235M_F170LP/50070_G235M_F170LP_spectra.fits,/ceph/cephfs/apatrick/P2/jwst_spectra_pm/G235M_F170LP/50070_G235M_F170LP_spectra.png,exists
50070,G395M_F290LP,bluejay-north-v4,bluejay-north-v4_g395m-f290lp_1810_16424.spec.fits,https://s3.amazonaws.com/msaexp-nirspec/extractions/bluejay-north-v4/bluejay-north-v4_g395m-f290lp_1810_16424.spec.fits,/ceph/cephfs/apatrick/P2/jwst_spectra_pm/G395M_F290LP/50070_G395M_F290LP_spectra.fits,/ceph/cephfs/apatrick/P2/jwst_spectra_pm/G395M_F290LP/50070_G395M_F290LP_spectra.png,exists
50172,G235M_F170LP,bluejay-north-v4,bluejay-north-v4_g235m-f170lp_1810_16424.spec.fits,https://s3.amazonaws.com/msaexp-nirspec/extractions/bluejay-north-v4/bluejay-north-v4_g235m-f170lp_1810_16424.spec.fits,/ceph/cephfs/apatrick/P2/jwst_spectra_pm/G235M_F170LP/50172_G235M_F170LP_spectra.fits,/ceph/cephfs/apatrick/P2/jwst_spectra_pm/G235M_F170LP/50172_G235M_F170LP_spectra.png,exists
50172,G395M_F290LP,bluejay-north-v4,bluejay-north-v4_g395m-f290lp_1810_16424.spec.fits,https://s3.amazonaws.com/msaexp-nirspec/extractions/bluejay-north-v4/bluejay-north-v4_g395m-f290lp_1810_16424.spec.fits,/ceph/cephfs/apatrick/P2/jwst_spectra_pm/G395M_F290LP/50172_G395M_F290LP_spectra.fits,/ceph/cephfs/apatrick/P2/jwst_spectra_pm/G395M_F290LP/50172_G395M_F290LP_spectra.png,exists
50803,G235H_F170LP,bluejay2-v4,bluejay2-v4_g235h-f170lp_5427_16615.spec.fits,https://s3.amazonaws.com/msaexp-nirspec/extractions/bluejay2-v4/bluejay2-v4_g235h-f170lp_5427_16615.spec.fits,/ceph/cephfs/apatrick/P2/jwst_spectra_pm/G235H_F170LP/50803_G235H_F170LP_spectra.fits,/ceph/cephfs/apatrick/P2/jwst_spectra_pm/G235H_F170LP/50803_G235H_F170LP_spectra.png,downloaded
50803,G235M_F170LP,bluejay-north-v4,bluejay-north-v4_g235m-f170lp_1810_16615.spec.fits,https://s3.amazonaws.com/msaexp-nirspec/extractions/bluejay-north-v4/bluejay-north-v4_g235m-f170lp_1810_16615.spec.fits,/ceph/cephfs/apatrick/P2/jwst_spectra_pm/G235M_F170LP/50803_G235M_F170LP_spectra.fits,/ceph/cephfs/apatrick/P2/jwst_spectra_pm/G235M_F170LP/50803_G235M_F170LP_spectra.png,exists
50803,G395M_F290LP,bluejay-north-v4,bluejay-north-v4_g395m-f290lp_1810_16615.spec.fits,https://s3.amazonaws.com/msaexp-nirspec/extractions/bluejay-north-v4/bluejay-north-v4_g395m-f290lp_1810_16615.spec.fits,/ceph/cephfs/apatrick/P2/jwst_spectra_pm/G395M_F290LP/50803_G395M_F290LP_spectra.fits,/ceph/cephfs/apatrick/P2/jwst_spectra_pm/G395M_F290LP/50803_G395M_F290LP_spectra.png,exists
50880,G235M_F170LP,valentino-cosmos04-v4,valentino-cosmos04-v4_g235m-f170lp_3567_43510.spec.fits,https://s3.amazonaws.com/msaexp-nirspec/extractions/valentino-cosmos04-v4/valentino-cosmos04-v4_g235m-f170lp_3567_43510.spec.fits,/ceph/cephfs/apatrick/P2/jwst_spectra_pm/G235M_F170LP/50880_G235M_F170LP_spectra.fits,/ceph/cephfs/apatrick/P2/jwst_spectra_pm/G235M_F170LP/50880_G235M_F170LP_spectra.png,exists
50914,G235H_F170LP,bluejay2-v4,bluejay2-v4_g235h-f170lp_5427_16615.spec.fits,https://s3.amazonaws.com/msaexp-nirspec/extractions/bluejay2-v4/bluejay2-v4_g235h-f170lp_5427_16615.spec.fits,/ceph/cephfs/apatrick/P2/jwst_spectra_pm/G235H_F170LP/50914_G235H_F170LP_spectra.fits,/ceph/cephfs/apatrick/P2/jwst_spectra_pm/G235H_F170LP/50914_G235H_F170LP_spectra.png,copied
50914,G235M_F170LP,bluejay-north-v4,bluejay-north-v4_g235m-f170lp_1810_16615.spec.fits,https://s3.amazonaws.com/msaexp-nirspec/extractions/bluejay-north-v4/bluejay-north-v4_g235m-f170lp_1810_16615.spec.fits,/ceph/cephfs/apatrick/P2/jwst_spectra_pm/G235M_F170LP/50914_G235M_F170LP_spectra.fits,/ceph/cephfs/apatrick/P2/jwst_spectra_pm/G235M_F170LP/50914_G235M_F170LP_spectra.png,exists
50914,G395M_F290LP,bluejay-north-v4,bluejay-north-v4_g395m-f290lp_1810_16615.spec.fits,https://s3.amazonaws.com/msaexp-nirspec/extractions/bluejay-north-v4/bluejay-north-v4_g395m-f290lp_1810_16615.spec.fits,/ceph/cephfs/apatrick/P2/jwst_spectra_pm/G395M_F290LP/50914_G395M_F290LP_spectra.fits,/ceph/cephfs/apatrick/P2/jwst_spectra_pm/G395M_F290LP/50914_G395M_F290LP_spectra.png,exists
51717,G235M_F170LP,valentino-cosmos04-v4,valentino-cosmos04-v4_g235m-f170lp_3567_44330.spec.fits,https://s3.amazonaws.com/msaexp-nirspec/extractions/valentino-cosmos04-v4/valentino-cosmos04-v4_g235m-f170lp_3567_44330.spec.fits,/ceph/cephfs/apatrick/P2/jwst_spectra_pm/G235M_F170LP/51717_G235M_F170LP_spectra.fits,/ceph/cephfs/apatrick/P2/jwst_spectra_pm/G235M_F170LP/51717_G235M_F170LP_spectra.png,exists
51887,G235H_F170LP,gto-wide-cos02-v4,gto-wide-cos02-v4_g235h-f170lp_1214_686.spec.fits,https://s3.amazonaws.com/msaexp-nirspec/extractions/gto-wide-cos02-v4/gto-wide-cos02-v4_g235h-f170lp_1214_686.spec.fits,/ceph/cephfs/apatrick/P2/jwst_spectra_pm/G235H_F170LP/51887_G235H_F170LP_spectra.fits,/ceph/cephfs/apatrick/P2/jwst_spectra_pm/G235H_F170LP/51887_G235H_F170LP_spectra.png,exists
51887,G395H_F290LP,gto-wide-cos02-v4,gto-wide-cos02-v4_g395h-f290lp_1214_686.spec.fits,https://s3.amazonaws.com/msaexp-nirspec/extractions/gto-wide-cos02-v4/gto-wide-cos02-v4_g395h-f290lp_1214_686.spec.fits,/ceph/cephfs/apatrick/P2/jwst_spectra_pm/G395H_F290LP/51887_G395H_F290LP_spectra.fits,/ceph/cephfs/apatrick/P2/jwst_spectra_pm/G395H_F290LP/51887_G395H_F290LP_spectra.png,exists
51988,G235H_F170LP,gto-wide-cos02-v4,gto-wide-cos02-v4_g235h-f170lp_1214_686.spec.fits,https://s3.amazonaws.com/msaexp-nirspec/extractions/gto-wide-cos02-v4/gto-wide-cos02-v4_g235h-f170lp_1214_686.spec.fits,/ceph/cephfs/apatrick/P2/jwst_spectra_pm/G235H_F170LP/51988_G235H_F170LP_spectra.fits,/ceph/cephfs/apatrick/P2/jwst_spectra_pm/G235H_F170LP/51988_G235H_F170LP_spectra.png,exists
51988,G395H_F290LP,gto-wide-cos02-v4,gto-wide-cos02-v4_g395h-f290lp_1214_686.spec.fits,https://s3.amazonaws.com/msaexp-nirspec/extractions/gto-wide-cos02-v4/gto-wide-cos02-v4_g395h-f290lp_1214_686.spec.fits,/ceph/cephfs/apatrick/P2/jwst_spectra_pm/G395H_F290LP/51988_G395H_F290LP_spectra.fits,/ceph/cephfs/apatrick/P2/jwst_spectra_pm/G395H_F290LP/51988_G395H_F290LP_spectra.png,exists
52330,G235M_F170LP,valentino-cosmos04-v4,valentino-cosmos04-v4_g235m-f170lp_3567_44894.spec.fits,https://s3.amazonaws.com/msaexp-nirspec/extractions/valentino-cosmos04-v4/valentino-cosmos04-v4_g235m-f170lp_3567_44894.spec.fits,/ceph/cephfs/apatrick/P2/jwst_spectra_pm/G235M_F170LP/52330_G235M_F170LP_spectra.fits,/ceph/cephfs/apatrick/P2/jwst_spectra_pm/G235M_F170LP/52330_G235M_F170LP_spectra.png,exists
52345,G235H_F170LP,gto-wide-cos02-v4,gto-wide-cos02-v4_g235h-f170lp_1214_727.spec.fits,https://s3.amazonaws.com/msaexp-nirspec/extractions/gto-wide-cos02-v4/gto-wide-cos02-v4_g235h-f170lp_1214_727.spec.fits,/ceph/cephfs/apatrick/P2/jwst_spectra_pm/G235H_F170LP/52345_G235H_F170LP_spectra.fits,/ceph/cephfs/apatrick/P2/jwst_spectra_pm/G235H_F170LP/52345_G235H_F170LP_spectra.png,exists
52345,G235M_F170LP,valentino-cosmos04-v4,valentino-cosmos04-v4_g235m-f170lp_3567_44894.spec.fits,https://s3.amazonaws.com/msaexp-nirspec/extractions/valentino-cosmos04-v4/valentino-cosmos04-v4_g235m-f170lp_3567_44894.spec.fits,/ceph/cephfs/apatrick/P2/jwst_spectra_pm/G235M_F170LP/52345_G235M_F170LP_spectra.fits,/ceph/cephfs/apatrick/P2/jwst_spectra_pm/G235M_F170LP/52345_G235M_F170LP_spectra.png,exists
52345,G395H_F290LP,gto-wide-cos02-v4,gto-wide-cos02-v4_g395h-f290lp_1214_727.spec.fits,https://s3.amazonaws.com/msaexp-nirspec/extractions/gto-wide-cos02-v4/gto-wide-cos02-v4_g395h-f290lp_1214_727.spec.fits,/ceph/cephfs/apatrick/P2/jwst_spectra_pm/G395H_F290LP/52345_G395H_F290LP_spectra.fits,/ceph/cephfs/apatrick/P2/jwst_spectra_pm/G395H_F290LP/52345_G395H_F290LP_spectra.png,exists
52789,G235M_F170LP,valentino-cosmos04-v4,valentino-cosmos04-v4_g235m-f170lp_3567_45518.spec.fits,https://s3.amazonaws.com/msaexp-nirspec/extractions/valentino-cosmos04-v4/valentino-cosmos04-v4_g235m-f170lp_3567_45518.spec.fits,/ceph/cephfs/apatrick/P2/jwst_spectra_pm/G235M_F170LP/52789_G235M_F170LP_spectra.fits,/ceph/cephfs/apatrick/P2/jwst_spectra_pm/G235M_F170LP/52789_G235M_F170LP_spectra.png,exists
52789,G395M_F290LP,bluejay-north-v4,bluejay-north-v4_g395m-f290lp_1810_17000.spec.fits,https://s3.amazonaws.com/msaexp-nirspec/extractions/bluejay-north-v4/bluejay-north-v4_g395m-f290lp_1810_17000.spec.fits,/ceph/cephfs/apatrick/P2/jwst_spectra_pm/G395M_F290LP/52789_G395M_F290LP_spectra.fits,/ceph/cephfs/apatrick/P2/jwst_spectra_pm/G395M_F290LP/52789_G395M_F290LP_spectra.png,exists
52848,G235M_F170LP,valentino-cosmos04-v4,valentino-cosmos04-v4_g235m-f170lp_3567_45397.spec.fits,https://s3.amazonaws.com/msaexp-nirspec/extractions/valentino-cosmos04-v4/valentino-cosmos04-v4_g235m-f170lp_3567_45397.spec.fits,/ceph/cephfs/apatrick/P2/jwst_spectra_pm/G235M_F170LP/52848_G235M_F170LP_spectra.fits,/ceph/cephfs/apatrick/P2/jwst_spectra_pm/G235M_F170LP/52848_G235M_F170LP_spectra.png,exists
53122,G395H_F290LP,gto-wide-cos03-v4,gto-wide-cos03-v4_g395h-f290lp_1214_3633.spec.fits,https://s3.amazonaws.com/msaexp-nirspec/extractions/gto-wide-cos03-v4/gto-wide-cos03-v4_g395h-f290lp_1214_3633.spec.fits,/ceph/cephfs/apatrick/P2/jwst_spectra_pm/G395H_F290LP/53122_G395H_F290LP_spectra.fits,/ceph/cephfs/apatrick/P2/jwst_spectra_pm/G395H_F290LP/53122_G395H_F290LP_spectra.png,exists
53171,G235M_F170LP,valentino-cosmos04-v4,valentino-cosmos04-v4_g235m-f170lp_3567_45988.spec.fits,https://s3.amazonaws.com/msaexp-nirspec/extractions/valentino-cosmos04-v4/valentino-cosmos04-v4_g235m-f170lp_3567_45988.spec.fits,/ceph/cephfs/apatrick/P2/jwst_spectra_pm/G235M_F170LP/53171_G235M_F170LP_spectra.fits,/ceph/cephfs/apatrick/P2/jwst_spectra_pm/G235M_F170LP/53171_G235M_F170LP_spectra.png,exists
53417,G235H_F170LP,gto-wide-cos03-v4,gto-wide-cos03-v4_g235h-f170lp_1214_3677.spec.fits,https://s3.amazonaws.com/msaexp-nirspec/extractions/gto-wide-cos03-v4/gto-wide-cos03-v4_g235h-f170lp_1214_3677.spec.fits,/ceph/cephfs/apatrick/P2/jwst_spectra_pm/G235H_F170LP/53417_G235H_F170LP_spectra.fits,/ceph/cephfs/apatrick/P2/jwst_spectra_pm/G235H_F170LP/53417_G235H_F170LP_spectra.png,exists
53417,G395H_F290LP,gto-wide-cos03-v4,gto-wide-cos03-v4_g395h-f290lp_1214_3677.spec.fits,https://s3.amazonaws.com/msaexp-nirspec/extractions/gto-wide-cos03-v4/gto-wide-cos03-v4_g395h-f290lp_1214_3677.spec.fits,/ceph/cephfs/apatrick/P2/jwst_spectra_pm/G395H_F290LP/53417_G395H_F290LP_spectra.fits,/ceph/cephfs/apatrick/P2/jwst_spectra_pm/G395H_F290LP/53417_G395H_F290LP_spectra.png,exists
53569,G395H_F290LP,gto-wide-cos02-v4,gto-wide-cos02-v4_g395h-f290lp_1214_905.spec.fits,https://s3.amazonaws.com/msaexp-nirspec/extractions/gto-wide-cos02-v4/gto-wide-cos02-v4_g395h-f290lp_1214_905.spec.fits,/ceph/cephfs/apatrick/P2/jwst_spectra_pm/G395H_F290LP/53569_G395H_F290LP_spectra.fits,/ceph/cephfs/apatrick/P2/jwst_spectra_pm/G395H_F290LP/53569_G395H_F290LP_spectra.png,exists
53695,G235H_F170LP,gto-wide-cos02-v4,gto-wide-cos02-v4_g235h-f170lp_1214_908.spec.fits,https://s3.amazonaws.com/msaexp-nirspec/extractions/gto-wide-cos02-v4/gto-wide-cos02-v4_g235h-f170lp_1214_908.spec.fits,/ceph/cephfs/apatrick/P2/jwst_spectra_pm/G235H_F170LP/53695_G235H_F170LP_spectra.fits,/ceph/cephfs/apatrick/P2/jwst_spectra_pm/G235H_F170LP/53695_G235H_F170LP_spectra.png,exists
53695,G395H_F290LP,gto-wide-cos02-v4,gto-wide-cos02-v4_g395h-f290lp_1214_908.spec.fits,https://s3.amazonaws.com/msaexp-nirspec/extractions/gto-wide-cos02-v4/gto-wide-cos02-v4_g395h-f290lp_1214_908.spec.fits,/ceph/cephfs/apatrick/P2/jwst_spectra_pm/G395H_F290LP/53695_G395H_F290LP_spectra.fits,/ceph/cephfs/apatrick/P2/jwst_spectra_pm/G395H_F290LP/53695_G395H_F290LP_spectra.png,exists
54019,G235H_F170LP,gto-wide-cos03-v4,gto-wide-cos03-v4_g235h-f170lp_1214_3784.spec.fits,https://s3.amazonaws.com/msaexp-nirspec/extractions/gto-wide-cos03-v4/gto-wide-cos03-v4_g235h-f170lp_1214_3784.spec.fits,/ceph/cephfs/apatrick/P2/jwst_spectra_pm/G235H_F170LP/54019_G235H_F170LP_spectra.fits,/ceph/cephfs/apatrick/P2/jwst_spectra_pm/G235H_F170LP/54019_G235H_F170LP_spectra.png,exists
54317,G235H_F170LP,gto-wide-cos02-v4,gto-wide-cos02-v4_g235h-f170lp_1214_1003.spec.fits,https://s3.amazonaws.com/msaexp-nirspec/extractions/gto-wide-cos02-v4/gto-wide-cos02-v4_g235h-f170lp_1214_1003.spec.fits,/ceph/cephfs/apatrick/P2/jwst_spectra_pm/G235H_F170LP/54317_G235H_F170LP_spectra.fits,/ceph/cephfs/apatrick/P2/jwst_spectra_pm/G235H_F170LP/54317_G235H_F170LP_spectra.png,exists
54317,G395H_F290LP,gto-wide-cos02-v4,gto-wide-cos02-v4_g395h-f290lp_1214_1003.spec.fits,https://s3.amazonaws.com/msaexp-nirspec/extractions/gto-wide-cos02-v4/gto-wide-cos02-v4_g395h-f290lp_1214_1003.spec.fits,/ceph/cephfs/apatrick/P2/jwst_spectra_pm/G395H_F290LP/54317_G395H_F290LP_spectra.fits,/ceph/cephfs/apatrick/P2/jwst_spectra_pm/G395H_F290LP/54317_G395H_F290LP_spectra.png,exists
54440,G235H_F170LP,gto-wide-cos03-v4,gto-wide-cos03-v4_g235h-f170lp_1214_3884.spec.fits,https://s3.amazonaws.com/msaexp-nirspec/extractions/gto-wide-cos03-v4/gto-wide-cos03-v4_g235h-f170lp_1214_3884.spec.fits,/ceph/cephfs/apatrick/P2/jwst_spectra_pm/G235H_F170LP/54440_G235H_F170LP_spectra.fits,/ceph/cephfs/apatrick/P2/jwst_spectra_pm/G235H_F170LP/54440_G235H_F170LP_spectra.png,exists
54890,G235H_F170LP,gto-wide-cos03-v4,gto-wide-cos03-v4_g235h-f170lp_1214_3913.spec.fits,https://s3.amazonaws.com/msaexp-nirspec/extractions/gto-wide-cos03-v4/gto-wide-cos03-v4_g235h-f170lp_1214_3913.spec.fits,/ceph/cephfs/apatrick/P2/jwst_spectra_pm/G235H_F170LP/54890_G235H_F170LP_spectra.fits,/ceph/cephfs/apatrick/P2/jwst_spectra_pm/G235H_F170LP/54890_G235H_F170LP_spectra.png,exists
54890,G395H_F290LP,gto-wide-cos03-v4,gto-wide-cos03-v4_g395h-f290lp_1214_3913.spec.fits,https://s3.amazonaws.com/msaexp-nirspec/extractions/gto-wide-cos03-v4/gto-wide-cos03-v4_g395h-f290lp_1214_3913.spec.fits,/ceph/cephfs/apatrick/P2/jwst_spectra_pm/G395H_F290LP/54890_G395H_F290LP_spectra.fits,/ceph/cephfs/apatrick/P2/jwst_spectra_pm/G395H_F290LP/54890_G395H_F290LP_spectra.png,exists
55001,G235H_F170LP,gto-wide-cos02-v4,gto-wide-cos02-v4_g235h-f170lp_1214_1091.spec.fits,https://s3.amazonaws.com/msaexp-nirspec/extractions/gto-wide-cos02-v4/gto-wide-cos02-v4_g235h-f170lp_1214_1091.spec.fits,/ceph/cephfs/apatrick/P2/jwst_spectra_pm/G235H_F170LP/55001_G235H_F170LP_spectra.fits,/ceph/cephfs/apatrick/P2/jwst_spectra_pm/G235H_F170LP/55001_G235H_F170LP_spectra.png,exists
55001,G395H_F290LP,gto-wide-cos02-v4,gto-wide-cos02-v4_g395h-f290lp_1214_1091.spec.fits,https://s3.amazonaws.com/msaexp-nirspec/extractions/gto-wide-cos02-v4/gto-wide-cos02-v4_g395h-f290lp_1214_1091.spec.fits,/ceph/cephfs/apatrick/P2/jwst_spectra_pm/G395H_F290LP/55001_G395H_F290LP_spectra.fits,/ceph/cephfs/apatrick/P2/jwst_spectra_pm/G395H_F290LP/55001_G395H_F290LP_spectra.png,exists
55120,G235M_F170LP,bluejay-north-v4,bluejay-north-v4_g235m-f170lp_1810_17793.spec.fits,https://s3.amazonaws.com/msaexp-nirspec/extractions/bluejay-north-v4/bluejay-north-v4_g235m-f170lp_1810_17793.spec.fits,/ceph/cephfs/apatrick/P2/jwst_spectra_pm/G235M_F170LP/55120_G235M_F170LP_spectra.fits,/ceph/cephfs/apatrick/P2/jwst_spectra_pm/G235M_F170LP/55120_G235M_F170LP_spectra.png,exists
55120,G395M_F290LP,bluejay-north-v4,bluejay-north-v4_g395m-f290lp_1810_17793.spec.fits,https://s3.amazonaws.com/msaexp-nirspec/extractions/bluejay-north-v4/bluejay-north-v4_g395m-f290lp_1810_17793.spec.fits,/ceph/cephfs/apatrick/P2/jwst_spectra_pm/G395M_F290LP/55120_G395M_F290LP_spectra.fits,/ceph/cephfs/apatrick/P2/jwst_spectra_pm/G395M_F290LP/55120_G395M_F290LP_spectra.png,exists
55154,G235H_F170LP,gto-wide-cos02-v4,gto-wide-cos02-v4_g235h-f170lp_1214_1145.spec.fits,https://s3.amazonaws.com/msaexp-nirspec/extractions/gto-wide-cos02-v4/gto-wide-cos02-v4_g235h-f170lp_1214_1145.spec.fits,/ceph/cephfs/apatrick/P2/jwst_spectra_pm/G235H_F170LP/55154_G235H_F170LP_spectra.fits,/ceph/cephfs/apatrick/P2/jwst_spectra_pm/G235H_F170LP/55154_G235H_F170LP_spectra.png,exists
55154,G395H_F290LP,gto-wide-cos02-v4,gto-wide-cos02-v4_g395h-f290lp_1214_1145.spec.fits,https://s3.amazonaws.com/msaexp-nirspec/extractions/gto-wide-cos02-v4/gto-wide-cos02-v4_g395h-f290lp_1214_1145.spec.fits,/ceph/cephfs/apatrick/P2/jwst_spectra_pm/G395H_F290LP/55154_G395H_F290LP_spectra.fits,/ceph/cephfs/apatrick/P2/jwst_spectra_pm/G395H_F290LP/55154_G395H_F290LP_spectra.png,exists
55296,G235H_F170LP,bluejay2-v4,bluejay2-v4_g235h-f170lp_5427_17842.spec.fits,https://s3.amazonaws.com/msaexp-nirspec/extractions/bluejay2-v4/bluejay2-v4_g235h-f170lp_5427_17842.spec.fits,/ceph/cephfs/apatrick/P2/jwst_spectra_pm/G235H_F170LP/55296_G235H_F170LP_spectra.fits,/ceph/cephfs/apatrick/P2/jwst_spectra_pm/G235H_F170LP/55296_G235H_F170LP_spectra.png,exists
55296,G235M_F170LP,bluejay-north-v4,bluejay-north-v4_g235m-f170lp_1810_17842.spec.fits,https://s3.amazonaws.com/msaexp-nirspec/extractions/bluejay-north-v4/bluejay-north-v4_g235m-f170lp_1810_17842.spec.fits,/ceph/cephfs/apatrick/P2/jwst_spectra_pm/G235M_F170LP/55296_G235M_F170LP_spectra.fits,/ceph/cephfs/apatrick/P2/jwst_spectra_pm/G235M_F170LP/55296_G235M_F170LP_spectra.png,exists
55296,G395H_F290LP,gto-wide-cos02-v4,gto-wide-cos02-v4_g395h-f290lp_1214_1175.spec.fits,https://s3.amazonaws.com/msaexp-nirspec/extractions/gto-wide-cos02-v4/gto-wide-cos02-v4_g395h-f290lp_1214_1175.spec.fits,/ceph/cephfs/apatrick/P2/jwst_spectra_pm/G395H_F290LP/55296_G395H_F290LP_spectra.fits,/ceph/cephfs/apatrick/P2/jwst_spectra_pm/G395H_F290LP/55296_G395H_F290LP_spectra.png,exists
55296,G395M_F290LP,bluejay-north-v4,bluejay-north-v4_g395m-f290lp_1810_17842.spec.fits,https://s3.amazonaws.com/msaexp-nirspec/extractions/bluejay-north-v4/bluejay-north-v4_g395m-f290lp_1810_17842.spec.fits,/ceph/cephfs/apatrick/P2/jwst_spectra_pm/G395M_F290LP/55296_G395M_F290LP_spectra.fits,/ceph/cephfs/apatrick/P2/jwst_spectra_pm/G395M_F290LP/55296_G395M_F290LP_spectra.png,exists
55366,G235H_F170LP,gto-wide-cos03-v4,gto-wide-cos03-v4_g235h-f170lp_1214_3985.spec.fits,https://s3.amazonaws.com/msaexp-nirspec/extractions/gto-wide-cos03-v4/gto-wide-cos03-v4_g235h-f170lp_1214_3985.spec.fits,/ceph/cephfs/apatrick/P2/jwst_spectra_pm/G235H_F170LP/55366_G235H_F170LP_spectra.fits,/ceph/cephfs/apatrick/P2/jwst_spectra_pm/G235H_F170LP/55366_G235H_F170LP_spectra.png,exists
55366,G395H_F290LP,gto-wide-cos03-v4,gto-wide-cos03-v4_g395h-f290lp_1214_3985.spec.fits,https://s3.amazonaws.com/msaexp-nirspec/extractions/gto-wide-cos03-v4/gto-wide-cos03-v4_g395h-f290lp_1214_3985.spec.fits,/ceph/cephfs/apatrick/P2/jwst_spectra_pm/G395H_F290LP/55366_G395H_F290LP_spectra.fits,/ceph/cephfs/apatrick/P2/jwst_spectra_pm/G395H_F290LP/55366_G395H_F290LP_spectra.png,exists
55579,G235M_F170LP,valentino-cosmos04-v4,valentino-cosmos04-v4_g235m-f170lp_3567_48452.spec.fits,https://s3.amazonaws.com/msaexp-nirspec/extractions/valentino-cosmos04-v4/valentino-cosmos04-v4_g235m-f170lp_3567_48452.spec.fits,/ceph/cephfs/apatrick/P2/jwst_spectra_pm/G235M_F170LP/55579_G235M_F170LP_spectra.fits,/ceph/cephfs/apatrick/P2/jwst_spectra_pm/G235M_F170LP/55579_G235M_F170LP_spectra.png,exists
55585,G235H_F170LP,bluejay2-v4,bluejay2-v4_g235h-f170lp_5427_17906.spec.fits,https://s3.amazonaws.com/msaexp-nirspec/extractions/bluejay2-v4/bluejay2-v4_g235h-f170lp_5427_17906.spec.fits,/ceph/cephfs/apatrick/P2/jwst_spectra_pm/G235H_F170LP/55585_G235H_F170LP_spectra.fits,/ceph/cephfs/apatrick/P2/jwst_spectra_pm/G235H_F170LP/55585_G235H_F170LP_spectra.png,downloaded
55585,G235M_F170LP,bluejay-north-v4,bluejay-north-v4_g235m-f170lp_1810_17906.spec.fits,https://s3.amazonaws.com/msaexp-nirspec/extractions/bluejay-north-v4/bluejay-north-v4_g235m-f170lp_1810_17906.spec.fits,/ceph/cephfs/apatrick/P2/jwst_spectra_pm/G235M_F170LP/55585_G235M_F170LP_spectra.fits,/ceph/cephfs/apatrick/P2/jwst_spectra_pm/G235M_F170LP/55585_G235M_F170LP_spectra.png,exists
55585,G395M_F290LP,bluejay-north-v4,bluejay-north-v4_g395m-f290lp_1810_17906.spec.fits,https://s3.amazonaws.com/msaexp-nirspec/extractions/bluejay-north-v4/bluejay-north-v4_g395m-f290lp_1810_17906.spec.fits,/ceph/cephfs/apatrick/P2/jwst_spectra_pm/G395M_F290LP/55585_G395M_F290LP_spectra.fits,/ceph/cephfs/apatrick/P2/jwst_spectra_pm/G395M_F290LP/55585_G395M_F290LP_spectra.png,exists
55850,G235H_F170LP,bluejay2-v4,bluejay2-v4_g235h-f170lp_5427_17954.spec.fits,https://s3.amazonaws.com/msaexp-nirspec/extractions/bluejay2-v4/bluejay2-v4_g235h-f170lp_5427_17954.spec.fits,/ceph/cephfs/apatrick/P2/jwst_spectra_pm/G235H_F170LP/55850_G235H_F170LP_spectra.fits,/ceph/cephfs/apatrick/P2/jwst_spectra_pm/G235H_F170LP/55850_G235H_F170LP_spectra.png,downloaded
55850,G235M_F170LP,bluejay-north-v4,bluejay-north-v4_g235m-f170lp_1810_17954.spec.fits,https://s3.amazonaws.com/msaexp-nirspec/extractions/bluejay-north-v4/bluejay-north-v4_g235m-f170lp_1810_17954.spec.fits,/ceph/cephfs/apatrick/P2/jwst_spectra_pm/G235M_F170LP/55850_G235M_F170LP_spectra.fits,/ceph/cephfs/apatrick/P2/jwst_spectra_pm/G235M_F170LP/55850_G235M_F170LP_spectra.png,exists
55850,G395M_F290LP,bluejay-north-v4,bluejay-north-v4_g395m-f290lp_1810_17954.spec.fits,https://s3.amazonaws.com/msaexp-nirspec/extractions/bluejay-north-v4/bluejay-north-v4_g395m-f290lp_1810_17954.spec.fits,/ceph/cephfs/apatrick/P2/jwst_spectra_pm/G395M_F290LP/55850_G395M_F290LP_spectra.fits,/ceph/cephfs/apatrick/P2/jwst_spectra_pm/G395M_F290LP/55850_G395M_F290LP_spectra.png,exists
55964,G235H_F170LP,gto-wide-cos02-v4,gto-wide-cos02-v4_g235h-f170lp_1214_5811.spec.fits,https://s3.amazonaws.com/msaexp-nirspec/extractions/gto-wide-cos02-v4/gto-wide-cos02-v4_g235h-f170lp_1214_5811.spec.fits,/ceph/cephfs/apatrick/P2/jwst_spectra_pm/G235H_F170LP/55964_G235H_F170LP_spectra.fits,/ceph/cephfs/apatrick/P2/jwst_spectra_pm/G235H_F170LP/55964_G235H_F170LP_spectra.png,exists
56037,G235H_F170LP,gto-wide-cos02-v4,gto-wide-cos02-v4_g235h-f170lp_1214_1302.spec.fits,https://s3.amazonaws.com/msaexp-nirspec/extractions/gto-wide-cos02-v4/gto-wide-cos02-v4_g235h-f170lp_1214_1302.spec.fits,/ceph/cephfs/apatrick/P2/jwst_spectra_pm/G235H_F170LP/56037_G235H_F170LP_spectra.fits,/ceph/cephfs/apatrick/P2/jwst_spectra_pm/G235H_F170LP/56037_G235H_F170LP_spectra.png,exists
56037,G235M_F170LP,valentino-cosmos04-v4,valentino-cosmos04-v4_g235m-f170lp_3567_48500.spec.fits,https://s3.amazonaws.com/msaexp-nirspec/extractions/valentino-cosmos04-v4/valentino-cosmos04-v4_g235m-f170lp_3567_48500.spec.fits,/ceph/cephfs/apatrick/P2/jwst_spectra_pm/G235M_F170LP/56037_G235M_F170LP_spectra.fits,/ceph/cephfs/apatrick/P2/jwst_spectra_pm/G235M_F170LP/56037_G235M_F170LP_spectra.png,exists
56239,G235H_F170LP,bluejay2-v4,bluejay2-v4_g235h-f170lp_5427_18091.spec.fits,https://s3.amazonaws.com/msaexp-nirspec/extractions/bluejay2-v4/bluejay2-v4_g235h-f170lp_5427_18091.spec.fits,/ceph/cephfs/apatrick/P2/jwst_spectra_pm/G235H_F170LP/56239_G235H_F170LP_spectra.fits,/ceph/cephfs/apatrick/P2/jwst_spectra_pm/G235H_F170LP/56239_G235H_F170LP_spectra.png,downloaded
56239,G395H_F290LP,gto-wide-cos02-v4,gto-wide-cos02-v4_g395h-f290lp_1214_1327.spec.fits,https://s3.amazonaws.com/msaexp-nirspec/extractions/gto-wide-cos02-v4/gto-wide-cos02-v4_g395h-f290lp_1214_1327.spec.fits,/ceph/cephfs/apatrick/P2/jwst_spectra_pm/G395H_F290LP/56239_G395H_F290LP_spectra.fits,/ceph/cephfs/apatrick/P2/jwst_spectra_pm/G395H_F290LP/56239_G395H_F290LP_spectra.png,exists
56292,G235H_F170LP,gto-wide-cos03-v4,gto-wide-cos03-v4_g235h-f170lp_1214_4162.spec.fits,https://s3.amazonaws.com/msaexp-nirspec/extractions/gto-wide-cos03-v4/gto-wide-cos03-v4_g235h-f170lp_1214_4162.spec.fits,/ceph/cephfs/apatrick/P2/jwst_spectra_pm/G235H_F170LP/56292_G235H_F170LP_spectra.fits,/ceph/cephfs/apatrick/P2/jwst_spectra_pm/G235H_F170LP/56292_G235H_F170LP_spectra.png,exists
56304,G235M_F170LP,valentino-cosmos04-v4,valentino-cosmos04-v4_g235m-f170lp_3567_48941.spec.fits,https://s3.amazonaws.com/msaexp-nirspec/extractions/valentino-cosmos04-v4/valentino-cosmos04-v4_g235m-f170lp_3567_48941.spec.fits,/ceph/cephfs/apatrick/P2/jwst_spectra_pm/G235M_F170LP/56304_G235M_F170LP_spectra.fits,/ceph/cephfs/apatrick/P2/jwst_spectra_pm/G235M_F170LP/56304_G235M_F170LP_spectra.png,exists
56943,G235H_F170LP,gto-wide-cos03-v4,gto-wide-cos03-v4_g235h-f170lp_1214_4217.spec.fits,https://s3.amazonaws.com/msaexp-nirspec/extractions/gto-wide-cos03-v4/gto-wide-cos03-v4_g235h-f170lp_1214_4217.spec.fits,/ceph/cephfs/apatrick/P2/jwst_spectra_pm/G235H_F170LP/56943_G235H_F170LP_spectra.fits,/ceph/cephfs/apatrick/P2/jwst_spectra_pm/G235H_F170LP/56943_G235H_F170LP_spectra.png,exists
56943,G395H_F290LP,gto-wide-cos03-v4,gto-wide-cos03-v4_g395h-f290lp_1214_4217.spec.fits,https://s3.amazonaws.com/msaexp-nirspec/extractions/gto-wide-cos03-v4/gto-wide-cos03-v4_g395h-f290lp_1214_4217.spec.fits,/ceph/cephfs/apatrick/P2/jwst_spectra_pm/G395H_F290LP/56943_G395H_F290LP_spectra.fits,/ceph/cephfs/apatrick/P2/jwst_spectra_pm/G395H_F290LP/56943_G395H_F290LP_spectra.png,exists
57124,G235H_F170LP,gto-wide-cos02-v4,gto-wide-cos02-v4_g235h-f170lp_1214_6241.spec.fits,https://s3.amazonaws.com/msaexp-nirspec/extractions/gto-wide-cos02-v4/gto-wide-cos02-v4_g235h-f170lp_1214_6241.spec.fits,/ceph/cephfs/apatrick/P2/jwst_spectra_pm/G235H_F170LP/57124_G235H_F170LP_spectra.fits,/ceph/cephfs/apatrick/P2/jwst_spectra_pm/G235H_F170LP/57124_G235H_F170LP_spectra.png,exists
57124,G395H_F290LP,gto-wide-cos02-v4,gto-wide-cos02-v4_g395h-f290lp_1214_6241.spec.fits,https://s3.amazonaws.com/msaexp-nirspec/extractions/gto-wide-cos02-v4/gto-wide-cos02-v4_g395h-f290lp_1214_6241.spec.fits,/ceph/cephfs/apatrick/P2/jwst_spectra_pm/G395H_F290LP/57124_G395H_F290LP_spectra.fits,/ceph/cephfs/apatrick/P2/jwst_spectra_pm/G395H_F290LP/57124_G395H_F290LP_spectra.png,exists
57799,G235H_F170LP,bluejay2-v4,bluejay2-v4_g235h-f170lp_5427_18482.spec.fits,https://s3.amazonaws.com/msaexp-nirspec/extractions/bluejay2-v4/bluejay2-v4_g235h-f170lp_5427_18482.spec.fits,/ceph/cephfs/apatrick/P2/jwst_spectra_pm/G235H_F170LP/57799_G235H_F170LP_spectra.fits,/ceph/cephfs/apatrick/P2/jwst_spectra_pm/G235H_F170LP/57799_G235H_F170LP_spectra.png,downloaded
57806,G235M_F170LP,valentino-cosmos04-v4,valentino-cosmos04-v4_g235m-f170lp_3567_50221.spec.fits,https://s3.amazonaws.com/msaexp-nirspec/extractions/valentino-cosmos04-v4/valentino-cosmos04-v4_g235m-f170lp_3567_50221.spec.fits,/ceph/cephfs/apatrick/P2/jwst_spectra_pm/G235M_F170LP/57806_G235M_F170LP_spectra.fits,/ceph/cephfs/apatrick/P2/jwst_spectra_pm/G235M_F170LP/57806_G235M_F170LP_spectra.png,exists
57866,G235M_F170LP,valentino-cosmos04-v4,valentino-cosmos04-v4_g235m-f170lp_3567_50324.spec.fits,https://s3.amazonaws.com/msaexp-nirspec/extractions/valentino-cosmos04-v4/valentino-cosmos04-v4_g235m-f170lp_3567_50324.spec.fits,/ceph/cephfs/apatrick/P2/jwst_spectra_pm/G235M_F170LP/57866_G235M_F170LP_spectra.fits,/ceph/cephfs/apatrick/P2/jwst_spectra_pm/G235M_F170LP/57866_G235M_F170LP_spectra.png,exists
57869,G235H_F170LP,bluejay2-v4,bluejay2-v4_g235h-f170lp_5427_18482.spec.fits,https://s3.amazonaws.com/msaexp-nirspec/extractions/bluejay2-v4/bluejay2-v4_g235h-f170lp_5427_18482.spec.fits,/ceph/cephfs/apatrick/P2/jwst_spectra_pm/G235H_F170LP/57869_G235H_F170LP_spectra.fits,/ceph/cephfs/apatrick/P2/jwst_spectra_pm/G235H_F170LP/57869_G235H_F170LP_spectra.png,copied
58049,G235M_F170LP,valentino-cosmos04-v4,valentino-cosmos04-v4_g235m-f170lp_3567_50324.spec.fits,https://s3.amazonaws.com/msaexp-nirspec/extractions/valentino-cosmos04-v4/valentino-cosmos04-v4_g235m-f170lp_3567_50324.spec.fits,/ceph/cephfs/apatrick/P2/jwst_spectra_pm/G235M_F170LP/58049_G235M_F170LP_spectra.fits,/ceph/cephfs/apatrick/P2/jwst_spectra_pm/G235M_F170LP/58049_G235M_F170LP_spectra.png,exists
58144,G235H_F170LP,gto-wide-cos03-v4,gto-wide-cos03-v4_g235h-f170lp_1214_4342.spec.fits,https://s3.amazonaws.com/msaexp-nirspec/extractions/gto-wide-cos03-v4/gto-wide-cos03-v4_g235h-f170lp_1214_4342.spec.fits,/ceph/cephfs/apatrick/P2/jwst_spectra_pm/G235H_F170LP/58144_G235H_F170LP_spectra.fits,/ceph/cephfs/apatrick/P2/jwst_spectra_pm/G235H_F170LP/58144_G235H_F170LP_spectra.png,exists
58164,G235H_F170LP,gto-wide-cos03-v4,gto-wide-cos03-v4_g235h-f170lp_1214_4377.spec.fits,https://s3.amazonaws.com/msaexp-nirspec/extractions/gto-wide-cos03-v4/gto-wide-cos03-v4_g235h-f170lp_1214_4377.spec.fits,/ceph/cephfs/apatrick/P2/jwst_spectra_pm/G235H_F170LP/58164_G235H_F170LP_spectra.fits,/ceph/cephfs/apatrick/P2/jwst_spectra_pm/G235H_F170LP/58164_G235H_F170LP_spectra.png,exists
58169,G235H_F170LP,gto-wide-cos03-v4,gto-wide-cos03-v4_g235h-f170lp_1214_4342.spec.fits,https://s3.amazonaws.com/msaexp-nirspec/extractions/gto-wide-cos03-v4/gto-wide-cos03-v4_g235h-f170lp_1214_4342.spec.fits,/ceph/cephfs/apatrick/P2/jwst_spectra_pm/G235H_F170LP/58169_G235H_F170LP_spectra.fits,/ceph/cephfs/apatrick/P2/jwst_spectra_pm/G235H_F170LP/58169_G235H_F170LP_spectra.png,exists
58178,G235H_F170LP,gto-wide-cos03-v4,gto-wide-cos03-v4_g235h-f170lp_1214_4342.spec.fits,https://s3.amazonaws.com/msaexp-nirspec/extractions/gto-wide-cos03-v4/gto-wide-cos03-v4_g235h-f170lp_1214_4342.spec.fits,/ceph/cephfs/apatrick/P2/jwst_spectra_pm/G235H_F170LP/58178_G235H_F170LP_spectra.fits,/ceph/cephfs/apatrick/P2/jwst_spectra_pm/G235H_F170LP/58178_G235H_F170LP_spectra.png,exists
58451,G235H_F170LP,bluejay2-v4,bluejay2-v4_g235h-f170lp_5427_18653.spec.fits,https://s3.amazonaws.com/msaexp-nirspec/extractions/bluejay2-v4/bluejay2-v4_g235h-f170lp_5427_18653.spec.fits,/ceph/cephfs/apatrick/P2/jwst_spectra_pm/G235H_F170LP/58451_G235H_F170LP_spectra.fits,/ceph/cephfs/apatrick/P2/jwst_spectra_pm/G235H_F170LP/58451_G235H_F170LP_spectra.png,downloaded
58451,G235M_F170LP,bluejay-north-v4,bluejay-north-v4_g235m-f170lp_1810_18653.spec.fits,https://s3.amazonaws.com/msaexp-nirspec/extractions/bluejay-north-v4/bluejay-north-v4_g235m-f170lp_1810_18653.spec.fits,/ceph/cephfs/apatrick/P2/jwst_spectra_pm/G235M_F170LP/58451_G235M_F170LP_spectra.fits,/ceph/cephfs/apatrick/P2/jwst_spectra_pm/G235M_F170LP/58451_G235M_F170LP_spectra.png,exists
58451,G395M_F290LP,bluejay-north-v4,bluejay-north-v4_g395m-f290lp_1810_18653.spec.fits,https://s3.amazonaws.com/msaexp-nirspec/extractions/bluejay-north-v4/bluejay-north-v4_g395m-f290lp_1810_18653.spec.fits,/ceph/cephfs/apatrick/P2/jwst_spectra_pm/G395M_F290LP/58451_G395M_F290LP_spectra.fits,/ceph/cephfs/apatrick/P2/jwst_spectra_pm/G395M_F290LP/58451_G395M_F290LP_spectra.png,exists
59307,G235M_F170LP,valentino-cosmos04-v4,valentino-cosmos04-v4_g235m-f170lp_3567_51510.spec.fits,https://s3.amazonaws.com/msaexp-nirspec/extractions/valentino-cosmos04-v4/valentino-cosmos04-v4_g235m-f170lp_3567_51510.spec.fits,/ceph/cephfs/apatrick/P2/jwst_spectra_pm/G235M_F170LP/59307_G235M_F170LP_spectra.fits,/ceph/cephfs/apatrick/P2/jwst_spectra_pm/G235M_F170LP/59307_G235M_F170LP_spectra.png,exists
59323,G235H_F170LP,bluejay2-v4,bluejay2-v4_g235h-f170lp_5427_18968.spec.fits,https://s3.amazonaws.com/msaexp-nirspec/extractions/bluejay2-v4/bluejay2-v4_g235h-f170lp_5427_18968.spec.fits,/ceph/cephfs/apatrick/P2/jwst_spectra_pm/G235H_F170LP/59323_G235H_F170LP_spectra.fits,/ceph/cephfs/apatrick/P2/jwst_spectra_pm/G235H_F170LP/59323_G235H_F170LP_spectra.png,downloaded
59323,G235M_F170LP,bluejay-north-v4,bluejay-north-v4_g235m-f170lp_1810_18968.spec.fits,https://s3.amazonaws.com/msaexp-nirspec/extractions/bluejay-north-v4/bluejay-north-v4_g235m-f170lp_1810_18968.spec.fits,/ceph/cephfs/apatrick/P2/jwst_spectra_pm/G235M_F170LP/59323_G235M_F170LP_spectra.fits,/ceph/cephfs/apatrick/P2/jwst_spectra_pm/G235M_F170LP/59323_G235M_F170LP_spectra.png,exists
59323,G395M_F290LP,bluejay-north-v4,bluejay-north-v4_g395m-f290lp_1810_18968.spec.fits,https://s3.amazonaws.com/msaexp-nirspec/extractions/bluejay-north-v4/bluejay-north-v4_g395m-f290lp_1810_18968.spec.fits,/ceph/cephfs/apatrick/P2/jwst_spectra_pm/G395M_F290LP/59323_G395M_F290LP_spectra.fits,/ceph/cephfs/apatrick/P2/jwst_spectra_pm/G395M_F290LP/59323_G395M_F290LP_spectra.png,exists
59428,G235H_F170LP,bluejay2-v4,bluejay2-v4_g235h-f170lp_5427_18943.spec.fits,https://s3.amazonaws.com/msaexp-nirspec/extractions/bluejay2-v4/bluejay2-v4_g235h-f170lp_5427_18943.spec.fits,/ceph/cephfs/apatrick/P2/jwst_spectra_pm/G235H_F170LP/59428_G235H_F170LP_spectra.fits,/ceph/cephfs/apatrick/P2/jwst_spectra_pm/G235H_F170LP/59428_G235H_F170LP_spectra.png,downloaded
59428,G235M_F170LP,bluejay-north-v4,bluejay-north-v4_g235m-f170lp_1810_18943.spec.fits,https://s3.amazonaws.com/msaexp-nirspec/extractions/bluejay-north-v4/bluejay-north-v4_g235m-f170lp_1810_18943.spec.fits,/ceph/cephfs/apatrick/P2/jwst_spectra_pm/G235M_F170LP/59428_G235M_F170LP_spectra.fits,/ceph/cephfs/apatrick/P2/jwst_spectra_pm/G235M_F170LP/59428_G235M_F170LP_spectra.png,exists
59617,G235H_F170LP,gto-wide-cos03-v4,gto-wide-cos03-v4_g235h-f170lp_1214_4522.spec.fits,https://s3.amazonaws.com/msaexp-nirspec/extractions/gto-wide-cos03-v4/gto-wide-cos03-v4_g235h-f170lp_1214_4522.spec.fits,/ceph/cephfs/apatrick/P2/jwst_spectra_pm/G235H_F170LP/59617_G235H_F170LP_spectra.fits,/ceph/cephfs/apatrick/P2/jwst_spectra_pm/G235H_F170LP/59617_G235H_F170LP_spectra.png,exists
59658,G235H_F170LP,gto-wide-cos03-v4,gto-wide-cos03-v4_g235h-f170lp_1214_4540.spec.fits,https://s3.amazonaws.com/msaexp-nirspec/extractions/gto-wide-cos03-v4/gto-wide-cos03-v4_g235h-f170lp_1214_4540.spec.fits,/ceph/cephfs/apatrick/P2/jwst_spectra_pm/G235H_F170LP/59658_G235H_F170LP_spectra.fits,/ceph/cephfs/apatrick/P2/jwst_spectra_pm/G235H_F170LP/59658_G235H_F170LP_spectra.png,exists
59853,G235H_F170LP,gto-wide-cos02-v4,gto-wide-cos02-v4_g235h-f170lp_1214_1917.spec.fits,https://s3.amazonaws.com/msaexp-nirspec/extractions/gto-wide-cos02-v4/gto-wide-cos02-v4_g235h-f170lp_1214_1917.spec.fits,/ceph/cephfs/apatrick/P2/jwst_spectra_pm/G235H_F170LP/59853_G235H_F170LP_spectra.fits,/ceph/cephfs/apatrick/P2/jwst_spectra_pm/G235H_F170LP/59853_G235H_F170LP_spectra.png,exists
59853,G395H_F290LP,gto-wide-cos02-v4,gto-wide-cos02-v4_g395h-f290lp_1214_1917.spec.fits,https://s3.amazonaws.com/msaexp-nirspec/extractions/gto-wide-cos02-v4/gto-wide-cos02-v4_g395h-f290lp_1214_1917.spec.fits,/ceph/cephfs/apatrick/P2/jwst_spectra_pm/G395H_F290LP/59853_G395H_F290LP_spectra.fits,/ceph/cephfs/apatrick/P2/jwst_spectra_pm/G395H_F290LP/59853_G395H_F290LP_spectra.png,exists
60429,G235H_F170LP,gto-wide-cos02-v4,gto-wide-cos02-v4_g235h-f170lp_1214_2058.spec.fits,https://s3.amazonaws.com/msaexp-nirspec/extractions/gto-wide-cos02-v4/gto-wide-cos02-v4_g235h-f170lp_1214_2058.spec.fits,/ceph/cephfs/apatrick/P2/jwst_spectra_pm/G235H_F170LP/60429_G235H_F170LP_spectra.fits,/ceph/cephfs/apatrick/P2/jwst_spectra_pm/G235H_F170LP/60429_G235H_F170LP_spectra.png,exists
60480,G235H_F170LP,bluejay2-v4,bluejay2-v4_g235h-f170lp_5427_19342.spec.fits,https://s3.amazonaws.com/msaexp-nirspec/extractions/bluejay2-v4/bluejay2-v4_g235h-f170lp_5427_19342.spec.fits,/ceph/cephfs/apatrick/P2/jwst_spectra_pm/G235H_F170LP/60480_G235H_F170LP_spectra.fits,/ceph/cephfs/apatrick/P2/jwst_spectra_pm/G235H_F170LP/60480_G235H_F170LP_spectra.png,downloaded
60480,G235M_F170LP,bluejay-north-v4,bluejay-north-v4_g235m-f170lp_1810_19342.spec.fits,https://s3.amazonaws.com/msaexp-nirspec/extractions/bluejay-north-v4/bluejay-north-v4_g235m-f170lp_1810_19342.spec.fits,/ceph/cephfs/apatrick/P2/jwst_spectra_pm/G235M_F170LP/60480_G235M_F170LP_spectra.fits,/ceph/cephfs/apatrick/P2/jwst_spectra_pm/G235M_F170LP/60480_G235M_F170LP_spectra.png,exists
60480,G395M_F290LP,bluejay-north-v4,bluejay-north-v4_g395m-f290lp_1810_19342.spec.fits,https://s3.amazonaws.com/msaexp-nirspec/extractions/bluejay-north-v4/bluejay-north-v4_g395m-f290lp_1810_19342.spec.fits,/ceph/cephfs/apatrick/P2/jwst_spectra_pm/G395M_F290LP/60480_G395M_F290LP_spectra.fits,/ceph/cephfs/apatrick/P2/jwst_spectra_pm/G395M_F290LP/60480_G395M_F290LP_spectra.png,exists
60484,G235H_F170LP,gto-wide-cos02-v4,gto-wide-cos02-v4_g235h-f170lp_1214_2042.spec.fits,https://s3.amazonaws.com/msaexp-nirspec/extractions/gto-wide-cos02-v4/gto-wide-cos02-v4_g235h-f170lp_1214_2042.spec.fits,/ceph/cephfs/apatrick/P2/jwst_spectra_pm/G235H_F170LP/60484_G235H_F170LP_spectra.fits,/ceph/cephfs/apatrick/P2/jwst_spectra_pm/G235H_F170LP/60484_G235H_F170LP_spectra.png,exists
60484,G395H_F290LP,gto-wide-cos02-v4,gto-wide-cos02-v4_g395h-f290lp_1214_2042.spec.fits,https://s3.amazonaws.com/msaexp-nirspec/extractions/gto-wide-cos02-v4/gto-wide-cos02-v4_g395h-f290lp_1214_2042.spec.fits,/ceph/cephfs/apatrick/P2/jwst_spectra_pm/G395H_F290LP/60484_G395H_F290LP_spectra.fits,/ceph/cephfs/apatrick/P2/jwst_spectra_pm/G395H_F290LP/60484_G395H_F290LP_spectra.png,exists
60600,G235M_F170LP,bluejay-north-v4,bluejay-north-v4_g235m-f170lp_1810_19307.spec.fits,https://s3.amazonaws.com/msaexp-nirspec/extractions/bluejay-north-v4/bluejay-north-v4_g235m-f170lp_1810_19307.spec.fits,/ceph/cephfs/apatrick/P2/jwst_spectra_pm/G235M_F170LP/60600_G235M_F170LP_spectra.fits,/ceph/cephfs/apatrick/P2/jwst_spectra_pm/G235M_F170LP/60600_G235M_F170LP_spectra.png,exists
60600,G395M_F290LP,bluejay-north-v4,bluejay-north-v4_g395m-f290lp_1810_19307.spec.fits,https://s3.amazonaws.com/msaexp-nirspec/extractions/bluejay-north-v4/bluejay-north-v4_g395m-f290lp_1810_19307.spec.fits,/ceph/cephfs/apatrick/P2/jwst_spectra_pm/G395M_F290LP/60600_G395M_F290LP_spectra.fits,/ceph/cephfs/apatrick/P2/jwst_spectra_pm/G395M_F290LP/60600_G395M_F290LP_spectra.png,exists
61302,G235H_F170LP,gto-wide-cos03-v4,gto-wide-cos03-v4_g235h-f170lp_1214_7167.spec.fits,https://s3.amazonaws.com/msaexp-nirspec/extractions/gto-wide-cos03-v4/gto-wide-cos03-v4_g235h-f170lp_1214_7167.spec.fits,/ceph/cephfs/apatrick/P2/jwst_spectra_pm/G235H_F170LP/61302_G235H_F170LP_spectra.fits,/ceph/cephfs/apatrick/P2/jwst_spectra_pm/G235H_F170LP/61302_G235H_F170LP_spectra.png,exists
61302,G395H_F290LP,gto-wide-cos03-v4,gto-wide-cos03-v4_g395h-f290lp_1214_7167.spec.fits,https://s3.amazonaws.com/msaexp-nirspec/extractions/gto-wide-cos03-v4/gto-wide-cos03-v4_g395h-f290lp_1214_7167.spec.fits,/ceph/cephfs/apatrick/P2/jwst_spectra_pm/G395H_F290LP/61302_G395H_F290LP_spectra.fits,/ceph/cephfs/apatrick/P2/jwst_spectra_pm/G395H_F290LP/61302_G395H_F290LP_spectra.png,exists
61434,G235H_F170LP,gto-wide-cos02-v4,gto-wide-cos02-v4_g235h-f170lp_1214_2262.spec.fits,https://s3.amazonaws.com/msaexp-nirspec/extractions/gto-wide-cos02-v4/gto-wide-cos02-v4_g235h-f170lp_1214_2262.spec.fits,/ceph/cephfs/apatrick/P2/jwst_spectra_pm/G235H_F170LP/61434_G235H_F170LP_spectra.fits,/ceph/cephfs/apatrick/P2/jwst_spectra_pm/G235H_F170LP/61434_G235H_F170LP_spectra.png,exists
61434,G395H_F290LP,gto-wide-cos02-v4,gto-wide-cos02-v4_g395h-f290lp_1214_2262.spec.fits,https://s3.amazonaws.com/msaexp-nirspec/extractions/gto-wide-cos02-v4/gto-wide-cos02-v4_g395h-f290lp_1214_2262.spec.fits,/ceph/cephfs/apatrick/P2/jwst_spectra_pm/G395H_F290LP/61434_G395H_F290LP_spectra.fits,/ceph/cephfs/apatrick/P2/jwst_spectra_pm/G395H_F290LP/61434_G395H_F290LP_spectra.png,exists
61549,G235M_F170LP,valentino-cosmos04-v4,valentino-cosmos04-v4_g235m-f170lp_3567_53940.spec.fits,https://s3.amazonaws.com/msaexp-nirspec/extractions/valentino-cosmos04-v4/valentino-cosmos04-v4_g235m-f170lp_3567_53940.spec.fits,/ceph/cephfs/apatrick/P2/jwst_spectra_pm/G235M_F170LP/61549_G235M_F170LP_spectra.fits,/ceph/cephfs/apatrick/P2/jwst_spectra_pm/G235M_F170LP/61549_G235M_F170LP_spectra.png,exists
63316,G235M_F170LP,valentino-cosmos04-v4,valentino-cosmos04-v4_g235m-f170lp_3567_55883.spec.fits,https://s3.amazonaws.com/msaexp-nirspec/extractions/valentino-cosmos04-v4/valentino-cosmos04-v4_g235m-f170lp_3567_55883.spec.fits,/ceph/cephfs/apatrick/P2/jwst_spectra_pm/G235M_F170LP/63316_G235M_F170LP_spectra.fits,/ceph/cephfs/apatrick/P2/jwst_spectra_pm/G235M_F170LP/63316_G235M_F170LP_spectra.png,exists
64186,G235M_F170LP,valentino-cosmos04-v4,valentino-cosmos04-v4_g235m-f170lp_3567_56821.spec.fits,https://s3.amazonaws.com/msaexp-nirspec/extractions/valentino-cosmos04-v4/valentino-cosmos04-v4_g235m-f170lp_3567_56821.spec.fits,/ceph/cephfs/apatrick/P2/jwst_spectra_pm/G235M_F170LP/64186_G235M_F170LP_spectra.fits,/ceph/cephfs/apatrick/P2/jwst_spectra_pm/G235M_F170LP/64186_G235M_F170LP_spectra.png,exists
64265,G235M_F170LP,valentino-cosmos04-v4,valentino-cosmos04-v4_g235m-f170lp_3567_56988.spec.fits,https://s3.amazonaws.com/msaexp-nirspec/extractions/valentino-cosmos04-v4/valentino-cosmos04-v4_g235m-f170lp_3567_56988.spec.fits,/ceph/cephfs/apatrick/P2/jwst_spectra_pm/G235M_F170LP/64265_G235M_F170LP_spectra.fits,/ceph/cephfs/apatrick/P2/jwst_spectra_pm/G235M_F170LP/64265_G235M_F170LP_spectra.png,exists
65593,G235M_F170LP,bluejay-north-v4,bluejay-north-v4_g235m-f170lp_1810_20852.spec.fits,https://s3.amazonaws.com/msaexp-nirspec/extractions/bluejay-north-v4/bluejay-north-v4_g235m-f170lp_1810_20852.spec.fits,/ceph/cephfs/apatrick/P2/jwst_spectra_pm/G235M_F170LP/65593_G235M_F170LP_spectra.fits,/ceph/cephfs/apatrick/P2/jwst_spectra_pm/G235M_F170LP/65593_G235M_F170LP_spectra.png,exists
65593,G395M_F290LP,bluejay-north-v4,bluejay-north-v4_g395m-f290lp_1810_20852.spec.fits,https://s3.amazonaws.com/msaexp-nirspec/extractions/bluejay-north-v4/bluejay-north-v4_g395m-f290lp_1810_20852.spec.fits,/ceph/cephfs/apatrick/P2/jwst_spectra_pm/G395M_F290LP/65593_G395M_F290LP_spectra.fits,/ceph/cephfs/apatrick/P2/jwst_spectra_pm/G395M_F290LP/65593_G395M_F290LP_spectra.png,exists
65863,G235M_F170LP,valentino-cosmos04-v4,valentino-cosmos04-v4_g235m-f170lp_3567_58463.spec.fits,https://s3.amazonaws.com/msaexp-nirspec/extractions/valentino-cosmos04-v4/valentino-cosmos04-v4_g235m-f170lp_3567_58463.spec.fits,/ceph/cephfs/apatrick/P2/jwst_spectra_pm/G235M_F170LP/65863_G235M_F170LP_spectra.fits,/ceph/cephfs/apatrick/P2/jwst_spectra_pm/G235M_F170LP/65863_G235M_F170LP_spectra.png,exists
66897,G235M_F170LP,valentino-cosmos04-v4,valentino-cosmos04-v4_g235m-f170lp_3567_59487.spec.fits,https://s3.amazonaws.com/msaexp-nirspec/extractions/valentino-cosmos04-v4/valentino-cosmos04-v4_g235m-f170lp_3567_59487.spec.fits,/ceph/cephfs/apatrick/P2/jwst_spectra_pm/G235M_F170LP/66897_G235M_F170LP_spectra.fits,/ceph/cephfs/apatrick/P2/jwst_spectra_pm/G235M_F170LP/66897_G235M_F170LP_spectra.png,exists
67249,G235M_F170LP,valentino-cosmos04-v4,valentino-cosmos04-v4_g235m-f170lp_3567_59887.spec.fits,https://s3.amazonaws.com/msaexp-nirspec/extractions/valentino-cosmos04-v4/valentino-cosmos04-v4_g235m-f170lp_3567_59887.spec.fits,/ceph/cephfs/apatrick/P2/jwst_spectra_pm/G235M_F170LP/67249_G235M_F170LP_spectra.fits,/ceph/cephfs/apatrick/P2/jwst_spectra_pm/G235M_F170LP/67249_G235M_F170LP_spectra.png,exists
67456,G235H_F170LP,gto-wide-cos02-v4,gto-wide-cos02-v4_g235h-f170lp_1214_3340.spec.fits,https://s3.amazonaws.com/msaexp-nirspec/extractions/gto-wide-cos02-v4/gto-wide-cos02-v4_g235h-f170lp_1214_3340.spec.fits,/ceph/cephfs/apatrick/P2/jwst_spectra_pm/G235H_F170LP/67456_G235H_F170LP_spectra.fits,/ceph/cephfs/apatrick/P2/jwst_spectra_pm/G235H_F170LP/67456_G235H_F170LP_spectra.png,exists
67456,G235M_F170LP,valentino-cosmos04-v4,valentino-cosmos04-v4_g235m-f170lp_3567_60098.spec.fits,https://s3.amazonaws.com/msaexp-nirspec/extractions/valentino-cosmos04-v4/valentino-cosmos04-v4_g235m-f170lp_3567_60098.spec.fits,/ceph/cephfs/apatrick/P2/jwst_spectra_pm/G235M_F170LP/67456_G235M_F170LP_spectra.fits,/ceph/cephfs/apatrick/P2/jwst_spectra_pm/G235M_F170LP/67456_G235M_F170LP_spectra.png,exists
67456,G395H_F290LP,gto-wide-cos02-v4,gto-wide-cos02-v4_g395h-f290lp_1214_3340.spec.fits,https://s3.amazonaws.com/msaexp-nirspec/extractions/gto-wide-cos02-v4/gto-wide-cos02-v4_g395h-f290lp_1214_3340.spec.fits,/ceph/cephfs/apatrick/P2/jwst_spectra_pm/G395H_F290LP/67456_G395H_F290LP_spectra.fits,/ceph/cephfs/apatrick/P2/jwst_spectra_pm/G395H_F290LP/67456_G395H_F290LP_spectra.png,exists
