ra,dec,z_av
150.08847860813577,2.375384920673156,3.4167
150.08774994293998,2.376876256138676,3.4167
150.08574584515202,2.3737311065227495,3.4167
150.08899778018244,2.3765285144387054,3.4167
150.0855891371062,2.375109871599331,3.4167
150.0843604256465,2.3752570141867313,3.4167
150.08852060972325,2.374578434150233,3.4167
150.08899794865374,2.3725843088797864,3.4167
150.08834129528944,2.376551665929491,3.4167
150.08850500522158,2.377186601687524,3.4167
150.08552765496947,2.3766187470366495,3.4167
150.08464841092263,2.3759647984292913,3.4167
150.0872190794101,2.3765151176233017,3.4167
150.08764813267254,2.3768142996959156,3.4167
150.08486684981239,2.3752355612818126,3.4167
150.08776629186067,2.373606040519919,3.4167
150.08719524856383,2.376780199438241,3.4167
150.08908232526318,2.3745061603949225,3.4167
150.08889441349027,2.3762544889550954,3.4167
150.08516317450736,2.376616493242322,3.4167
150.08532737236862,2.375665515524434,3.4167
150.08891128493264,2.376241423639934,3.4167
150.08775200500486,2.3730552065801547,3.4167
150.08740995254166,2.37704648243714,3.4167
150.08567113676827,2.3768171737241253,3.4167
150.08786928176684,2.3728775300606686,3.4167
150.0860798397377,2.3735388988653128,3.4167
150.08745564718438,2.3764774374938495,3.4167
150.08504330953585,2.3774222031071734,3.4167
150.08822114128606,2.376124734777417,3.4167
150.0864314152587,2.37665290864174,3.4167
150.0844651826296,2.373420941111115,3.4167
150.0843812300558,2.3738593208312486,3.4167
150.08796745825094,2.3761658585487875,3.4167
150.08789143867585,2.373909623704342,3.4167
150.08467280792487,2.37422159197458,3.4167
150.08692932976655,2.373598345035849,3.4167
150.08783124065124,2.3732664128310077,3.4167
150.0878958538545,2.375344742416868,3.4167
150.08590773097103,2.3736566963571635,3.4167
150.089075115432,2.373392450455346,3.4167
150.08440209450066,2.377127137790058,3.4167
150.08769470750434,2.3773301004005187,3.4167
150.0889842304385,2.3761308684452924,3.4167
150.08915509107314,2.3731093050391134,3.4167
150.0880214471256,2.3771838154905747,3.4167
150.0843129819176,2.3732896845557407,3.4167
150.08880669701682,2.3733657327991136,3.4167
150.08720826270007,2.372515491721353,3.4167
150.08535257003334,2.374043251186065,3.4167
150.08666807355183,2.3731683326746276,3.4167
150.08436624127538,2.377175078528641,3.4167
150.08554798970684,2.3770709450702854,3.4167
150.08784669661384,2.373424891652283,3.4167
150.0855839022422,2.3735789244888803,3.4167
150.08763115425396,2.3763991053100155,3.4167
150.08789626195397,2.377434318597125,3.4167
150.08727601573077,2.3734476033891325,3.4167
150.08703319599994,2.377423232305667,3.4167
150.0886220790174,2.3739829401536205,3.4167
150.08540787394557,2.3760000813067617,3.4167
150.0888660489613,2.3765780972700394,3.4167
150.08657425364234,2.3774598076532563,3.4167
150.0890399036578,2.3772774689508207,3.4167
150.0857399063485,2.372464465613108,3.4167
150.08552450899003,2.375616527784589,3.4167
150.0859426706212,2.377412526528307,3.4167
150.08854896404844,2.3737646595152797,3.4167
150.08673468890441,2.3736088231699184,3.4167
150.0879075876129,2.3762443231689443,3.4167
150.08440350872266,2.375031174254604,3.4167
150.0850100810303,2.3745940566203396,3.4167
150.08755253801337,2.377419470397212,3.4167
150.08641847499388,2.3726568120258906,3.4167
150.08815393341942,2.3726103980854694,3.4167
150.08814414039526,2.374503635949734,3.4167
150.08877831933506,2.375948190489101,3.4167
150.0887799492145,2.3744029609647104,3.4167
150.08492665416705,2.374145301946357,3.4167
150.08519743092862,2.376295637999954,3.4167
150.08871035599077,2.3730530920339215,3.4167
150.08573230879372,2.372687044538009,3.4167
150.084799260691,2.377065392865662,3.4167
150.08800222495205,2.376991622713461,3.4167
150.08857763084603,2.3767329942954305,3.4167
150.08461566713706,2.3765945179162546,3.4167
150.08474126702143,2.3738806213511157,3.4167
150.0882898303295,2.3734069178117903,3.4167
150.08798229539786,2.374687435326992,3.4167
150.0854699624058,2.375127754187164,3.4167
150.08478737901888,2.373131918231412,3.4167
150.08437290885718,2.3768859619809395,3.4167
150.08724917746238,2.3763842503775705,3.4167
150.08595626681307,2.3729215905670547,3.4167
150.08720560575583,2.3768355730792714,3.4167
150.08809598238958,2.3752025946162667,3.4167
150.08787292941983,2.372811732485298,3.4167
150.08904497865925,2.3764029359038,3.4167
150.08888135980547,2.373712720755547,3.4167
150.08855085901232,2.3769085567084076,3.4167
150.08852522959398,2.3741554330008388,3.4167
150.08747270895935,2.3737541629642323,3.4167
150.0852550201546,2.374426949186691,3.4167
150.0846752453432,2.3743162688923243,3.4167
150.08882413194513,2.373824127134261,3.4167
150.08707258415257,2.373835857390884,3.4167
150.08760789865156,2.376315460299391,3.4167
150.08564378418032,2.3736556246246368,3.4167
150.08920804204428,2.3772989205684896,3.4167
150.08840891514714,2.3734541094164525,3.4167
150.08752909950985,2.373454525768071,3.4167
150.08531999337038,2.372795213793644,3.4167
150.0885783341707,2.376111261316316,3.4167
150.08867026871187,2.3741376433026073,3.4167
150.0878304420549,2.376436297294497,3.4167
150.08866815026818,2.3728139297582374,3.4167
150.08536191571702,2.376158343373843,3.4167
150.08827533989685,2.376256320012631,3.4167
150.08730570711666,2.3729891672327033,3.4167
150.08589531112773,2.372811642617628,3.4167
150.0885088886436,2.377338698365844,3.4167
150.08544087775195,2.3770852778562146,3.4167
150.08448341740547,2.375162747105574,3.4167
150.086308858675,2.376596261313035,3.4167
150.0871684466336,2.3767075581145565,3.4167
150.0855137294793,2.374603340199764,3.4167
150.08426989778053,2.373623882528888,3.4167
150.0891310943535,2.373401902514189,3.4167
150.08794883929602,2.3755546195602815,3.4167
150.08869125557126,2.372543743778627,3.4167
150.08508470314817,2.3728253622080753,3.4167
150.08652067206245,2.3774000459870583,3.4167
150.08464207156746,2.3753048318469143,3.4167
150.08493329369236,2.373022534222073,3.4167
150.08499095667443,2.3725063984985155,3.4167
150.0885765836896,2.374559176963879,3.4167
150.08826112304484,2.3766205304115218,3.4167
150.08878452842612,2.375663587789077,3.4167
150.0874700221005,2.3732567984042148,3.4167
150.08644071368926,2.3732893429096933,3.4167
150.08835422740813,2.374633607486356,3.4167
150.0885544778269,2.3744042260496188,3.4167
150.08540093002384,2.3739265605370754,3.4167
150.0847957680659,2.3768933163770765,3.4167
150.08634398727412,2.3769347328037096,3.4167
150.08825850045093,2.3734730848080408,3.4167
150.08914428216718,2.375249750315449,3.4167
150.08554462881992,2.3748897787193255,3.4167
150.08677791450043,2.372859713515812,3.4167
150.0880078356672,2.3750901230820314,3.4167
150.08520641952148,2.3732621824173,3.4167
150.08539533732085,2.372711402722313,3.4167
150.08569646032043,2.3733607391681555,3.4167
150.08494878417218,2.3744229562406085,3.4167
150.08453960279562,2.374059254780298,3.4167
150.08674504979757,2.376448844373606,3.4167
150.08826951861732,2.3729196270408064,3.4167
150.08895803935167,2.3728832511424143,3.4167
150.08862510441648,2.3729944900057136,3.4167
150.08883785331943,2.375872863450133,3.4167
150.0847521056799,2.372861030034371,3.4167
150.08612384666543,2.377461089805971,3.4167
150.08484968246796,2.372974225874926,3.4167
150.08900526765493,2.374237668783764,3.4167
150.08796909191696,2.375093352597062,3.4167
150.08840687576892,2.3737196514502474,3.4167
150.0882633967564,2.373424917438486,3.4167
150.08649610511142,2.3768988845638512,3.4167
150.08488293007954,2.3749796530667453,3.4167
150.0853034872004,2.375736626396657,3.4167
150.08917941860983,2.375643289397359,3.4167
150.08519421802524,2.3749680079298563,3.4167
150.08520994853706,2.3766983369524954,3.4167
150.08826330255093,2.3766522837561714,3.4167
150.0868479540705,2.3732568369001705,3.4167
150.08766805974733,2.3768741644286457,3.4167
150.08520737466915,2.3766719093653035,3.4167
150.08449442909514,2.3736260531531332,3.4167
150.0884216040211,2.376066265660193,3.4167
150.0884206505271,2.376758822393477,3.4167
150.08477087392004,2.3769992275934926,3.4167
150.08819786251283,2.3726545755911213,3.4167
150.08910092842032,2.3735878001607635,3.4167
150.0857712766182,2.376399352931946,3.4167
150.08433385333578,2.375368396515613,3.4167
150.08533235510922,2.375996396390719,3.4167
150.084589976088,2.3726937532120616,3.4167
150.08809182766518,2.37727635304155,3.4167
150.08677781955043,2.3763941009941876,3.4167
150.08852865696764,2.375318962245961,3.4167
150.08503837819325,2.3763037041252963,3.4167
150.08762502256764,2.3773756786188804,3.4167
150.08867946961664,2.373358254709534,3.4167
150.0872893957787,2.372661881660613,3.4167
150.08857107031193,2.373501959644337,3.4167
150.08649146702413,2.3735935687635172,3.4167
150.0849410386964,2.3730553048446397,3.4167
150.08445704393912,2.3768558821614976,3.4167
150.08567765278661,2.376746555463948,3.4167
150.08679192089787,2.3727559905212137,3.4167
150.08692501769463,2.3770544564346747,3.4167
150.08451187316237,2.377244278455309,3.4167
150.0883085989576,2.375243034911307,3.4167
150.0879813059502,2.3770382984565566,3.4167
150.08473251003886,2.374760114115706,3.4167
150.08474258480817,2.3727009990088486,3.4167
150.0847621722004,2.375024400889618,3.4167
150.08556129898636,2.374546875277062,3.4167
150.08430280333417,2.3764702025347897,3.4167
150.08812134197964,2.377020343102366,3.4167
150.08425173552155,2.3734339666076822,3.4167
150.087771465611,2.3736366980772945,3.4167
150.08443051581955,2.375132332509093,3.4167
150.08448281999512,2.3731382291445287,3.4167
150.0876660260829,2.3731349664285477,3.4167
150.08857436802347,2.3724850012552308,3.4167
150.0862216672317,2.377081270747997,3.4167
150.08830221175714,2.3752969693508335,3.4167
150.08548638902423,2.376477598546673,3.4167
150.0842876985797,2.375661715436095,3.4167
150.08656435737086,2.376268773084123,3.4167
150.0850538692123,2.3759442839400213,3.4167
150.08522018572555,2.376353912961516,3.4167
150.08673424269017,2.3764701734156475,3.4167
150.0879850708948,2.3764653084447867,3.4167
150.08523399160126,2.3766642760259984,3.4167
150.08519179011236,2.3766610154770524,3.4167
150.0866610959231,2.373468246389205,3.4167
150.08918786263794,2.374735367151891,3.4167
150.0851871045237,2.3758036098387154,3.4167
150.08524579723849,2.3734044829978025,3.4167
150.0854662826741,2.374459085913271,3.4167
150.08838648042135,2.375776440813802,3.4167
150.0890620101485,2.373905917250695,3.4167
150.08528679137657,2.3731180333262674,3.4167
150.08556124449854,2.3738121115521724,3.4167
150.08483869523278,2.373795911822698,3.4167
150.08857099771774,2.3726786291319812,3.4167
150.08630918199245,2.3727462332240603,3.4167
150.08460958784036,2.377043341119667,3.4167
150.08546631777958,2.374082715033876,3.4167
150.08858700294977,2.373648258115318,3.4167
150.08896681019925,2.3743020124333087,3.4167
150.0889699074093,2.3733935093321836,3.4167
150.0861635100637,2.3724866405045186,3.4167
150.08733514018687,2.376668171462725,3.4167
150.0884688161254,2.3745282353120296,3.4167
150.08465083416303,2.374348142078969,3.4167
150.08493903948767,2.3752126798238304,3.4167
150.0890128834207,2.377133163233815,3.4167
150.0879238255551,2.3729605900197965,3.4167
150.08488086634028,2.376522898518015,3.4167
150.0852673093657,2.3760891399630264,3.4167
150.0870771375773,2.3772570447448107,3.4167
150.08479441749398,2.3734640717806537,3.4167
150.08879826146804,2.3755962140965163,3.4167
150.08841333315053,2.3762206434078914,3.4167
150.08635790907144,2.3769194864396495,3.4167
150.08427817186347,2.376252237445123,3.4167
150.08746668813862,2.372488863147463,3.4167
150.08472290294378,2.375710191862119,3.4167
150.08451689298923,2.376004683351434,3.4167
150.0864919973006,2.376471491754893,3.4167
150.0881586644582,2.372711578482127,3.4167
150.08663260402733,2.3725471317591076,3.4167
150.08472983601075,2.3761787595880475,3.4167
150.08460862151202,2.373411475603086,3.4167
150.0884478463138,2.375521248055689,3.4167
150.08837784524968,2.373812105799902,3.4167
150.08896555309687,2.3748639824934967,3.4167
150.08889451079705,2.3726369743103306,3.4167
150.08863911085726,2.377333207812321,3.4167
150.08552561348068,2.3772013908995016,3.4167
150.08443427734332,2.3752201700665987,3.4167
150.08801996708485,2.373390766283294,3.4167
150.08832887795603,2.3731992985301336,3.4167
150.08482600101755,2.3762869865759897,3.4167
150.08821794553523,2.3735520532223604,3.4167
150.0879910354785,2.375379529158621,3.4167
150.08779550634648,2.3766763285753068,3.4167
150.0865941353198,2.3767253464711686,3.4167
150.0888391936308,2.3735925286297506,3.4167
150.08480074564403,2.373136071721414,3.4167
150.0879249139524,2.372807353040914,3.4167
150.0877502521174,2.3769925493282,3.4167
150.084317339482,2.374486758568852,3.4167
150.08834175413034,2.3745991565722506,3.4167
150.08560646337557,2.372469565114269,3.4167
150.0860929442853,2.3768814219341556,3.4167
150.08466971188957,2.37450711409427,3.4167
150.08501365762217,2.3764439950431187,3.4167
150.0849712390999,2.374885165492033,3.4167
150.08475055634625,2.3733985115611556,3.4167
150.08835863619947,2.373889374685671,3.4167
150.08896664568982,2.376109185957867,3.4167
150.08923255841464,2.3753851110367212,3.4167
150.08424835191786,2.376808059171936,3.4167
150.08723799810286,2.372954014545972,3.4167
150.08732892803417,2.377039778412154,3.4167
150.0846025664914,2.374360081794141,3.4167
150.08873694612916,2.372844174883455,3.4167
150.08489915661144,2.375795695366918,3.4167
150.08690185323303,2.3725206543065402,3.4167
150.0871366904854,2.3737383589851233,3.4167
150.08751809124095,2.3773280010407642,3.4167
150.08824747662703,2.3728110235797994,3.4167
150.08654862546211,2.3733198351940756,3.4167
150.0869912343684,2.3770712137409524,3.4167
150.08662228568343,2.3761375170899828,3.4167
150.0853592994223,2.372515394226583,3.4167
150.08521543290502,2.3745870493187216,3.4167
150.0861798251022,2.3737110909850165,3.4167
150.08538726508127,2.374317959760155,3.4167
150.08499305480962,2.3740035055572792,3.4167
150.0851566651772,2.374889066690122,3.4167
150.0851905263949,2.377233967299688,3.4167
150.0855413267938,2.376664607472175,3.4167
150.08431215283144,2.375185592638156,3.4167
150.08615114089469,2.373092782492885,3.4167
150.0887309579101,2.376564125512397,3.4167
150.08465334112464,2.3754274810614913,3.4167
150.0882306212049,2.377371282728907,3.4167
150.08558923312717,2.3726946771359474,3.4167
150.08646714274627,2.373709171896804,3.4167
150.08814838526575,2.3729803699078698,3.4167
150.08537436864353,2.373747048333767,3.4167
150.0874633837538,2.373365284831701,3.4167
150.08536996654837,2.3741848091840447,3.4167
150.08740443596417,2.3761216901676723,3.4167
150.08872582044506,2.375143725075601,3.4167
150.08859955458053,2.3737599396964075,3.4167
150.0860941397975,2.3771614479468517,3.4167
150.08691403243995,2.3725395943020655,3.4167
150.08655855238075,2.3737511373851756,3.4167
150.08595143120894,2.376092793014159,3.4167
150.08836712219664,2.372862063266442,3.4167
150.08733396939593,2.377029472323089,3.4167
150.08513520439016,2.3736261901910884,3.4167
150.08803040650668,2.3773916143318115,3.4167
150.08695986299477,2.3727932705328865,3.4167
150.08806843265899,2.373345002664534,3.4167
150.08589088778405,2.373264895602355,3.4167
150.08909949629393,2.3768027641720177,3.4167
150.0857001008875,2.377202198237686,3.4167
150.0880106116746,2.3726793578981957,3.4167
150.08541597529913,2.372486245419261,3.4167
150.08601795014434,2.3735485581838693,3.4167
150.08832643383198,2.37424376891598,3.4167
150.08686277217956,2.3763969783176804,3.4167
150.0884905203173,2.373171334739523,3.4167
150.08611026231554,2.3726309849908773,3.4167
150.08879911755167,2.372615640244754,3.4167
150.08516239237238,2.3761149020280334,3.4167
150.08756196818675,2.3727089090601368,3.4167
150.0882679663856,2.3747586802543807,3.4167
150.08432986799173,2.3772302806749934,3.4167
150.0873017814987,2.3773680597918627,3.4167
150.08884204368363,2.3725529415229887,3.4167
150.08440139605764,2.3747712610963263,3.4167
150.08803010185804,2.372561115988147,3.4167
150.08486382587165,2.3768754551347198,3.4167
150.08492669963945,2.3747004352835557,3.4167
150.08689977324318,2.37298670318633,3.4167
150.08802536128331,2.3735469436477556,3.4167
150.08440320212395,2.3766269987780784,3.4167
150.08890570182382,2.373504109451299,3.4167
150.0883696226641,2.3759423309950956,3.4167
150.0868964211689,2.376422066840329,3.4167
150.08455911715365,2.3764011926282396,3.4167
150.088241618291,2.372520704379815,3.4167
150.08898344096525,2.377288133384606,3.4167
150.0883687766418,2.3737957230091866,3.4167
150.0849102024438,2.3757638782823554,3.4167
150.08573333975264,2.3764304749421177,3.4167
150.0880547903921,2.375258030695707,3.4167
150.0886283658952,2.375518223602299,3.4167
150.08434285406133,2.374604089284306,3.4167
150.08905420834688,2.3757194085168507,3.4167
150.0866858965759,2.37287596092063,3.4167
150.08522356824497,2.3773229097729422,3.4167
150.0889039249098,2.374175353774163,3.4167
150.08762842291466,2.376355202609749,3.4167
150.08429474851096,2.3743088225565856,3.4167
150.08554002143114,2.374528093275448,3.4167
150.08727889481273,2.377386868071299,3.4167
150.08576993288384,2.3731935843025753,3.4167
150.08744480607874,2.3734444653332183,3.4167
150.08599505641737,2.3738564973556455,3.4167
150.08465395636824,2.376942964452176,3.4167
150.0855345393539,2.375281825459637,3.4167
150.08544272878822,2.375918679616342,3.4167
150.08433387547157,2.3757287075903744,3.4167
150.08716692367963,2.3733126666229367,3.4167
150.08880902062702,2.373449132955382,3.4167
150.08589536822257,2.3769518655329525,3.4167
150.08824704319107,2.374071691433699,3.4167
150.08666741049916,2.373822719737499,3.4167
150.0870222935735,2.3726901552719117,3.4167
150.08508131179534,2.3749507205027145,3.4167
150.08612762089274,2.3768772836856797,3.4167
150.08877296011343,2.374006615458693,3.4167
150.08487967910958,2.3773112288693428,3.4167
150.08526291562185,2.37417738162174,3.4167
150.0878983336234,2.3767444722893405,3.4167
150.08474724359138,2.372492550317881,3.4167
150.0847286867706,2.3758449647126256,3.4167
150.08706922423534,2.3769161464008746,3.4167
150.08584778440783,2.3726151420083026,3.4167
150.08494029358855,2.373861879427095,3.4167
150.08763941092246,2.372899802104592,3.4167
150.08850926298996,2.374294674170913,3.4167
150.0850832643332,2.3728538123722847,3.4167
150.08552694794867,2.3771267952958945,3.4167
150.08714966813722,2.373394105197611,3.4167
150.08721900059507,2.377416763230412,3.4167
150.0876990937268,2.376705438387471,3.4167
150.08515429239912,2.377148916273321,3.4167
150.08865971728798,2.3764005274570295,3.4167
150.0877417269388,2.3769301309726285,3.4167
150.08465858375922,2.375704114549705,3.4167
150.08867172098317,2.3761760212305045,3.4167
150.08662711011416,2.373717452411646,3.4167
150.08813582957094,2.375786298460526,3.4167
150.08667344516616,2.373062668733738,3.4167
150.0861023591102,2.376802475886515,3.4167
150.08482864054537,2.3768826916938783,3.4167
150.0886251008188,2.3770942556194625,3.4167
150.08856572361924,2.3748072856364404,3.4167
150.08909797874944,2.377010304914003,3.4167
150.08827322927212,2.37622181889329,3.4167
150.08900963404898,2.3766776067687307,3.4167
150.0889946644721,2.376798101595411,3.4167
150.08424798126794,2.3761404371245205,3.4167
150.089224720539,2.3765628761974953,3.4167
150.08782239721788,2.3771903655810154,3.4167
150.08500322084214,2.375183341812556,3.4167
150.08477020315115,2.3728308166623315,3.4167
150.0867005427568,2.3731732784449293,3.4167
150.08533116646683,2.3753459086346895,3.4167
150.08841515546857,2.3751797339710388,3.4167
150.0890847321187,2.375138556110732,3.4167
150.08823017514655,2.376290415400433,3.4167
150.08798657549053,2.3762886983525133,3.4167
150.08433898029926,2.37326857429183,3.4167
150.08445798632803,2.3728097120657194,3.4167
150.08514347560495,2.3740672501804316,3.4167
150.0890496832351,2.3737033989592478,3.4167
150.08645607990536,2.376909699891286,3.4167
150.08646577831405,2.3726171368724236,3.4167
150.08914337772433,2.3741167392079103,3.4167
150.08514799100132,2.3745487093818176,3.4167
150.08835366344871,2.3765769062354156,3.4167
150.08748789991526,2.377438801840205,3.4167
150.08802091451426,2.373190202815927,3.4167
150.0867377641975,2.3771798760608616,3.4167
150.08526641279352,2.3729309952809228,3.4167
150.08455535889044,2.375579999306218,3.4167
150.0864213395004,2.373240147432789,3.4167
150.08900949424486,2.3756706201799007,3.4167
150.08551011119113,2.376194378263339,3.4167
150.0845696505761,2.372573254397294,3.4167
150.08495194686574,2.3725476188982983,3.4167
150.08558719911363,2.374658000731449,3.4167
150.0843759792796,2.37440886803584,3.4167
150.08909351324618,2.3758358919062763,3.4167
150.0846302017399,2.374395677381899,3.4167
150.08820996455478,2.375076967474496,3.4167
150.08504529177088,2.375401770451502,3.4167
150.0887216266817,2.373113226943269,3.4167
150.0889290875597,2.374498415785538,3.4167
150.08685656689153,2.3727504107340414,3.4167
150.08892160152536,2.373818363717818,3.4167
150.08432108491016,2.373661158666668,3.4167
150.08597830032696,2.37684179125888,3.4167
150.0878797416381,2.374953788256458,3.4167
150.08665887934617,2.373355617139696,3.4167
150.086608701603,2.3728792996918773,3.4167
150.08715406401484,2.3766667569598323,3.4167
150.08919891879276,2.3770005827834693,3.4167
150.08519420404224,2.374558429017181,3.4167
150.0890509087386,2.377380860286514,3.4167
150.08473653817077,2.3727948046597893,3.4167
150.0890804711464,2.374334782392078,3.4167
150.08861953916696,2.3762694548075536,3.4167
150.08620606715485,2.3727412716611074,3.4167
150.08612450529677,2.3730340168653905,3.4167
150.0888433236984,2.3761700389535334,3.4167
150.0884958530221,2.3742915321336837,3.4167
150.085875508439,2.376216700828586,3.4167
150.08518504234536,2.376777108409499,3.4167
150.08820457166973,2.3769221474850704,3.4167
150.08896137647156,2.3736172629543137,3.4167
150.08826231505986,2.3724936427074947,3.4167
150.08454930996257,2.375420553072513,3.4167
150.08710439776172,2.372595588809176,3.4167
150.08469126768478,2.375360879729872,3.4167
150.08748460874529,2.3728830052350904,3.4167
150.08656602569414,2.376882680536027,3.4167
150.08650799269444,2.3729484579308684,3.4167
150.08525108079678,2.3771744376473873,3.4167
