norm,split,bin,combiner,n_sources,red_peak_kms,red_peak_kms_p16,red_peak_kms_p84,red_peak_int_kms,red_peak_int_kms_p16,red_peak_int_kms_p84,fwhm_int_kms,fwhm_int_kms_p16,fwhm_int_kms_p84,red_centroid_kms,red_centroid_kms_p16,red_centroid_kms_p84,blue_int,blue_int_p16,blue_int_p84,red_int,red_int_p16,red_int_p84,blue_red_ratio,blue_red_ratio_p16,blue_red_ratio_p84,blue_flux_fit,blue_flux_fit_p16,blue_flux_fit_p84,blue_peak_kms,blue_peak_kms_p16,blue_peak_kms_p84,red_peak2_kms,red_peak2_kms_p16,red_peak2_kms_p84,peak_sep_kms,peak_sep_kms_p16,peak_sep_kms_p84,integral,integral_p16,integral_p84,blue_snr,blue_flux_3sig_limit,ew_rest_aa,lya_ha_ratio,fesc_stack,fesc_stack_p16,fesc_stack_p84,ids
f1500,all,all,mean,66,267.9734491803907,212.9291604857715,308.36720983324943,253.3364077800579,139.71176790804114,303.6435665708695,434.06709623442606,375.05775769243155,509.2944195867624,345.12933302715214,325.0202942741746,382.16237478094325,0.49627367663647654,-0.25990253206746,1.2483372578599274,7.683448018067122,6.591501939523076,9.158481089860157,0.06458996995483299,-0.04174657825991255,0.17190859879189413,0.3884581939704965,3.843228391290786e-08,0.8358498724486088,-113.23057046573005,-159.93373127303707,-54.49869646211872,248.84592527456707,212.57238166417272,316.90411089429614,,,,7.952287158402938,6.724127939716103,9.896256671183199,1.0154553842765761,2.205775164976384,7.952287158402938,,,,,16871;17058;17578;18444;18502;19819;23341;26580;26999;29701;33361;35799;38195;42751;43713;44980;45677;45963;46212;46887;46979;47137;47218;47283;47549;47664;47750;48121;48256;48586;48688;48744;49289;49726;49902;49939;50751;50966;50970;51240;51579;53947;59457;16853;18866;28600;42812;43129;43683;45004;45443;46091;47736;48146;48525;48648;49482;49540;54193;56591;57111;57248;59737;15479;17074;45547
f1500,all,all,median,66,264.51826873515853,236.93274507750567,288.3507190799424,251.34303029507842,211.81603076502313,282.66732908701704,441.51661450435887,400.0984184157812,525.4401882680326,340.69781383377676,323.94941373050176,372.75780756540865,0.5274714463443784,0.06213031713778358,1.1478238247698862,8.180822209851842,7.220398336788152,9.53801621983974,0.0644765810591954,0.0068498226449595565,0.13895537852800996,0.3000269701220692,0.07594318460646245,0.9229476592537825,-122.06081378490055,-152.24179014572798,-0.24956162710997018,252.27077570246118,212.36933383670822,297.030577677833,,,,8.587147059337553,7.617061934500277,10.412790790183188,0.7169227145155732,1.7770227156715912,8.587147059337553,,,,,16871;17058;17578;18444;18502;19819;23341;26580;26999;29701;33361;35799;38195;42751;43713;44980;45677;45963;46212;46887;46979;47137;47218;47283;47549;47664;47750;48121;48256;48586;48688;48744;49289;49726;49902;49939;50751;50966;50970;51240;51579;53947;59457;16853;18866;28600;42812;43129;43683;45004;45443;46091;47736;48146;48525;48648;49482;49540;54193;56591;57111;57248;59737;15479;17074;45547
f1500,z_sys,z_sys_lt3.5,mean,37,287.12145938085513,217.89421188204807,314.00260970873984,287.08400636672724,217.85952658808333,313.9651697279124,492.2054053185398,411.4423005841787,596.8362046113409,326.29580449017345,301.7909935707566,359.0964379875577,1.2480896919224085,0.6600997593951268,2.318295536577521,7.262025882516799,5.825774531134259,8.374654671288853,0.1718652222002076,0.08766896341509918,0.3423927324586359,0.4910937950143429,0.2907763159163959,1.0121090576889802,-495.52832449654903,-579.7914039792698,-466.26370396911784,288.1478087864635,219.55302132762714,318.95861407324685,,,,8.13015928126279,6.679122482318958,10.107392368179964,0.7878544311932107,2.7316580731574627,8.13015928126279,,,,,16871;17058;17578;18502;19819;23341;26580;26999;29701;33361;35799;38195;42751;43713;46212;46887;46979;47549;47750;48256;48586;48744;49726;49902;50751;50970;59457;18866;28600;42812;45443;46091;47736;48146;48648;49482;59737
f1500,z_sys,z_sys_lt3.5,median,37,292.47263076279245,224.42156265970542,309.88366081529597,292.354072394385,216.2171796167405,309.59252424439825,465.57129418899353,426.9412434847817,538.1846168479643,332.19445963269146,302.4802687531384,352.8393756223055,0.9190601884227356,0.63466104487741,1.8787584633025773,7.118955032312648,5.717957963325616,8.273896510912598,0.12910043457939524,0.08915448698403601,0.26693916405432794,0.4770357233870306,0.35938540065041097,0.9660662270196134,-510.80039265966195,-554.9090644850958,-480.83081768595156,289.9640792774803,217.6648673858117,313.086861521587,,,,7.962608522294396,6.415711013787796,10.03158633841714,0.9658142664635888,2.1779349556848167,7.962608522294396,,,,,16871;17058;17578;18502;19819;23341;26580;26999;29701;33361;35799;38195;42751;43713;46212;46887;46979;47549;47750;48256;48586;48744;49726;49902;50751;50970;59457;18866;28600;42812;45443;46091;47736;48146;48648;49482;59737
f1500,z_sys,z_sys_ge3.5,mean,29,244.89255961933793,224.62844571926172,309.8850304316139,158.66753714652356,142.76702739477514,273.7465816002715,537.9706484417361,403.73040841892134,898.4089659763242,374.0147398061427,329.982098836223,441.4867935268531,-0.3927502018009791,-1.0571864802660242,0.3796054896083753,9.68465708301142,6.9825017171697015,12.021586050438543,-0.04055385734719834,-0.12615248379569433,0.03718252852498904,1.1450764564658174e-12,4.9113910703741765e-30,1.066174585329313e-10,-154.25027185728416,-630.7941889974519,-6.170013466802058,244.92456529337417,224.6713403217279,302.54130231456276,,,,9.359492334981914,6.111259306808121,12.330899258778398,1.6839412078015896e-12,2.1894375411398856,9.359492334981914,,,,,18444;44980;45677;45963;47137;47218;47283;47664;48121;48688;49289;49939;50966;51240;51579;53947;16853;43129;43683;45004;48525;49540;54193;56591;57111;57248;15479;17074;45547
f1500,z_sys,z_sys_ge3.5,median,29,215.49947877925848,204.5513546086976,281.27819706415994,130.6903946911968,121.95715933564473,248.28319427274653,528.5710836262732,360.25671107358016,913.4056791793132,360.97516365099165,327.65063793430227,421.1929000891711,-0.1027944748362074,-0.9239757893020668,0.6891508404379544,9.58970442820599,6.897615025567012,11.77711604534624,-0.010719253716919602,-0.09192211959453732,0.07703558818501575,2.117668360984774e-13,3.228453158680131e-31,0.03085653700902007,-55.53009900021132,-500.2356931637253,-6.170010862213481,215.51666418113035,204.37480437013653,281.26927997034187,,,,9.54087047907132,6.570791766096652,12.242394429830103,1.966486071702888e-13,2.337392417343783,9.54087047907132,,,,,18444;44980;45677;45963;47137;47218;47283;47664;48121;48688;49289;49939;50966;51240;51579;53947;16853;43129;43683;45004;48525;49540;54193;56591;57111;57248;15479;17074;45547
f1500,M_UV,M_UV_lt-19,mean,42,253.6013144736114,233.98854548616154,332.44216825379357,167.50011628617673,150.80227717684016,294.59308000193715,447.3105725938238,365.52138309524435,574.5018448804946,374.22537725299185,344.5987131793119,427.5402880890487,-0.2407071856341267,-0.6740034902832965,0.17756737350824756,7.553433626490802,5.347356819104604,8.871360523743391,-0.031867253693729114,-0.10726028205776711,0.025267170688733773,9.977774306190183e-10,2.593515962355644e-19,0.07425311122788349,-0.20410786256115512,-474.87317038883623,-0.20410937176744218,253.6024048988666,232.938627934691,328.42752019178545,,,,7.069224054327619,4.659388536291592,8.800054988889338,6.567515526390903e-09,1.4111102986823003,7.069224054327619,,,,,17058;18444;18502;26580;26999;29701;33361;42751;44980;45677;45963;46212;46979;47137;47218;47664;47750;48744;49726;50966;51240;51579;53947;59457;16853;18866;28600;43129;43683;45443;47736;48525;48648;49482;49540;54193;56591;57111;57248;59737;15479;45547
f1500,M_UV,M_UV_lt-19,median,42,268.80896457726226,229.02395891099073,341.44147860094597,217.76910820492685,148.0486016939512,291.6266893783694,396.6632713896439,365.46111472270934,563.6217314108993,369.92210937034474,346.6352225782228,428.96547740621855,-0.06086259523634219,-0.6646477194141979,0.27963858499638167,7.291882634814318,4.9179589017894125,8.737899957422904,-0.00834662298948151,-0.08886678896563402,0.03830945850669252,2.250118710518278e-09,1e-323,0.1057770559347109,-38.23304646359871,-590.7956989398108,-1.13146356553503,268.7820241898777,230.7478319940153,341.4957204986607,,,,7.008438474577902,4.443885246424376,8.777852263431594,1.47984158195975e-08,1.4331608711187531,7.008438474577902,,,,,17058;18444;18502;26580;26999;29701;33361;42751;44980;45677;45963;46212;46979;47137;47218;47664;47750;48744;49726;50966;51240;51579;53947;59457;16853;18866;28600;43129;43683;45443;47736;48525;48648;49482;49540;54193;56591;57111;57248;59737;15479;45547
f1500,M_UV,M_UV_ge-19,mean,24,143.16019180585465,-4.1990459370511575,211.41265478852688,140.97877592065132,-68.41512622822876,211.3819552429662,709.0111485914889,531.8039199839454,928.8850254812247,312.7521250702552,248.60492164574777,360.79003643354554,4.061788708700089,2.184530699279357,7.328465034790303,8.887046464891748,6.333171233456773,13.369568579439095,0.4570459628793631,0.18767464568477407,0.7467430786472959,0.7556390968290132,0.7689825226139477,2.779478460208745,-485.65485281617174,-527.9398572912119,-400.5164970019366,145.58160054894552,-9.818421845239275,224.45310276455842,,,,13.230342171163645,9.17259902087811,20.638688291835447,0.6010297718207905,7.187182257515212,13.230342171163645,,,,,16871;17578;19819;23341;35799;38195;43713;46887;47283;47549;48121;48256;48586;48688;49289;49902;49939;50751;50970;42812;45004;46091;48146;17074
f1500,M_UV,M_UV_ge-19,median,24,151.45666546530603,95.6980651212333,193.2790137135457,151.42399179536392,95.66380464869846,193.24253670442158,569.0137003124601,480.4989680111074,630.4876268289642,295.15276010410673,234.5942011856023,326.4177147258812,4.269351466403515,2.054211499915588,6.583357798029675,9.813924631646751,7.4309144506199045,13.546573625585644,0.43502998307488827,0.20400382441441267,0.6322815626382094,0.7794562410054857,0.6775185252053215,3.16208590350526,-513.2922756076051,-667.1256864381488,-151.37197624013746,170.98686635438364,86.98244502555298,250.72452226216868,,,,14.236979569295556,9.568121789012183,20.75403461929994,0.4801556990147429,7.11213989550288,14.236979569295556,,,,,16871;17578;19819;23341;35799;38195;43713;46887;47283;47549;48121;48256;48586;48688;49289;49902;49939;50751;50970;42812;45004;46091;48146;17074
halpha,all,all,mean,58,228.3989457359556,194.24696628218902,307.74181367739004,186.4297136242013,119.90693367543608,302.99863418110976,479.1848713218792,361.37432959607446,680.8435148696223,356.94462978263755,319.9022801338466,396.7838582746255,0.006401079198838507,-0.011009729194644954,0.02161758192400505,0.16366544723410129,0.13745004825369392,0.22293405790633597,0.03911075493951163,-0.06665273147346289,0.12483865879015123,0.006615977449520352,1.2734657361516808e-12,0.01785870561347339,-153.3410805366923,-179.2915361100253,-9.045336210367742,211.11244974613143,189.598042844106,306.1361105892393,,,,0.16465306038892702,0.128979736155089,0.22659127691462716,0.9131291579897735,0.046551664502947426,,0.16465306038892702,0.018925639125164026,0.014825257029320577,0.026044974358003126,17058;17578;17891;18444;18502;19819;23341;26580;29701;33361;43713;44980;45677;45963;46887;47137;47218;47283;47549;47664;47750;48121;48256;48688;49902;50751;50966;51240;51579;53947;59457;15748;16853;17086;18866;28600;42812;43129;43683;44361;45004;45443;46091;47736;48146;48525;48648;49482;49540;50654;54193;54521;56591;57111;57248;59737;15479;45547
halpha,all,all,median,58,217.32954458941325,193.2924686165999,275.4688285766891,171.97463347361185,112.2662485557302,261.05199259338985,472.25302099924494,391.9104224921959,624.6044054926173,346.66920651074105,314.27885524579085,383.33634009169606,0.010314207380978139,-0.006696222219011276,0.02433503024440194,0.19628733578106028,0.15389923890253512,0.24159948177720522,0.05254647397365793,-0.03516035135873788,0.11790493425843247,0.008622112879139042,1.6075033264004072e-11,0.016517835565831425,-129.70016970844063,-195.51064886398478,-92.51918848169345,212.05228288004147,189.81805987023344,263.87608216980334,,,,0.20639472719296623,0.1625531005070659,0.2503090869717807,1.218675983073889,0.04432255286675274,,0.20639472719296623,0.02372353186126049,0.01868426442609953,0.028771159422043766,17058;17578;17891;18444;18502;19819;23341;26580;29701;33361;43713;44980;45677;45963;46887;47137;47218;47283;47549;47664;47750;48121;48256;48688;49902;50751;50966;51240;51579;53947;59457;15748;16853;17086;18866;28600;42812;43129;43683;44361;45004;45443;46091;47736;48146;48525;48648;49482;49540;50654;54193;54521;56591;57111;57248;59737;15479;45547
halpha,z_sys,z_sys_lt3.5,mean,29,278.0242419623783,206.77925023641424,326.1134136642101,277.98514255160194,205.31810702855557,322.60778151077983,469.9678310245242,375.71848919407154,568.9790600556673,295.9808050949241,270.20666645223696,351.49484630312395,0.020591550713531737,-0.0014724894232721463,0.04152156841739976,0.17388472155588308,0.13144942490401684,0.20969007610079457,0.11842070153882969,-0.008792109986759033,0.2589471942760246,0.011379607544380064,0.003178215126464082,0.018703431876457777,-562.5859943115198,-596.8497839823925,-522.5986555765594,279.16193161672885,203.84129597800901,329.9483524374892,,,,0.18026622420377197,0.12419649910394133,0.22543306031602642,1.0261966630855448,0.07631763999292493,,0.18026622420377197,0.020720255655605976,0.014275459667119694,0.025911846013336372,17058;17578;17891;18502;19819;23341;26580;29701;33361;43713;46887;47549;47750;48256;49902;50751;59457;18866;28600;42812;45443;46091;47736;48146;48648;49482;50654;54521;59737
halpha,z_sys,z_sys_lt3.5,median,29,243.49400561703064,174.2575688689473,295.53990881871084,243.4586181813288,164.45467519207227,293.10634891164324,524.044674819202,426.50808275049263,600.8857550633866,311.4146036874015,276.7263430583422,354.064652211343,0.034096587773876745,0.01003231015362864,0.05319863251959702,0.17143499942146134,0.129656787109012,0.21999856899569376,0.19888930433658178,0.07767546254773333,0.3340753730605795,0.010917384334216261,0.004059283072587794,0.02337626463456093,-544.2610383519844,-563.8174689384266,-496.59316611465545,253.7973420590142,180.90285249415405,297.6303848897871,,,,0.1982781303493898,0.14378649711906635,0.2493774698494489,0.9620473668920069,0.07114496648683877,,0.1982781303493898,0.022790589695332163,0.01652718357690418,0.02866407699418953,17058;17578;17891;18502;19819;23341;26580;29701;33361;43713;46887;47549;47750;48256;49902;50751;59457;18866;28600;42812;45443;46091;47736;48146;48648;49482;50654;54521;59737
halpha,z_sys,z_sys_ge3.5,mean,29,262.0223436016477,214.32554193292663,426.68086794696274,183.0967370730014,131.67695659647677,382.5248487632673,802.1369511432885,301.14157707154243,1726.718500918357,381.56558692667664,301.1681198820122,452.91474654303255,-0.01493961976151044,-0.03466227746015376,-0.003218061364304004,0.21947703275993194,0.144259758114949,0.42832859727936895,-0.06806917140096236,-0.159920704858739,-0.01119620628722751,2.946997047997665e-34,2.3160948543981758e-201,0.01074149519551647,-0.23512477360159262,-617.1410361778725,-0.2642589655069182,262.0705388886963,216.63703507756006,405.73891170868524,,,,0.21528211880972792,0.1459696651507372,0.42404301426379887,1.6326157967030395e-32,0.05769590323604609,,0.21528211880972792,0.024745071127554936,0.01677812243111922,0.048740576352160794,18444;44980;45677;45963;47137;47218;47283;47664;48121;48688;50966;51240;51579;53947;15748;16853;17086;43129;43683;44361;45004;48525;49540;54193;56591;57111;57248;15479;45547
halpha,z_sys,z_sys_ge3.5,median,29,239.5750778978945,211.15730617972656,316.7549866400197,154.27654754943458,129.77738172322455,259.3058761301194,618.780006907632,382.26078461436146,1194.6732873905853,356.9643974304536,305.22420863921417,427.87631020711405,-0.010441692486621985,-0.03012224211378853,-0.00022217619468064396,0.2939926149641087,0.16404567217997557,0.4341129658619082,-0.03551685299270776,-0.12668198555537222,-0.0009554417743135673,1.3255291271244117e-13,2.1518591813691746e-195,6.2011318272569306e-15,-6.170343365932458,-536.7910528556881,-4.60202355247322,239.61243700730878,211.34308401944176,302.9109127449051,,,,0.29029134399544276,0.14609487990492448,0.4343840368878561,8.237280081720485e-12,0.05705067466705119,,0.29029134399544276,0.03336682114890147,0.016792514931600517,0.04992919964228231,18444;44980;45677;45963;47137;47218;47283;47664;48121;48688;50966;51240;51579;53947;15748;16853;17086;43129;43683;44361;45004;48525;49540;54193;56591;57111;57248;15479;45547
halpha,M_UV,M_UV_lt-19,mean,36,228.14252099238618,212.2657653508704,357.8997971344196,142.98479277536217,132.64920893581623,333.42132743409707,562.6816766771954,377.851741528709,807.1628706541089,393.2236178551707,352.5067602474335,440.9775924152342,-0.006255874903993486,-0.03309665188246379,0.004641387892922907,0.1661012884063689,0.11960325606445278,0.22729122222382106,-0.03766301251492047,-0.20090592852063735,0.027339162622870592,2.244126445544183e-12,4.272671528489056e-75,0.012798780115804119,-9.593198086637212,-103.9162943921748,-0.20410675788887406,228.14227058609666,220.43817317662484,360.8943006372438,,,,0.15212338655408458,0.09615786975816182,0.21044311324386475,1.8539063886770265e-10,0.058108915154857346,,0.15212338655408458,0.017485446730354553,0.011052628707834692,0.024188863591248822,17058;18444;18502;26580;29701;33361;44980;45677;45963;47137;47218;47664;47750;50966;51240;51579;53947;59457;16853;18866;28600;43129;43683;45443;47736;48525;48648;49482;49540;54193;56591;57111;57248;59737;15479;45547
halpha,M_UV,M_UV_lt-19,median,36,299.70209706371145,236.83993622540527,341.06096033494134,242.72055337170676,156.69445817245668,285.2307753899303,450.13331811304056,375.04791814230606,566.2283090249528,406.7442491221369,368.6815044393566,437.3618543554427,-0.011377748780909792,-0.03247453885903406,0.0021307879644873046,0.18151087717521636,0.13890172613057927,0.23666532686625522,-0.06268356452228814,-0.18400008310350818,0.008381296383456905,8.341118434732973e-18,4.372584625183124e-239,0.0021528327024007542,-549.1253880577852,-1310.6200746872391,-12.604610315830477,299.7112422335101,237.60753789836954,341.08329218859825,,,,0.1615735240282763,0.11250225992637326,0.21248620939214613,2.959177780641703e-16,0.050885674107390505,,0.1615735240282763,0.018571669428537507,0.01293129424441072,0.024423702228982314,17058;18444;18502;26580;29701;33361;44980;45677;45963;47137;47218;47664;47750;50966;51240;51579;53947;59457;16853;18866;28600;43129;43683;45443;47736;48525;48648;49482;49540;54193;56591;57111;57248;59737;15479;45547
halpha,M_UV,M_UV_ge-19,mean,16,139.47840558342156,-74.85681091045723,297.6383259722742,135.52876592095876,-106.38581501280935,288.70020740311554,740.9501909245427,208.46158279693205,1204.5504461115593,347.30194652751527,218.21563632655267,369.43243381747953,0.038139479848066885,0.0005582027205730341,0.09486644625397242,0.11396714611293396,0.06573042372276301,0.30778351433218654,0.33465328516933435,0.0009544046189326412,0.9350419586550308,0.014174929999601169,0.00843978637489015,0.0710347913658288,-539.3758398105592,-670.0997353950835,-190.6006700877054,204.91952605423708,-51.41976493269955,303.21488678025486,,,,0.1671246499754988,0.1032359942961242,0.39068333414865286,0.1355247198017801,0.19375017313950915,,0.1671246499754988,0.019209729882241244,0.011866206240933817,0.044906130361914126,17578;19819;23341;43713;46887;47283;47549;48121;48256;48688;49902;50751;42812;45004;46091;48146
halpha,M_UV,M_UV_ge-19,median,16,215.66230885683575,-199.1620523308936,260.4951762196114,215.61801891594735,-199.18671218808254,258.95768214710347,411.18169505130766,269.72349788429676,851.0372044084824,274.2081055456668,212.564740064095,322.9319803858514,0.041954641837849194,0.006144248130529717,0.08208362964268699,0.17961111092971416,0.1066865358705387,0.33449383323146087,0.23358600490070452,0.03432424463079303,0.5650063824990759,0.08350005020681109,0.019310171020727712,0.14465771234075245,-28.292563075368033,-285.59588151933485,-6.170010861249044,298.1522338502487,184.7470376130048,338.84116206103647,,,,0.22745001160670128,0.14346681822281038,0.403816529061129,0.7126546461622622,0.13416909110612327,,0.22745001160670128,0.026143679495023137,0.016490438876185103,0.046415692995532075,17578;19819;23341;43713;46887;47283;47549;48121;48256;48688;49902;50751;42812;45004;46091;48146
none,all,all,mean,72,232.0000881980467,198.91865148886862,270.18788913063077,206.4182995704424,151.2981604101107,250.7350714444416,582.1590951573233,433.037698906546,656.6141186796792,364.1871043506118,324.7647251350093,385.3034116251518,23.11952714768111,4.624452499998688,36.927740837436836,182.24380838375762,153.5595039550398,225.19223318915292,0.1268604258916575,0.02200868836389144,0.1983269721997661,8.068634832700644,2.43833210906615,20.821928226766982,-490.8406179606822,-540.2281178706542,-132.73133856090894,231.8512574484836,197.18825630368363,272.747388580056,,,,204.53151651448613,165.24272785296904,245.13780042133064,0.4757480990042446,53.11478879736514,,,,,,16871;17058;17578;17891;18444;18502;19819;23341;26580;26999;29701;33361;35799;38195;42751;43713;44980;45677;45963;46212;46887;46979;47137;47218;47283;47549;47664;47750;48121;48256;48586;48688;48744;49289;49726;49902;49939;50751;50966;50970;51240;51579;53947;59457;15748;16853;17086;18866;28600;42812;43129;43683;44361;45004;45443;46091;47736;48146;48525;48648;49482;49540;50654;54193;54521;56591;57111;57248;59737;15479;17074;45547
none,all,all,median,72,267.0536805143768,218.0059098714615,300.61953621167356,258.5465016413276,192.0524730847579,300.25315037117116,512.5183389926153,426.62376538460904,563.5709406034658,357.6726089809439,333.53687554102254,374.72060578010473,21.35224090002542,2.150620177405199,35.078581170818204,193.496437447065,171.13848801323573,243.4234617924001,0.11034952985047476,0.0103745361542424,0.1844743409227734,4.5270118328281574,2.5468752556418264,25.154053713006864,-99.43287646852926,-495.2139593804845,-0.2626639610300693,264.48202011183906,210.75190455587278,306.1850428649342,,,,212.81911438806642,175.79866266841293,260.3449287824271,0.29730379927682793,51.91844685530737,,,,,,16871;17058;17578;17891;18444;18502;19819;23341;26580;26999;29701;33361;35799;38195;42751;43713;44980;45677;45963;46212;46887;46979;47137;47218;47283;47549;47664;47750;48121;48256;48586;48688;48744;49289;49726;49902;49939;50751;50966;50970;51240;51579;53947;59457;15748;16853;17086;18866;28600;42812;43129;43683;44361;45004;45443;46091;47736;48146;48525;48648;49482;49540;50654;54193;54521;56591;57111;57248;59737;15479;17074;45547
none,z_sys,z_sys_lt3.5,mean,40,299.7586403497118,214.6950762642375,337.98998788013284,298.27286399885736,211.46929168459204,327.4003797458201,620.9077303276546,472.3886983114194,805.0202418257147,385.6492674395153,332.71384860531583,415.02822496879025,47.24113561702043,22.54846240708987,76.9264800283882,159.16013950329852,131.53709796617397,189.6033809748377,0.29681511818504897,0.1666114809907237,0.464542204017936,46.22669294009776,24.953601435250608,100.57664246203356,-286.5681243634764,-457.97055810744797,-0.8331657535132481,321.5241499839361,251.1564160941104,376.7526188982845,,,,207.89567959567887,159.58418208632997,248.7905112046047,1.17515934658648,76.07191071592929,,,,,,16871;17058;17578;17891;18502;19819;23341;26580;26999;29701;33361;35799;38195;42751;43713;46212;46887;46979;47549;47750;48256;48586;48744;49726;49902;50751;50970;59457;18866;28600;42812;45443;46091;47736;48146;48648;49482;50654;54521;59737
none,z_sys,z_sys_lt3.5,median,40,291.07982296144513,221.84550381070403,332.08281865615265,291.04696956338074,217.95923190042214,332.04113672825076,566.9389773875033,462.66547378738466,663.7564764521381,360.2630215949198,327.27822714796076,384.5753848470785,47.14695395532535,20.27061529041862,78.25857297657645,191.58673636267866,158.5400644015877,218.29897377316536,0.24608673257043714,0.1255330574880665,0.4169731249840826,15.48937621089124,11.033712704579782,37.92023070172547,-502.95621387573044,-538.0685987574798,-438.07782215370196,293.22166841849304,235.8633178405816,337.2434302888844,,,,235.98043056958815,181.96874222746052,277.2920004177643,0.7978735266197624,79.70842043185472,,,,,,16871;17058;17578;17891;18502;19819;23341;26580;26999;29701;33361;35799;38195;42751;43713;46212;46887;46979;47549;47750;48256;48586;48744;49726;49902;50751;50970;59457;18866;28600;42812;45443;46091;47736;48146;48648;49482;50654;54521;59737
none,z_sys,z_sys_ge3.5,mean,32,199.80323062874518,174.05101516721004,234.49455732296357,114.83679037796495,94.93729137820299,170.41646051997782,561.3423709975447,405.5005731917921,752.2102357277093,359.7052480870563,323.1745944906304,381.92099038371754,-6.691625945124546,-19.79537640832241,11.97429603021204,208.2989628907319,164.42651180519533,246.8460751717525,-0.03212510447608323,-0.09384118576978061,0.05167395427297095,2.0879959834462723e-14,8.658273211447341e-13,8.790790225447306,-1917.195960933025,-1917.1959609212768,-86.23589495640451,199.89136239593012,174.99579964740371,238.24189740598035,,,,203.94436049207604,159.72339064565497,247.24647232342465,1.1225025945917628e-15,47.283462885614576,,,,,,18444;44980;45677;45963;47137;47218;47283;47664;48121;48688;49289;49939;50966;51240;51579;53947;15748;16853;17086;43129;43683;44361;45004;48525;49540;54193;56591;57111;57248;15479;17074;45547
none,z_sys,z_sys_ge3.5,median,32,210.458139050109,192.98909678846198,247.5236993606783,124.13973205494796,108.55945730491518,200.82973742855586,496.2133025308788,405.2786018852816,616.5054544155191,350.41963416860665,323.91446321000683,388.1328323441148,-5.145912186544942,-20.89133651171174,11.256464727399324,211.06626427695346,161.10537073977636,267.14347870766665,-0.02438055273386875,-0.10349325025384487,0.051689942229556855,1.1845446150422438e-10,9.0516774487037e-14,4.82425725234458,-186.8545443277215,-624.605335268661,-20.758308733432663,210.49156163301936,191.3973566038806,246.18428402308737,,,,207.7677633435912,159.49174208180995,267.0278073115262,2.8126589066395157e-11,49.25857609522848,,,,,,18444;44980;45677;45963;47137;47218;47283;47664;48121;48688;49289;49939;50966;51240;51579;53947;15748;16853;17086;43129;43683;44361;45004;48525;49540;54193;56591;57111;57248;15479;17074;45547
none,M_UV,M_UV_lt-19,mean,42,244.55379121986007,218.94116715829614,313.33812435902587,158.75803239675287,135.7207486990833,257.4248297630614,506.32854975698467,375.0348610598514,607.1663751962861,388.26023821077933,331.8892919324259,435.8438246299328,-6.568285644782994,-25.776357657838464,8.629319399648987,221.3192554502382,184.17689412831038,300.985639814371,-0.029677877017166357,-0.11571319372306695,0.03306059598564592,1.9701673483179605e-09,1.4972584293352388e-31,1.9144800829828875e-09,-475.09072197131485,-996.4171284456905,-83.25824673920698,244.61515287383796,219.35540020626354,311.7652999362289,,,,209.59141865423632,164.8237194020742,295.6622419734096,4.1844586379584384e-10,50.411883854518955,,,,,,17058;18444;18502;26580;26999;29701;33361;42751;44980;45677;45963;46212;46979;47137;47218;47664;47750;48744;49726;50966;51240;51579;53947;59457;16853;18866;28600;43129;43683;45443;47736;48525;48648;49482;49540;54193;56591;57111;57248;59737;15479;45547
none,M_UV,M_UV_lt-19,median,42,291.38237993788135,233.91748408847596,331.6770795900909,246.93691387267864,152.00335274903077,296.50887127237473,418.2436847786739,354.7561027811605,493.5511148319126,396.37572577202275,342.1368902225533,420.19933747612555,-4.5524957675827595,-25.96832626524027,14.570035662501645,233.19479440447162,200.49317588864534,331.1705633712593,-0.019522287275789477,-0.10402565694409932,0.05612397736460318,6.399602097564764e-11,2.8303434370740818e-14,8.719063577128114,-33.6918527343808,-1011.7436696155214,-9.593017848888739,291.3164730206768,233.70709480599194,331.62572551346295,,,,218.10032693061441,165.50131997520245,325.04244031966033,1.2595389897927665e-11,56.25565440963366,,,,,,17058;18444;18502;26580;26999;29701;33361;42751;44980;45677;45963;46212;46979;47137;47218;47664;47750;48744;49726;50966;51240;51579;53947;59457;16853;18866;28600;43129;43683;45443;47736;48525;48648;49482;49540;54193;56591;57111;57248;59737;15479;45547
none,M_UV,M_UV_ge-19,mean,24,174.1460466649119,98.9040404913431,218.44443178423708,174.11298125729772,98.42886961078109,214.73749542451904,561.9071183003194,461.41094981895935,742.0320370998772,291.6272066184945,248.27385469221812,317.39970050268465,65.32615450281824,34.077562990073176,92.31125816339986,144.64593002021084,114.71734408432393,195.69439319720854,0.4516280167280922,0.22518117445570102,0.6259730469935774,61.00028904079871,27.12427804301917,120.18040793612015,-165.78768493261018,-471.0855037227645,-99.13029810483249,246.8547763496496,147.27355708769326,288.15523460179674,,,,216.43137668743032,163.30436889369798,293.6817817037716,0.8957754009037872,106.27710251733174,,,,,,16871;17578;19819;23341;35799;38195;43713;46887;47283;47549;48121;48256;48586;48688;49289;49902;49939;50751;50970;42812;45004;46091;48146;17074
none,M_UV,M_UV_ge-19,median,24,169.71160881207632,117.51688302529251,217.93951514219202,169.67608235834987,117.48802841892469,215.1849382700813,521.8636227192173,443.11997707654905,583.1809887187079,289.49960833270086,239.38257601596584,317.53199530743996,60.1832074761075,26.747511873776173,90.4451552794195,158.32631278408635,119.91025155257263,205.84323181154892,0.3801213229678435,0.1929387585096733,0.5686192473142936,95.93975266166493,37.34715532645627,136.27674908852842,-0.38791062207999916,-109.09306869456219,-0.33965144089883087,331.4383630975702,233.06062002252827,359.9059203315624,,,,221.29114592874032,164.56406130816316,308.488806385808,1.6787808721874395,116.86681060617002,,,,,,16871;17578;19819;23341;35799;38195;43713;46887;47283;47549;48121;48256;48586;48688;49289;49902;49939;50751;50970;42812;45004;46091;48146;17074
