dv_kms,wave_rest,mean,mean_p16,mean_p84,median,median_p16,median_p84,n_spec
-2049.321354972968,1207.3599227278094,-0.012716082345317235,-0.018139571844101334,-0.007062595006767766,-0.012576606941262761,-0.01832960774284696,-0.01159377561819727,35
-1999.9999999999789,1207.5599227278094,-0.016728409291720776,-0.02401591593551765,-0.009453922661153195,-0.014318655373619068,-0.019551098576358793,-0.005644246579298706,35
-1950.6786450269897,1207.7599227278095,-0.017941362741689268,-0.023393645362078143,-0.011365283592603555,-0.012836807937580115,-0.021034631513389926,-0.009698405590219767,35
-1901.3572900540007,1207.9599227278095,-0.017265665966415093,-0.021659686054913172,-0.006525138144884237,-0.014212435662947739,-0.017506022787046244,-0.008417515268536856,35
-1852.0359350810115,1208.1599227278095,-0.00543698772456199,-0.013215991484172978,0.018080224461238383,-0.004662476863858804,-0.011296072969910488,0.005144638440475443,35
-1802.7145801080228,1208.3599227278096,-0.0030988028902643973,-0.008756135979358164,0.015644595726731613,0.004175841197238661,-0.007525289552636555,0.017602072314402015,35
-1753.3932251350334,1208.5599227278096,-0.0042099113942002005,-0.0109650255737653,0.009727883804700322,0.0037045473093419794,-0.011187554406741473,0.012018891357397248,36
-1704.0718701620444,1208.7599227278097,-0.01579762924083018,-0.026695505812854806,-0.007800886588875661,-0.01132703296270374,-0.0164500395614128,-0.003046142795546232,36
-1654.7505151890552,1208.9599227278097,-0.017753313599774164,-0.023355623015755275,-0.006480447490098589,-0.00711478810107151,-0.019221319082839704,-0.0049123141850348825,36
-1605.4291602160663,1209.1599227278098,-0.0011591865109113757,-0.015850193409421433,0.0028259198936688612,-0.007762559360513294,-0.01206806251649442,0.00122683705316033,36
-1556.107805243077,1209.3599227278098,-0.004536341289782117,-0.018990722300445573,0.00011902860194556566,-0.009720373703128027,-0.015365589908046666,-0.0023535092612327678,36
-1506.7864502700882,1209.5599227278099,-0.016827937006868944,-0.019471676392913834,-0.005002298347518289,-0.008095893547457782,-0.011874705527170246,-0.004251338544220548,36
-1457.465095297099,1209.75992272781,-0.015066687758822871,-0.021049995645956075,-0.007973478539030722,-0.012416021348734377,-0.023454884068635093,-0.009952042864438775,36
-1408.14374032411,1209.95992272781,-0.019878249486465934,-0.027305211938264275,-0.008916549368106503,-0.018969141326879015,-0.02556681897727557,-0.010819560816842584,36
-1358.8223853511208,1210.15992272781,-0.010107121896741402,-0.019404657814793926,-0.0029610156186689494,-0.00964619074169229,-0.014462494117187951,-0.006500992607847214,36
-1309.5010303781319,1210.35992272781,-0.014557716489700114,-0.02603759271126661,-0.0018116230215295668,-0.009693189118390792,-0.02091570036835176,-0.0009397042184475868,36
-1260.1796754051427,1210.55992272781,-0.005834167935457854,-0.013185137344271547,0.00042363278195679024,-0.0075747693799505566,-0.015163788721658257,0.0017066202483049127,36
-1210.8583204321537,1210.7599227278101,-8.228219022960298e-05,-0.0070996651478188386,0.004897274709798434,-0.00173273105510032,-0.005803658821325194,0.002878534519218734,36
-1161.5369654591645,1210.9599227278102,-0.006820979586818074,-0.017430087668264673,-0.0009099942837231994,-0.006722677280942535,-0.015653181312185346,-0.0007856691961478589,36
-1112.2156104861756,1211.1599227278102,-0.023089612624544256,-0.030715804407287012,-0.010520801070488221,-0.016229993203531086,-0.02285336009193424,-0.007132561638362522,36
-1062.8942555131864,1211.3599227278103,-0.023786874408521976,-0.03233086125140085,-0.012097383070697904,-0.02053960458045284,-0.032322353717071296,-0.009846638805975694,36
-1013.5729005401973,1211.5599227278103,-0.028719567741103114,-0.03685562569854001,-0.01225873994987462,-0.020340207588701836,-0.032716544360396164,-0.010274260966334894,36
-964.2515455672084,1211.7599227278104,-0.025280749673899372,-0.0334669199464896,-0.013601741476022635,-0.01735250545216251,-0.027986298657196963,-0.010274902355423804,36
-914.9301905942193,1211.9599227278104,-0.0268212604785747,-0.03431105589433221,-0.015975752749675675,-0.026531851742276284,-0.029351496181994393,-0.016957523077944934,36
-865.6088356212301,1212.1599227278105,-0.014170536545019043,-0.03738814397283301,-0.008188926045080596,-0.024903949231689336,-0.032388861340509716,-0.008983380664484075,36
-816.2874806482411,1212.3599227278105,-0.027625538396333745,-0.03507713720061987,-0.010443448170344689,-0.024372345336215774,-0.03774217526358803,-0.006681523821223537,36
-766.966125675252,1212.5599227278105,-0.011990733061160901,-0.020695407882819494,0.0015167910397456653,-0.00496568852704889,-0.015594308868325961,0.0009624333805341567,36
-717.6447707022629,1212.7599227278106,0.0011715736155781743,-0.008727611158274341,0.00726875488854502,-0.0008608137911875478,-0.003967483171326453,0.0025121447197887095,36
-668.3234157292738,1212.9599227278106,0.005840217892737897,0.002286165460079509,0.016455026518330865,0.0054832041967629655,0.0024765950175747557,0.009701948611339297,36
-619.0020607562848,1213.1599227278107,0.008656962550724803,0.00282251544432713,0.012438373330381289,0.0063537811766171395,0.004602632420295162,0.00695707319201249,36
-569.6807057832957,1213.3599227278107,0.003609571904844924,-0.007435190261839299,0.005883148625469045,-0.0010863004454381231,-0.005181106400321397,0.0008974164466436178,36
-520.3593508103066,1213.5599227278108,-0.0045108366259921165,-0.018589052849615862,0.003611224498045976,-0.0049419438511693215,-0.020374968151008088,0.004704141401295547,36
-471.0379958373175,1213.7599227278108,-0.008582017576660711,-0.029877439090342565,-0.004023979797117889,-0.012843280339903694,-0.02006393874533682,-0.003845492472153703,36
-421.7166408643285,1213.9599227278109,-0.017345940099456277,-0.026352003547477573,-0.009189709205110565,-0.008903665574999971,-0.020833526178103374,-0.003964117241934471,36
-372.3952858913394,1214.159922727811,-0.011921186649350154,-0.01998488038288891,-0.003350919656448969,-0.012292263953464326,-0.02191019154099248,-0.004343615759706891,36
-323.07393091835036,1214.359922727811,-0.0070748016491271465,-0.02334307555152291,0.004866224644395819,-0.0003620041469711559,-0.018684335098657547,0.0017404974020215588,36
-273.7525759453613,1214.559922727811,0.0021990732886054435,-0.01481582455846444,0.0051891933835512645,-0.006551192535816713,-0.01081082421737319,-0.0013385063191116097,36
-224.43122097237222,1214.759922727811,0.0009189795248914532,-0.017229489222809875,0.008762051935216238,-0.005216256891341109,-0.017420244854366322,0.0015192457452291815,36
-175.10986599938315,1214.959922727811,0.006497269848738938,-0.019521099930705294,0.015774873331148374,8.499398070196387e-05,-0.014519736846748763,0.017717541122048337,36
-125.78851102639406,1215.1599227278111,-0.004440033797208458,-0.021023112566816465,0.013913662578348328,-0.001001166529532973,-0.017381773534718592,0.01276417464403314,36
-76.46715605340498,1215.3599227278112,-0.008358349103169875,-0.0245914843073085,0.010762613828110322,-0.017629094442505433,-0.023978413408247155,-0.011639122286805904,36
-27.14580108041591,1215.5599227278112,0.014050875416036578,-0.002716159953062753,0.02622514658477443,0.007842947770748232,-0.012378813699209937,0.01974065407392077,36
22.175553892573163,1215.7599227278113,0.033748649870108456,0.01431389428934586,0.04720722562359646,0.020251481188576458,0.0066951578285975935,0.04188973385755337,36
71.49690886556223,1215.9599227278113,0.03959768937457381,0.00828377070744998,0.06648258620601297,0.022718339636086982,0.012103780271521092,0.06490985048087156,36
120.81826383855132,1216.1599227278114,0.053722936276558206,0.015032416488896248,0.08163324825523921,0.05038918981424931,0.026029818898929472,0.07770310072971798,36
170.1396188115404,1216.3599227278114,0.04360937315812853,0.01533940366629945,0.08900396943646863,0.05324809626536481,0.03312763852676057,0.08407732192695203,36
219.46097378452944,1216.5599227278115,0.06593945791360202,0.01584533734437625,0.10540954197374094,0.07379652118597646,0.048799132261391605,0.10384361619391758,36
268.7823287575185,1216.7599227278115,0.08772789953269639,0.05754924444674631,0.12037629544895473,0.08736102888004368,0.06679770856197256,0.10628301610437954,36
318.1036837305076,1216.9599227278115,0.06448331989934225,0.055242213166534604,0.10638846501870489,0.08486321020894866,0.06928468642606175,0.11438617494314059,36
367.4250387034967,1217.1599227278116,0.08378770393111085,0.06983633976940837,0.1264091468076026,0.09747228015284917,0.07457012602182754,0.10843252118854546,36
416.74639367648575,1217.3599227278116,0.07197634721581131,0.06021342945788775,0.11238844099548279,0.0839300582492688,0.07314558942833922,0.09434193285449621,36
466.0677486494748,1217.5599227278117,0.07717011786357716,0.05750707578972654,0.10400227633102939,0.08573887344711528,0.059894501165661786,0.09834292138720739,36
515.389103622464,1217.7599227278117,0.05412339498665655,0.036731679337959046,0.07616037305909505,0.06191965550775307,0.043931748947145466,0.07779448459433656,36
564.7104585954529,1217.9599227278118,0.04691892133524552,0.033074947424090034,0.06429154324482411,0.04770047651914172,0.03479255859805027,0.08265210262775413,36
614.0318135684421,1218.1599227278118,0.04451947094585539,0.03354777855823607,0.05491004593217617,0.06046388142310115,0.03844788330692286,0.06512482674849594,36
663.353168541431,1218.3599227278119,0.026373754706274483,0.015307643587222365,0.04100025324364708,0.03204314529199075,0.023566914686935187,0.0448941644270525,36
712.6745235144202,1218.559922727812,0.017517856866406663,0.007416164619528098,0.023773664696754366,0.02466404623367709,0.015532615194161532,0.030466640206137284,36
761.9958784874092,1218.759922727812,0.01928954815589689,0.010863536184277545,0.029115183012572803,0.020994101871938217,0.012428947346369464,0.030989862244949963,36
811.3172334603984,1218.959922727812,0.017073339683638243,0.012892536361937906,0.028730035375364046,0.0210379279674413,0.01292460485931532,0.02752178867321454,36
860.6385884333873,1219.159922727812,0.012833817805686732,-0.004589759338182709,0.02022760427811096,0.01077721046995643,-0.001665639128912247,0.017599865464144236,36
909.9599434063765,1219.359922727812,0.002741602438838713,-0.009958709231848006,0.01570663862279371,-0.0008079611418671687,-0.008239134175666105,0.008009433545259355,36
959.2812983793655,1219.5599227278121,0.022639190424208977,0.012436130283674456,0.034156912287764726,0.019355452636662135,0.009834932187499725,0.02372155662004932,36
1008.6026533523545,1219.7599227278122,0.02704617979855549,0.019036920198155474,0.033994138330401054,0.023568187096791628,0.01929407731580689,0.03098175760951519,36
1057.9240083253437,1219.9599227278122,0.027756510782939666,0.012380280011026867,0.03531890840466199,0.02294454033514595,0.011511834046197584,0.03151136666778733,35
1107.2453632983327,1220.1599227278123,0.012698480984193166,0.0015119304233912577,0.02907076972098425,0.01429145424848383,0.00717444433483394,0.023909070383722857,35
1156.5667182713219,1220.3599227278123,-0.0031153037786244243,-0.011557951547357977,0.012617557840696975,0.006775477454123143,-0.005474999602306718,0.02319346114643755,35
1205.8880732443108,1220.5599227278124,-0.00934998674642514,-0.015984474924195004,0.005393750839748844,0.0023250102963090357,-0.0038001479111486568,0.006443709861709303,35
1255.2094282173,1220.7599227278124,-0.0010611400868752456,-0.007803188313551757,0.009463983683747035,-0.00047052226359854476,-0.0014944273523135583,0.008804208049093173,35
1304.5307831902892,1220.9599227278125,-0.006303778382147169,-0.012562077148005326,0.005551162706903602,-0.003392966266516919,-0.012585125653475722,0.007045795837499026,34
1353.8521381632781,1221.1599227278125,0.0018761027213000465,-0.004276524752817324,0.013222523169677891,-0.0021058917339504455,-0.008376438095168469,0.01466022171963097,34
1403.173493136267,1221.3599227278125,-0.002619374871863504,-0.013515152598907062,0.007477351639614402,-0.007898537622493648,-0.015399956608221002,0.007257433219284319,33
1452.4948481092563,1221.5599227278126,-0.017687535567417857,-0.020554733460346482,-0.004458355114311936,-0.009343914120475564,-0.012349749718021176,-0.004775072430767435,33
1501.8162030822455,1221.7599227278126,-0.018099235154639192,-0.02630842462975578,-0.01066152961317585,-0.014595829023206306,-0.026110383297636517,-0.01053554985023483,33
1551.1375580552344,1221.9599227278127,-0.016786563878907007,-0.02634268960087274,-0.011393592730921888,-0.01890744852939169,-0.023013244371966505,-0.013987815524524687,33
1600.4589130282234,1222.1599227278127,-0.018139909017579416,-0.02353161159235701,-0.014465611209167431,-0.01653643813060982,-0.02797570425395184,-0.01484723041333371,33
1649.7802680012126,1222.3599227278128,-0.014088636592626682,-0.02367829033502131,-0.0023329484892947237,-0.01852887421900818,-0.020750679997380898,-0.003476841409608189,33
1699.1016229742017,1222.5599227278128,-0.00825104169110769,-0.01771962208306228,0.0027575803708741135,-0.011764672474927232,-0.018717528171889177,-0.003333834330238982,33
1748.422977947191,1222.7599227278129,-0.0016344369519845283,-0.01040461147148768,0.006764646052542324,-0.01012919243358602,-0.015108206550766215,-0.002714565592171519,33
1797.7443329201797,1222.959922727813,-0.0003078509023160433,-0.014316971523503684,0.005554563201774994,-0.005561546576283897,-0.02138432755360654,-0.004010053863659283,33
1847.0656878931688,1223.159922727813,-0.004869347814245082,-0.01666563316886088,0.003474222263627082,-0.010405678827123887,-0.016246031191441346,-0.006126184120913095,33
1896.3870428661578,1223.359922727813,-0.0048979743833168455,-0.013656753563400735,0.0032474885680124537,-0.00799598753660154,-0.015248085058029829,0.0006990476098550279,33
1945.708397839147,1223.559922727813,-0.002896803527659491,-0.015565179546181205,0.005667176068134564,-0.005539322661314046,-0.01270224242794917,-0.00027728482915395587,33
1995.0297528121362,1223.759922727813,0.01452524201595043,-0.005285591299430647,0.022461198757453754,0.011266640520236914,0.003121768978058766,0.02187568745274039,33
2044.3511077851251,1223.9599227278131,0.02540817138048215,0.0020623389504526453,0.029009386077742692,0.014776395650003252,0.007404580964622475,0.02583087057693158,33
2093.6724627581143,1224.1599227278132,0.00429485162998241,-0.004658094162029916,0.02102677443655252,0.007723294101069997,0.0023702086763757835,0.018895995850287412,33
