dv_kms,wave_rest,flux,flux_p16,flux_p84,n_spec
-2098.642709945957,1207.1599227278093,-20.024701272710985,-27.689796533090398,-8.549518644384081,44
-2049.321354972968,1207.3599227278094,-6.657939921999818,-11.626868740276104,-2.163275486180419,44
-1999.9999999999789,1207.5599227278094,-11.324145895061157,-23.052787772229905,-1.2336989768401208,44
-1950.6786450269897,1207.7599227278095,-24.576353429073095,-35.76743664180567,-7.882799532332253,44
-1901.3572900540007,1207.9599227278095,-21.004082805863504,-30.590416704784268,0.0,44
-1852.0359350810115,1208.1599227278095,0.024853670268152994,-14.293971783127665,3.2458647618459007,44
-1802.7145801080228,1208.3599227278096,3.751225699437483,-2.149427816468706,7.549171937851721,44
-1753.3932251350334,1208.5599227278096,-6.61752176060955,-15.870230293163162,1.818214573677503,44
-1704.0718701620444,1208.7599227278097,-7.207700428561289,-16.119905160068974,6.825805685494299,44
-1654.7505151890552,1208.9599227278097,-6.125359551311742,-12.654773008672615,0.8603713555170351,44
-1605.4291602160663,1209.1599227278098,-7.471361931294358,-13.792741837097035,-0.7472284107913225,44
-1556.107805243077,1209.3599227278098,-14.140101542465349,-22.533456844820982,-2.009588758648804,44
-1506.7864502700882,1209.5599227278099,-10.792123781298242,-14.589651051592098,-4.374351352059627,44
-1457.465095297099,1209.75992272781,-25.707772882311733,-39.31716150913795,-3.0139323147036414,44
-1408.14374032411,1209.95992272781,-23.349684025324336,-35.66497463777888,-13.093737645505781,44
-1358.8223853511208,1210.15992272781,-10.130639217069064,-19.349816503816715,-4.924873778572453,44
-1309.5010303781319,1210.35992272781,-12.844526974893466,-23.334525619862553,-4.772485726099881,44
-1260.1796754051427,1210.55992272781,-1.9839661074280848,-13.707450477329255,1.688365345139637,44
-1210.8583204321537,1210.7599227278101,1.0885967467937068,-8.929147876779727,5.145909407593093,44
-1161.5369654591645,1210.9599227278102,-5.565705918894972,-19.542851448220866,-1.01367479524734,44
-1112.2156104861756,1211.1599227278102,-18.118315795601696,-25.036886654573777,-10.791870079034332,44
-1062.8942555131864,1211.3599227278103,-28.468817158915087,-38.37422558560313,-22.983965359098324,44
-1013.5729005401973,1211.5599227278103,-27.18996540402258,-35.88817484684856,-21.224802117757015,44
-964.2515455672084,1211.7599227278104,-22.190018265305884,-31.058124293191483,-13.332546559194814,44
-914.9301905942193,1211.9599227278104,-27.130736158564176,-32.844669247794585,-21.92319694586545,44
-865.6088356212301,1212.1599227278105,-26.891732715401183,-31.074817398986212,-11.865278734607603,44
-816.2874806482411,1212.3599227278105,-30.12815778002191,-48.470783594030834,-14.084627734097637,44
-766.966125675252,1212.5599227278105,-9.633803454181226,-21.116810323070606,0.27797742279801074,44
-717.6447707022629,1212.7599227278106,-0.1979721536877681,-7.065820065324521,2.8595312529394006,44
-668.3234157292738,1212.9599227278106,4.35166731431209,-5.814720926076319,16.460648453511663,44
-619.0020607562848,1213.1599227278107,1.2270400950689755,-1.0190915301188603,15.063485485922282,44
-569.6807057832957,1213.3599227278107,6.13967071995673,0.6931569673645441,18.35083624789724,44
-520.3593508103066,1213.5599227278108,12.717995338458053,-2.7293004397449945,25.88720106664796,44
-471.0379958373175,1213.7599227278108,-4.631479797622797,-24.759383820534595,0.9085324025051378,44
-421.7166408643285,1213.9599227278109,-2.313223936500889,-16.550933911088528,4.796114878595793,44
-372.3952858913394,1214.159922727811,-7.778137183934712,-23.013308622052723,5.718972941807092,44
-323.07393091835036,1214.359922727811,-3.926376260373816,-9.573349386760537,2.743888245089888,44
-273.7525759453613,1214.559922727811,0.09070532861875735,-5.936092098703867,12.15571924947462,44
-224.43122097237222,1214.759922727811,0.0,-19.944352725352744,15.755751426871349,43
-175.10986599938315,1214.959922727811,0.0,-9.02626655715217,25.50419661711405,43
-125.78851102639406,1215.1599227278111,-0.9441935602647291,-14.233405930044063,17.812800661801987,43
-76.46715605340498,1215.3599227278112,0.0,-22.586941619346305,11.214815410408082,43
-27.14580108041591,1215.5599227278112,5.632730011192393,-5.835826200942291,16.503695379895444,43
22.175553892573163,1215.7599227278113,17.227442108345514,6.136967073428082,30.838842369013477,42
71.49690886556223,1215.9599227278113,49.97358037982599,26.69148047865958,58.55499861489757,42
120.81826383855132,1216.1599227278114,100.2460340563767,34.94014949146323,122.62171968389757,41
170.1396188115404,1216.3599227278114,87.47676725379648,26.160350993287114,181.751526796886,41
219.46097378452944,1216.5599227278115,105.18482539477154,72.05685053898412,195.09074095150027,41
268.7823287575185,1216.7599227278115,141.88116111721138,89.04492253672501,190.41224060208876,41
318.1036837305076,1216.9599227278115,143.1721095818972,107.78436545113563,169.07241790746045,41
367.4250387034967,1217.1599227278116,146.59434326494036,117.64310542598321,169.73932793518534,41
416.74639367648575,1217.3599227278116,135.3608290975955,106.8537010223015,154.81154228029703,41
466.0677486494748,1217.5599227278117,109.15478182173885,95.66985796275517,123.21993913367112,41
515.389103622464,1217.7599227278117,84.04760237858635,82.09478009141057,103.07055263515346,41
564.7104585954529,1217.9599227278118,67.805520388722,61.11240376239088,77.09838252866692,41
614.0318135684421,1218.1599227278118,60.239980634499005,53.27875647929706,72.44881654150404,41
663.353168541431,1218.3599227278119,58.12286586427803,48.15061260097497,60.92546252784167,41
712.6745235144202,1218.559922727812,34.49936841448222,22.672842905658044,46.36154567108569,41
761.9958784874092,1218.759922727812,43.44383581865422,13.247716145216959,69.3235453583625,41
811.3172334603984,1218.959922727812,35.925002673740295,25.99690860924465,47.01555000228057,41
860.6385884333873,1219.159922727812,5.575449861075775,-3.172577148897899,19.271679257250064,41
909.9599434063765,1219.359922727812,3.5838077617859025,-0.34663919504378793,13.39650997339946,41
959.2812983793655,1219.5599227278121,24.493284866696857,16.045590324426684,31.6183282973302,41
1008.6026533523545,1219.7599227278122,28.668239305065377,13.610157446437228,39.83662772724282,41
1057.9240083253437,1219.9599227278122,19.48159963965372,14.406784449130981,28.644540299777496,41
1107.2453632983327,1220.1599227278123,7.868955317286435,-1.7498602672798995,20.72586532488223,41
1156.5667182713219,1220.3599227278123,-4.243567384698313,-14.414154700761006,0.0,41
1205.8880732443108,1220.5599227278124,0.0,-19.93569547553516,6.624955755263101,41
1255.2094282173,1220.7599227278124,7.7251185669748565,1.0457490190581353,15.929083987824455,41
1304.5307831902892,1220.9599227278125,-1.6482784206024093,-8.181095449995027,6.417262219144771,41
1353.8521381632781,1221.1599227278125,-0.5387295714801894,-8.304930238914746,1.028575322139286,41
1403.173493136267,1221.3599227278125,-5.3794808283056605,-21.104859679046108,-0.2739817069333492,42
1452.4948481092563,1221.5599227278126,-3.7014501979921413,-12.46083257120926,0.0,42
1501.8162030822455,1221.7599227278126,-11.746929258323188,-21.736030145880704,0.0,42
1551.1375580552344,1221.9599227278127,-16.504725582557995,-33.93380630049264,-1.878510487770134,42
1600.4589130282234,1222.1599227278127,-23.495611590830137,-30.635559889923023,-16.230397481069044,42
1649.7802680012126,1222.3599227278128,-1.7582698279315183,-17.19435229645337,0.0,43
1699.1016229742017,1222.5599227278128,0.0,-2.4076093361354722,5.138445018537254,43
1748.422977947191,1222.7599227278129,0.0,-3.424064913020957,5.452214238408586,44
1797.7443329201797,1222.959922727813,0.0,-9.659919097053475,1.1814191023917537,44
1847.0656878931688,1223.159922727813,-14.495843037336286,-18.326007652796832,-8.235475543391502,44
1896.3870428661578,1223.359922727813,-14.542556545662016,-19.47712633063278,-6.163114992200231,44
1945.708397839147,1223.559922727813,-3.302392610167258,-10.224950831663108,0.0,44
1995.0297528121362,1223.759922727813,6.5446357034414255,0.0,22.715839036644866,44
2044.3511077851251,1223.9599227278131,7.843641120404108,4.638892300536544,20.636055897489662,43
2093.6724627581143,1224.1599227278132,4.264238948043489,0.0,9.969834632545856,43
2142.9938177311033,1224.3599227278132,0.0,-0.3670562968095883,13.647873111334775,43
