ID,grating,line,z,z_err,sigma_v_sys_kms
41512,G235H,Ha,2.961675443741489,0.0001178754292266,8.920004974530007
49902,G235M,OIII,2.9624312341345567,0.0001165726565049,8.819737470302533
49902,G235H,OIII,2.9618321363582,2.074018741653523e-05,1.5694132287743154
49902,G395M,,,,
47750,G235M,OIII,2.9879716833935595,3.017610854696633e-05,2.2684638890092814
47750,G235H,OIII,2.988601484137201,1.210815772871726e-05,0.9100769735407792
47750,G395M,,,,
59457,G235M,OIII,2.991417042488175,2.589407920382834e-05,1.9448856307240612
59457,G235H,OIII,2.9917631655753545,2.323069945714744e-05,1.7446898030869729
59457,G395M,,,,
43713,G235M,OIII,3.0026473378211547,0.0001565294105892,11.723824956153118
43713,G235H,OIII,3.0011570401049177,0.0002327742787828,17.440948329696898
43713,G395M,,,,
26580,G235M,OIII,3.005305427264979,2.5279978014655796e-05,1.8921769849583643
26580,G235H,OIII,3.005279481392564,1.3861268888426536e-05,1.0375065935762176
26580,G395M,,,,
50970,G235H,OIII,3.0655103966160846,9.134226415702104e-05,6.735617233622473
49726,G235H,OIII,3.1711728991265264,7.590172737385874e-05,5.455243876517323
42751,G235H,OIII,3.184537811382972,1.833526303364173e-05,1.313591565113694
42751,G395H,,,,
46091,G235M,OIII,3.1888448013842874,0.0001784968033316,12.774881370214251
17058,G235M,OIII,3.269399835085105,4.467867543771631e-05,3.1372863744419477
17058,G235H,OIII,3.268980072447333,1.4644886873410567e-05,1.0284486126436128
17058,G395M,Ha,3.2680962305927324,0.0002034860817593,14.292928116791225
17058,G395H,,,,
26999,G235H,OIII,3.300137844392818,1.673586822229722e-05,1.1667735437060198
46887,G235H,Ha,3.324865792972356,0.0001536446454217,10.650389657028672
46887,G395H,,,,
46212,G235H,OIII,3.37388307430417,3.873109752127111e-05,2.654687089180312
18502,G235H,Ha,3.3746310569744367,1.3498735852590638e-05,0.9250652565749662
59737,G235M,Ha,3.417202915782912,3.231823318023311e-05,2.193415776463597
59737,G395M,Ha,3.41619023861041,5.905574360630501e-05,4.008990912566035
48648,G235M,OIII,3.4184674339476557,8.030341673561968e-05,5.448576695168861
49694,G235M,OIII,3.4199192904280213,0.0001091955797798,7.406472633067291
48744,G235H,OIII,3.4573448216184914,4.0351298783084896e-05,2.71395091243601
48744,G395H,,,,
48586,G235H,OIII,3.4596043884078185,6.598362804173489e-05,4.435683597811653
46979,G235H,OIII,3.4614588551795977,2.9228237109280546e-05,1.964022381563641
33361,G235M,OIII,3.489710254794131,5.784688871726893e-05,3.8626236376132717
33361,G235H,OIII,3.48937394450284,1.7831119190409698e-05,1.190730626823709
33361,G395M,Ha,3.487146931964796,4.255970441289275e-05,2.843472387053686
47664,G235M,OIII,3.519489986483696,5.6957250207090605e-05,3.7781595028579438
47664,G235H,Ha,3.5181524974408296,3.301117801884317e-05,2.1903869347814484
47664,G395M,Ha,3.51817887598183,6.339860837467975e-05,4.206656079833582
43683,G235M,OIII,3.52606261544765,5.2879688536816815e-05,3.5025878233809635
53947,G235M,OIII,3.5359099966434178,0.000120503908734,7.964479679867317
53947,G235H,OIII,3.5354948251633367,0.0001366990083434,9.035691428873923
53947,G395H,,,,
49540,G235M,Ha,3.5648687486500403,0.0001034689222739,6.795201405139343
50966,G235M,OIII,3.715756172445461,4.681425092102902e-05,2.9760994504018465
50966,G235H,OIII,3.715599357484775,6.752547029885664e-05,4.29290641207014
50966,G395M,Ha,3.71367686127979,3.85837674621121e-05,2.453948971637073
57248,G235M,OIII,3.723101296811256,0.0001568884768721,9.958283584795739
45677,G235H,OIII,3.754906389376436,2.0365067741070243e-05,1.2839987195273912
45677,G395H,Ha,3.753429507868189,6.291210096773855e-05,3.967782283474122
47283,G235H,OIII,3.7556398181133535,5.426709278322896e-05,3.4209624269763177
47283,G395H,Ha,3.754340642422472,0.0001158540092516,7.305357527977818
48525,G235M,OIII,3.93883538677916,9.49263103837864e-05,5.76212602570363
47137,G235H,,,,
47137,G395H,Ha,4.038853297088122,8.340285377007043e-05,4.96215012856063
48688,G235H,OIII,4.388786720901873,6.251263479347733e-05,3.4777432122339422
48688,G395H,Ha,4.387535869221133,0.0001155682368396,6.4308594188308605
47218,G235H,OIII,4.391688730551099,7.29197288527793e-05,4.054533902448367
47218,G395H,Ha,4.3905566304436014,0.0002355828744305,13.101795200398993
45547,G395H,Ha,4.480683587300725,0.0001542204175311,8.43583055087575
51579,G235H,OIII,4.522096513814507,3.283737188762243e-05,1.7827280649338382
51579,G395H,Ha,4.520456299481968,8.750246118811091e-05,4.751885803913527
18444,G235H,,,,
18444,G395H,Ha,4.863015408142131,0.0001252936093198,6.40661442873083
44361,G235M,OIII,5.132260396411653,9.481866492858844e-05,4.635471879154642
45004,G235M,OIII,5.254917580157724,0.0001244015258365,5.9624509406460335
44980,G235M,OIII,5.254917580157724,0.0001244015258365,5.9624509406460335
44980,G235H,OII,5.2541785915144885,0.0003153532230436,15.116376433946622
44980,G395H,OIII,5.256126889924292,0.000161015077691,7.715813116544701
17074,G395H,OIII,5.50545452128854,0.0001530889063763,7.054833660722052
15748,G235M,OIII,5.522639188529189,5.049910620984212e-05,2.3210315241836077
15748,G395M,Ha,5.519636739738201,0.0001317220821623,6.056976540367735
