ID,ra,dec,z_sys,z_sys_source,z_lya,delta_v_kms,lya_snr,snr_flag,quality_flag,quality_reason,lya_sys_wave,lya_peak_wave,best_center,flux_fit,flux_fit_err,fwhm_ang,fwhm_kms,alpha_skew,mu,sigma,fit_success,n_mc_attempted,n_mc_success,lya_peak_repeat,lya_peak_err_mc,z_lya_err_mc,delta_v_err_lya_kms,delta_v_err_sys_kms,delta_v_err_kms,flux_fit_err_mc,fwhm_kms_err_mc,frac_alpha_at_bound,frac_sigma_at_bound,frac_mu_at_bound,_grade,n_criteria_failed,tier,skew_pinned,dv_out_of_band,pass_grade_a,pass_fwhm>100,pass_dv_err<120,pass_snr>2,pass_not_pinned_or_oob
15479,150.13694119697945,2.251802222222222,5.108947826149207,z_sys,5.131037008224848,1084.0115807373445,3.328606253858984,0,1,ok,7426.464603814808,7453.3177597887025,7451.061,64.58882678218434,17.88772734673866,2.9644202926865546,119.23699640399369,0.0001971255135646,7453.314599425917,1.2638290778737176,True,500.0,500.0,7453.3177597887025,0.6979108716458278,0.0005740956605376,28.173353922423495,15.32977992130017,32.0739773597481,19.5721861028697,80.21834139574155,0.534,0.18,0.0,a,0,gold,False,False,True,True,True,True,True
15748,150.14803567927123,2.253240097777778,5.522639188529189,z_sys,5.5233130058007545,30.96987741416769,3.614754666976647,0,0,skew_pinned,7929.376782319279,7930.195921761803,7932.061,227.7433171946084,302.33680918503984,4.236604150693893,160.17298975092538,14.999950991775757,7929.563991310754,3.559281512316616,True,500.0,487.0,7930.195921761803,1.0323957709131748,0.0008492401481595,39.03263450426402,2.321031524183608,39.10158236797734,58.19980140535866,59.57163175496976,0.6324435318275154,0.0143737166324435,0.0,a,1,silver,True,False,True,True,True,True,False
16853,150.1270650425999,2.2572522866666667,5.862264361055884,z_sys,5.877311088292534,657.3479402412013,2.3710654510319307,0,0,skew_pinned,8342.248915804808,8360.540770704585,8364.061,141.78454535082665,46.30456658987464,6.615311861693044,237.24000055768536,14.999999999999982,8359.554033010929,5.557695826661912,True,500.0,498.0,8360.540770704585,1.7347052325825754,0.0014269540521544,62.339490325699614,87.99230759443972,107.8371839852214,46.49808025118821,157.34413412873954,0.6044176706827309,0.0301204819277108,0.002008032128514,a,1,silver,True,False,True,True,True,True,False
16871,150.11744338197752,2.2569375833333334,3.0814630796266487,z_sys,3.0888298380919217,541.1046442685272,2.244913021279718,0,1,ok,4961.712222009728,4970.667769273206,4969.061,106.88216118757936,37.34200003697868,1.7904476119028914,107.99760485228526,1.2633394095234696,4970.135136114917,1.0000000000000042,True,500.0,497.0,4970.667769273206,0.5872946525604091,0.0004831036815586,35.485030083027624,5.398908655618506,35.893391796611915,40.35834224146752,177.34923800434825,0.5533199195171026,0.5090543259557344,0.0,a,0,gold,False,False,True,True,True,True,True
17058,150.1247021987222,2.2579972033333333,3.268980072447333,z_sys,3.271570455936088,181.9117025793857,7.809311377701261,1,1,ok,5189.671004672049,5192.820056167824,5191.061,384.31413446521503,50.80621383286979,6.407989580693538,369.9472441543337,0.004156704487426,5192.813239157632,2.726122375871794,True,500.0,500.0,5192.820056167824,0.6443760307090183,0.0005300583470094,37.22376118806545,1.0284486126436128,37.23796588879388,53.44420838163728,63.8861781230177,0.508,0.0,0.0,a,0,gold,False,False,True,True,True,True,True
17074,150.14937244937013,2.258442725555556,5.50545452128854,z_sys,5.507254770282043,82.9613163858549,5.190732675199884,1,1,ok,7908.48589789484,7910.6744065887715,7905.061,552.7060925072927,82.90965649962713,19.20682019549531,727.8867066557168,3.2895591548095463e-06,7910.653930234618,8.188494025776814,True,500.0,500.0,7910.6744065887715,2.451143053914345,0.0020162898269385,92.91717915792373,7.054833660722051,93.1846170816093,91.16002623952303,165.56048605588146,0.514,0.0,0.002,a,0,gold,False,False,True,True,True,True,True
17086,150.14558443125435,2.258416168888889,5.505161822211587,z_sys,5.530374034360183,1161.9128406363704,4.058620057731863,0,1,ok,7908.13007240796,7938.779802350645,7939.061,198.06888817423595,62.00655454137856,10.63352623636638,401.5548483714051,0.0004042945559851,7938.768465968729,4.53341912784964,True,500.0,500.0,7938.779802350645,2.131752245174716,0.0017535616122588,80.81344636170749,2.3704240745173246,80.84820358641016,66.97657833760837,166.3352208231767,0.646,0.006,0.02,a,0,gold,False,False,True,True,True,True,True
17416,150.10994726,2.258986276666666,5.854014796650496,z_sys,5.880425129778641,1155.1796895674436,3.293785017077626,0,1,ok,8332.220167844109,8364.326417518001,8364.061,305.5976553540597,62.90742774206612,9.027208006626095,323.55243730547784,0.0085608172680674,8364.297607279683,3.8404047679256976,True,500.0,499.0,8364.326417518001,1.6205622415508691,0.0013330609799952,58.30766925860407,28.249929309198176,64.79076168980772,68.13776746328135,111.1765016392327,0.6032064128256514,0.0060120240480961,0.002004008016032,c,1,silver,False,False,False,True,True,True,True
17578,150.09739694820968,2.26011549,3.094567955187736,z_sys,3.0851621897415127,-688.6630221687194,3.386820178353989,0,0,dv_out_of_band;skew_pinned,4977.643426083076,4966.209119203065,4973.061,275.7926960149445,70.91900934892779,8.99636179857498,543.2252856884361,14.999999999999607,4964.867224901176,7.558077905987906,True,500.0,499.0,4966.209119203065,2.4338744367636007,0.0020020848065376,146.58687603802412,10.025707357116438,146.92932666624995,90.34296679796206,382.90931851429593,0.593186372745491,0.0100200400801603,0.0400801603206412,a,2,bronze,True,True,True,True,False,True,False
17806,150.13665302764898,2.2605307544444444,2.955918150968278,z_sys,2.9671561284643424,851.6508097290183,3.379000638807499,0,1,ok,4809.091018587606,4822.752690690248,4822.061,168.30512151333343,46.23388942356705,6.041121106048195,375.5293034986756,0.001157135620444,4822.746263965667,2.570047159902952,True,500.0,499.0,4822.752690690248,1.2791609887238553,0.0010522271576364,79.74122666945507,1287520.789875639,1287520.7923449827,49.69534191426752,172.7275775043713,0.6172344689378757,0.032064128256513,0.002004008016032,c,2,bronze,False,False,False,True,False,True,True
17891,150.09815698118564,2.2602663944444443,3.0928437799138218,z_sys,3.086391495446403,-472.616675402023,4.310987003327139,0,0,dv_out_of_band;skew_pinned,4975.547397927836,4967.703549269329,4971.061,310.2089131099178,66.14512769741495,12.543052919138972,757.2370928168617,14.999999999999693,4965.832631712063,10.537745509167245,True,500.0,499.0,4967.703549269329,2.2947126203714623,0.0018876114573621,138.26368876543847,50.31734455078284,147.1349135782131,71.41195887693462,231.10218929980243,0.5531062124248497,0.0,0.0,c,3,bronze,True,True,False,True,False,True,False
18444,150.12027360213534,2.2633166566666665,4.865695905931787,z_sys,4.869559825825705,197.4827984760422,3.834296701958064,0,1,ok,7130.750541964096,7135.447793461536,7135.061,176.54648441464985,47.32194873553635,10.35875816927546,435.2203368715431,0.0124127181786837,7135.414663104918,4.416276537199594,True,500.0,499.0,7135.447793461536,1.9794696722494551,0.001628295238222,83.22126473052357,27.45194019423176,87.63211696504635,53.35033087520861,175.6081534428667,0.5851703406813628,0.0080160320641282,0.0080160320641282,b,1,silver,False,False,False,True,True,True,True
18502,150.09363490210197,2.263806912222222,3.3744,z_dja,3.3775792654707413,217.8858380824878,10.547205131145764,1,1,ok,5317.826848,5321.691785654816,5322.061,427.5105282104228,40.56012278155095,8.3054181465086,468.12560739216985,1.875679992232751,5318.875279501031,5.238701446039148,True,500.0,500.0,5321.691785654816,0.7277977347705551,0.0005986803448062,41.02959311579616,,41.02959311579616,40.52210244332478,54.29744999994494,0.208,0.0,0.0,d,1,silver,False,False,False,True,True,True,True
18866,150.13633145152758,2.2647953511111107,3.2474744585663524,z_sys,3.253824186220327,448.1723150038977,2.3296545804316,0,1,ok,5163.527275045358,5171.246448462465,5172.061,188.942329387456,87.62841683486812,8.876665925263296,514.9124313343808,2.204116128470507,5168.174886908856,5.877117058795992,True,500.0,491.0,5171.246448462465,2.7650770801159106,0.0022745293378268,160.53933876046585,1.4027282053067411,160.54546688108505,101.88727449073713,419.576423043298,0.6741344195519349,0.0712830957230142,0.0427698574338085,a,1,silver,False,False,True,True,False,True,True
19819,150.11892789,2.268382813333333,3.084496294212153,z_sys,3.0869646856687822,181.17414946310296,2.238219475113376,0,1,ok,4965.399609984888,4968.400359426969,4968.061,125.01742649506228,43.68029994622916,4.081895832643568,246.30242800884392,0.0210510393358415,4968.369962330343,1.7365427058234413,True,500.0,500.0,4968.400359426969,2.1737421270570625,0.0017881021387852,131.24250745461518,1.2005459875526194,131.24799836051957,60.12525229936664,278.90511801704366,0.638,0.12,0.008,a,1,silver,False,False,True,True,False,True,True
23341,150.12872019037997,2.2812037944444445,3.1840106038551834,z_sys,3.18041557367415,-257.59087072177766,6.039034239058839,1,0,skew_pinned,5086.376170788632,5082.005800448455,5085.061,330.98220393376954,57.32011449869319,7.5454508010925565,445.212069234512,14.999999999999982,5080.88032354325,6.339129780161564,True,500.0,499.0,5082.005800448455,1.162056732943916,0.0009558981738003,68.49195431227638,1.1130711248798455,68.50099804268545,51.827728790485125,99.84375258602176,0.5831663326653307,0.0,0.0,a,1,silver,True,False,True,True,True,True,False
26580,150.11948845996713,2.291802978888889,3.005279481392564,z_sys,3.006675279842796,104.47456918089466,8.883438835011361,1,1,ok,4869.0981071444985,4870.794937446492,4871.061,629.3209001992494,68.99735282250295,7.114189791464014,438.0513378473046,1.1297825287311585,4868.791075362373,3.834183959038469,True,500.0,500.0,4870.794937446492,0.6575647904354948,0.0005409073107302,40.48654606684876,1.0375065935762178,40.49983743615252,66.92171107972125,57.79515949983514,0.368,0.0,0.0,a,0,gold,False,False,True,True,True,True,True
26999,150.09337527,2.2937405133333333,3.300137844392818,z_sys,3.3022719018135005,148.77995608762163,13.23233341789166,1,1,ok,5227.548573293017,5230.142882877619,5231.061,576.8888264364147,40.90580452924048,5.9787974820355885,342.83631051898715,3.266231092847904,5228.14631364548,4.362994731872176,True,500.0,500.0,5230.142882877619,0.4719201763965903,0.0003881976000037,27.063949321202635,1.1667735437060198,27.0890884557402,41.28853811067291,30.026750136765354,0.036,0.0,0.0,a,0,gold,False,False,True,True,True,True,True
28600,150.1112496902858,2.29841707,3.487007543447717,z_sys,3.501978083295673,1000.233428437066,2.7719583025638777,0,0,skew_pinned,5454.720460343086,5472.919696520051,5476.061,117.54009867662486,122.6302186264884,5.291457163510131,289.89421420477004,14.999719050843565,5472.130424548182,4.445491007747527,True,500.0,497.0,5472.919696520051,1.7505423579271282,0.001439981539338,96.21013581383072,5.14269777060324,96.34748348387475,48.194219105538686,209.6158783229321,0.6639839034205232,0.0342052313883299,0.0140845070422535,a,1,silver,True,False,True,True,True,True,False
29701,150.10582531977326,2.3027749655555554,3.4899060755399622,z_sys,3.488587561604616,-88.03759520451807,22.136425663191662,1,1,ok,5458.244118851666,5456.641241015884,5458.061,545.8307585873724,23.34903009018277,5.947587119075251,326.8826734744555,3.451571247932185,5454.684222460159,4.372132516394119,True,500.0,500.0,5456.641241015884,0.2485241056616972,0.0002044338559491,13.650113642085838,1.438668143075792,13.72571923316804,24.00364878929115,17.76436126466327,0.0,0.0,0.0,a,0,gold,False,False,True,True,True,True,True
33361,150.1186535995437,2.314427162222222,3.48937394450284,z_sys,3.492900375782037,235.4888486073033,7.45416116550701,1,1,ok,5457.597223113768,5461.88419982695,5463.061,236.7957355810641,29.23076223324036,5.159979090287379,283.31383156586514,2.3539384822896903,5460.103398962457,3.47386471078466,True,500.0,500.0,5461.88419982695,0.622805511823327,0.000512314618131,34.21146479163164,1.190730626823709,34.232180220002164,27.903703767619906,45.56556788800578,0.248,0.0,0.0,a,0,gold,False,False,True,True,True,True,True
35799,150.15708537876117,2.3227015644444444,3.1854478218927573,z_sys,3.1855828196943152,9.669532264133531,6.942294940848331,1,1,ok,5088.123353640369,5088.287466417788,5088.061,812.0681626624921,99.8990328876841,18.887219014814946,1112.8219243601973,0.0183051165436059,5088.18678827805,8.052237616230924,True,500.0,500.0,5088.287466417788,1.846450629472968,0.0015188748833753,108.79295455549476,23.494668127483543,111.3009721041759,107.82972787371568,190.5147012906793,0.518,0.0,0.032,a,0,gold,False,False,True,True,True,True,True
38195,150.17782381,2.330552507777778,3.182307796631096,z_sys,3.185873793743601,255.61462512158124,3.580981185347554,0,1,ok,5084.306119130525,5088.641194840284,5093.061,214.913098052704,156.74590670446318,6.011261548563198,354.2101721309696,14.851678359917658,5087.744557088292,5.050217422836935,True,500.0,496.0,5088.641194840284,1.2724489618672896,0.0010467059003407,75.02903897198442,21.29800240303964,77.99334327632992,58.981155202754096,186.92742856299168,0.5584677419354839,0.0080645161290322,0.0040322580645161,a,0,gold,False,False,True,True,True,True,True
41512,150.18109583900358,2.341806872222222,2.970282869536842,z_sys,2.9685740761174446,-129.0294410370765,6.465591431622585,1,1,ok,4826.553776009853,4824.476447113694,4825.061,448.48416343751614,66.24609232786509,11.09202450949033,689.2589199308846,0.0006709262157315,4824.4646470876205,4.718830426963135,True,500.0,500.0,4824.476447113694,1.512505413804389,0.0012441743349793,93.94647543274348,365.0646234854021,376.9590422934214,74.09665256447836,136.68438730843746,0.468,0.0,0.002,c,2,bronze,False,False,False,True,False,True,True
42751,150.13917181,2.345338637777778,3.184537811382972,z_sys,3.18592208151886,99.17313817666692,32.317050450093795,1,1,ok,5087.017081163938,5088.699896840032,5091.061,1667.0815089570106,48.296632041222345,7.897813087721261,465.4760591219567,6.159191573606827,5086.630669811049,6.316670907558952,True,500.0,500.0,5088.699896840032,0.243643275562742,0.0002004189258291,14.35859469129466,1.3135915651136942,14.41855624911222,48.08724049113203,16.251714908770744,0.002,0.0,0.0,a,0,gold,False,False,True,True,True,True,True
42812,150.07946153679046,2.345420498888889,2.9904,z_dja,2.9959763634556613,418.9433909066834,3.05400755135056,0,0,narrow_fwhm;skew_pinned,4851.009568,4857.788585762144,4855.061,95.71695858676732,15767.487724603789,1.1902975743932984,73.46043817409466,14.999999869487,4857.611041376048,1.0000000000000002,True,500.0,500.0,4857.788585762144,1.0744316874119215,0.0008838185423773,66.3998930546549,,66.3998930546549,33.79550341641842,248.41607282619304,0.642,0.612,0.002,d,3,bronze,True,False,False,False,True,True,False
43129,150.11015839,2.3465862566666664,3.521121896921187,z_sys,3.5281096463043538,463.35281623220726,2.0551295140717163,0,1,ok,5496.192256430179,5504.687053722814,5507.061,102.9038339143951,219.9767549154939,3.7276250879831423,203.0351129429313,11.98483202694828,5504.042485218017,3.1055776514262075,True,500.0,498.0,5504.687053722814,1.11421737055993,0.0009165459134139,60.775523977652114,7.945882451936664,61.29275130631813,39.86159726886369,176.7752632114166,0.6124497991967871,0.1044176706827309,0.0100401606425702,a,0,gold,False,False,True,True,True,True,True
43604,150.1036425266078,2.3485374544444446,3.0026473378211547,z_sys,3.006186573884396,265.08362823161264,3.766799288729469,0,1,ok,4865.898289169043,4870.200832274043,4870.061,182.1494477376193,48.2607712869229,6.594737935320154,406.0705734094443,0.7620797370373823,4868.741605420384,3.224004523636564,True,500.0,500.0,4870.200832274043,1.336075496412468,0.001099044556839,82.31683716748334,11.723824956153118,83.14751801984522,56.79749452093248,187.3195423248076,0.63,0.026,0.0,a,0,gold,False,False,True,True,True,True,True
43683,150.08969066,2.348563267777778,3.52606261544765,z_sys,3.5266623340718617,39.72351594233475,13.16987088522881,1,1,ok,5502.198539721245,5502.92759966114,5504.061,479.8102974071159,36.251086163528704,8.599474306100092,468.7373081572943,2.949665018811347,5500.005002521522,6.119092126351859,True,500.0,500.0,5502.92759966114,0.678785813637212,0.0005583635473748,36.98428292922691,3.5025878233809635,37.14976857598983,38.35393118490917,46.2887884991265,0.028,0.0,0.0,a,0,gold,False,False,True,True,True,True,True
44361,150.07672123,2.350948707777778,5.132260396411653,z_sys,5.131120426613671,-55.73056682050617,15.347033798550598,1,1,ok,7454.804996105755,7453.419169021442,7455.061,398.73768641977176,23.95467780322326,4.422213796075994,177.89928068372922,5.8758033530639,7452.229928259549,3.522795412451438,True,500.0,500.0,7453.419169021442,0.2497333341767322,0.0002054285572373,10.042941450042976,4.635471879154642,11.061115337588014,25.261983228734188,14.232434430911908,0.124,0.0,0.0,a,0,gold,False,False,True,True,True,True,True
44980,150.07847712879428,2.352441203333333,5.256126889924292,z_sys,5.25658787506972,22.09032397854094,6.142586581025192,1,0,skew_pinned,7605.385776274264,7605.946182086006,7610.061,423.1941738038767,64.13751062991217,8.364110048471957,329.7299793462269,14.99999582089405,7604.698594242642,7.026906740302919,True,500.0,500.0,7605.946182086006,1.2714720095358405,0.0010459022675033,50.1194456441736,7.715813116544701,50.70988664677446,59.15603024548572,69.12791976440415,0.54,0.0,0.0,a,1,silver,True,False,True,True,True,True,False
45004,150.07851878758936,2.352448581111111,5.254917580157724,z_sys,5.256731731884295,86.95062697848853,5.957940172988147,1,0,skew_pinned,7603.915654670342,7606.121064499781,7610.061,451.41834080549216,62.954456017086144,9.909692839290074,390.66280935456894,14.999999645008367,7604.642938046862,8.325391105949947,True,500.0,499.0,7606.121064499781,1.4970651106626045,0.0012314732704291,59.02338343744315,5.962450940646034,59.32377780977076,63.485333100703286,75.35747501049849,0.5951903807615231,0.0,0.0,a,1,silver,True,False,True,True,True,True,False
45443,150.1217307550671,2.3536541466666665,3.3314385002049782,z_sys,3.330142554841623,-89.69644747250578,4.705459261184913,0,1,ok,5265.599841544186,5264.024399644316,5266.061,203.1370091353036,40.52014183633752,7.828048978075458,445.9791568528152,7.044398317628031,5262.107003032277,6.336916571523549,True,500.0,499.0,5264.024399644316,1.337988479226379,0.0011006181605422,76.1772384977371,4.030078043049315,76.2837675667254,42.537725047893474,135.14646028389734,0.468937875751503,0.002004008016032,0.0,a,0,gold,False,False,True,True,True,True,True
45547,150.14623671,2.3543245244444444,4.4805,z_dja,4.482306754730224,98.832486374747,15.534694532601272,1,1,ok,6662.479435,6664.675852522892,6667.061,604.3859954055614,36.882589019022845,8.44409970756169,379.9764692622615,4.82349725688912,6662.195192881176,6.569640998159207,True,500.0,500.0,6664.675852522892,0.5217835719790804,0.0004292148132133,23.478763591504944,,23.478763591504944,36.158484349665954,28.891344752737663,0.012,0.0,0.0,d,1,silver,False,False,False,True,True,True,True
45677,150.1413637674817,2.35503687,3.754906389376436,z_sys,3.756473009983467,98.77398292942712,5.246657225870278,1,0,skew_pinned,5780.397050373253,5782.3015440466015,5785.061,147.51255040612767,131.90735593986165,4.586807477440743,237.8383414671199,14.99999062980562,5781.6173773850505,3.85349645005979,True,500.0,499.0,5782.3015440466015,0.6879651199507716,0.0005659143681679,35.680378446492504,1.2839987195273914,35.703474043805244,26.03322837909706,59.07236614919397,0.56312625250501,0.002004008016032,0.0,a,1,silver,True,False,True,True,True,True,False
45963,150.0888703774479,2.355855602222222,5.518194894913958,z_sys,5.546607437893324,1306.7829721478668,3.3959374028523097,0,0,dv_out_of_band,7923.973987900052,7958.514264023777,7955.061,107.31111198288536,39.47245761525435,11.913610931982475,448.7792930246761,2.051858290248141e-05,7958.501562946025,5.079160993283439,True,500.0,500.0,7958.514264023777,2.793414866333161,0.0022978397643547,105.68493918210008,4.726049935717858,105.79055684662544,40.78377959919372,210.21579142656623,0.66,0.012,0.006,a,1,silver,False,True,True,True,True,True,False
46008,150.12406824617432,2.355897825555556,4.4088,z_dja,4.416899085619874,448.9063721221579,3.644271243822777,0,0,skew_pinned,6575.315896000001,6585.161711415512,6587.061,87.41609519874706,75.48754819649616,4.35804409152388,198.4215104080575,14.99998303501157,6584.511667023709,3.661306370169218,True,500.0,499.0,6585.161711415512,0.8365468196601872,0.0006881364347727,38.14119827316205,,38.14119827316205,21.31099053679674,68.95376256137611,0.6192384769539078,0.0060120240480961,0.0,d,2,bronze,True,False,False,True,True,True,False
46091,150.11776606746682,2.35541026,3.1888448013842874,z_sys,3.2023965514412582,969.8885139975406,4.097456047535478,0,1,ok,5092.252959698837,5108.727415690595,5109.061,183.97462875488816,45.451635169676905,7.170183405117314,420.947346948247,1.3838654710854024,5106.498289904191,4.107960377802719,True,500.0,500.0,5108.727415690595,1.5040770016173817,0.0012372411934302,88.54841754813616,12.774881370214253,89.4651878906098,49.14349004309402,152.31561149808846,0.544,0.008,0.0,a,0,gold,False,False,True,True,True,True,True
46212,150.15076755129388,2.35677657,3.37388307430417,z_sys,3.3735885992234715,-20.18376046241672,33.515138613622895,1,1,ok,5317.19843693935,5316.840452417998,5319.061,1946.5953662074169,55.26322578040115,8.197745770925394,462.4442114209109,4.662917897327441,5314.419110520408,6.328723038210333,True,500.0,500.0,5316.840452417998,0.2344977683326454,0.0001928959078801,13.221372720560776,2.654687089180312,13.485253433193211,56.58554062180989,15.762227740882883,0.0,0.0,0.0,a,0,gold,False,False,True,True,True,True,True
46887,150.0864819,2.359282,3.3249,z_dja,3.3267910937269827,131.0864151126099,34.584149361955085,1,1,ok,5257.651183,5259.950128911081,5261.061,1439.515342308377,38.04700303872224,5.292441294849596,301.73874315821485,4.234671032258776,5258.303816065546,4.039021514905266,True,500.0,500.0,5259.950128911081,0.1466191849840995,0.0001206077183644,8.36025904465939,,8.36025904465939,36.93483663202149,9.464499100724009,0.0,0.0,0.0,d,1,silver,False,False,False,True,True,True,True
46979,150.16880099133834,2.3589189966666666,3.4614588551795977,z_sys,3.4627688969843984,88.02964803496646,23.50417053810447,1,1,ok,5423.661686476182,5425.254264997024,5426.061,806.2063478461474,33.30340586908949,6.585987847330216,364.07972108871365,1.7607212015576783,5423.069099276073,4.064408240967814,True,500.0,500.0,5425.254264997024,0.2479045644186087,0.0002039242264912,13.70290460811552,1.964022381563641,13.842939666645826,34.12395374406605,17.998419784829473,0.036,0.0,0.0,a,0,gold,False,False,True,True,True,True,True
47137,150.13685254,2.35927325,4.0384,z_dja,4.041292436984598,172.10439687653414,61.37322038770971,1,1,ok,6125.031728000001,6128.547976869067,6130.061,2662.4310316713263,41.2617279494507,7.424683435117004,363.3143653313935,5.804131277611319,6126.55129905285,5.914603397815674,True,500.0,500.0,6128.547976869067,0.1218922673440747,0.0001002675622036,5.96607235048649,,5.96607235048649,40.53293020469876,6.65562075984939,0.0,0.0,0.0,d,1,silver,False,False,False,True,True,True,True
47218,150.12884485728088,2.360174831111111,4.391688730551099,z_sys,4.403067381979946,632.6837566215935,3.4520984384402054,0,1,ok,6554.514239069055,6568.346924251562,6570.061,117.34113006211714,32.384017007870625,6.437428125588667,293.88113338288844,8.143466376934393,6566.914924933829,5.253729606985576,True,500.0,499.0,6568.346924251562,1.4499611576447893,0.001192725951652,66.31878482524985,4.054533902448367,66.44261031795706,36.28770817795972,151.12292251969504,0.5851703406813628,0.0160320641282565,0.002004008016032,a,0,gold,False,False,True,True,True,True,True
47283,150.1349070586344,2.36036375,3.7556398181133535,z_sys,3.7550470670832894,-37.36664152062914,27.649845111477184,1,1,ok,5781.288657685861,5780.568068041143,5782.061,968.6199518485728,31.44825224115387,4.608157147156817,239.0509867326249,3.5139918844796147,5779.063190153604,3.400003769645296,True,500.0,500.0,5780.568068041143,0.1708501577292974,0.0001405399143923,8.859545296576835,3.420962426976317,9.497079908523483,32.1857542560767,8.720503242462657,0.004,0.0,0.0,a,0,gold,False,False,True,True,True,True,True
47549,150.09679965725107,2.360891763333333,3.231870179898798,z_sys,3.2295367094342886,-165.3067831684678,2.7363052335471068,0,1,ok,5144.557621597572,5141.720891557982,5140.061,78.51712336427052,31.14565995404791,3.59103945410152,209.42201197569705,4.695229348294415,5140.656106603568,2.783055576928509,True,500.0,498.0,5141.720891557982,1.3052060934293928,0.00107365164348,76.0592011455137,5.608117406042538,76.26567419051423,32.093783790897945,178.51823833141702,0.6506024096385542,0.144578313253012,0.002008032128514,a,0,gold,False,False,True,True,True,True,True
47664,150.13168715,2.361749794444445,3.519489986483696,z_sys,3.520064062275373,38.08031286268693,7.114734180237074,1,0,skew_pinned,5494.208391868636,5494.906278586303,5498.061,290.49183646888633,111.23447203123872,6.050235454450558,330.1444657336487,14.999999993838005,5494.0038274996095,5.082960416459685,True,500.0,500.0,5494.906278586303,0.7547516378177226,0.0006208524005838,41.1831573436086,3.778159502857944,41.35609916345422,36.066303175684496,59.47363580482204,0.496,0.0,0.0,a,1,silver,True,False,True,True,True,True,False
47736,150.1378752941347,2.3609134666666667,2.9871504317981623,z_sys,2.988896144492056,131.2595319430157,1.2323928692941233,0,1,ok,4847.0591654240725,4849.181375974658,4853.061,99.51974363821404,2486.709098812753,1.6841541899639196,104.13041571689676,5.1220764526245,4848.695943296375,1.320575020718508,True,500.0,486.0,4849.181375974658,3.2925315392604717,0.0027084089755118,203.64433144093056,3.0562311613181663,203.6672636358995,56.72586703197662,645.4568394291665,0.5473251028806584,0.2716049382716049,0.037037037037037,a,2,bronze,False,False,True,True,False,False,True
47750,150.12949332,2.3617853133333333,2.988601484137201,z_sys,2.992740752349896,311.1169157260516,3.676747004644051,0,0,skew_pinned,4848.823166221072,4853.855150409198,4858.061,215.16784776832807,58.46942782366686,7.91127708008753,488.7492258336916,14.999999999965398,4852.675106979185,6.646469967074184,True,500.0,499.0,4853.855150409198,1.7451932276454512,0.0014355813893946,107.90159786514462,0.9100769735407792,107.90543573865568,63.75775904683508,248.51990065580108,0.5951903807615231,0.0080160320641282,0.0040080160320641,a,1,silver,True,False,True,True,True,True,False
48086,150.08945162,2.3625202788888893,3.199436984326499,z_sys,3.215568082065679,1151.578523386891,2.5776604371298752,0,1,ok,5105.129558736196,5124.739650324784,5125.061,107.59204953460971,46.318291567036255,8.486659868213792,496.46250891663504,0.0014850788050966,5124.730621963222,3.610441788615574,True,500.0,500.0,5124.739650324784,2.6456832826617163,0.0021763169961105,155.36449864261917,2237.9708531530923,2243.357231249908,55.16140811563356,334.5066126782495,0.622,0.068,0.02,c,2,bronze,False,False,False,True,False,True,True
48121,150.0803971571723,2.36277555,4.517360727949767,z_sys,4.512353447391936,-272.07663597620865,2.8176163580689297,0,1,ok,6707.289916146694,6701.202715390955,6701.061,73.13001012489939,24.14180672585593,2.681584651050798,119.96640468598572,4.527829787346303e-05,6701.199856558705,1.1432470170095326,True,500.0,500.0,6701.202715390955,0.5732542885663725,0.000471554195272,25.62246665596428,8.08990424036603,26.869264004700494,16.86052866097447,47.56111556580555,0.524,0.21,0.0,a,0,gold,False,False,True,True,True,True,True
48146,150.07960361563778,2.3626120255555554,3.155380571338563,z_sys,3.1474428358475146,-572.6727535448662,3.510288148845932,0,0,dv_out_of_band;skew_pinned,5051.571499159151,5041.921832254749,5047.061,198.5688937070736,52.10916148259134,8.084201669587856,480.8012773742,14.999999999999932,5040.715995451092,6.791748419470687,True,500.0,495.0,5041.921832254749,1.8750646603901893,0.0015424125464889,111.27829103099468,31.321415491445883,115.60228857235714,62.02102650569719,258.62388232810326,0.5777777777777777,0.0121212121212121,0.0141414141414141,a,1,silver,True,True,True,True,True,True,False
48256,150.12647973569204,2.3631503266666667,3.4844627131972983,z_sys,3.481366669761635,-206.97473276358195,3.021882429264516,0,0,skew_pinned,5451.62678655256,5447.863019429127,5451.061,153.7189459779086,45.562574001314914,15.3970389592032,847.6466568425662,14.999999999999998,5445.566402273448,12.935453528960576,True,500.0,499.0,5447.863019429127,3.70810898587628,0.0030502595160498,203.91401519815307,2.325996241527934,203.92728079574889,65.99771209684356,576.8780720499788,0.6172344689378757,0.0220440881763527,0.032064128256513,b,3,bronze,True,False,False,True,False,True,False
48525,150.08151033,2.363789453333333,3.93883538677916,z_sys,3.947869931510204,548.4062860408412,8.643515012449717,1,1,ok,6003.994014645822,6014.9770396390095,6016.061,399.6386991713704,45.131674430225736,10.357775012813365,516.5464434982302,2.00819989017597,6011.43008453012,6.6592833241542015,True,500.0,500.0,6014.9770396390095,1.1655051263168588,0.0009587347934199,58.19620169137417,5.76212602570363,58.48076596317112,44.456357800788005,74.4443726035232,0.214,0.0,0.0,a,0,gold,False,False,True,True,True,True,True
48586,150.17813124,2.3638930733333336,3.4596043884078185,z_sys,3.473060834908612,904.5961975695836,3.709787012743332,0,1,ok,5421.407266855733,5437.765865173353,5438.061,158.06267025524946,35.164025343586125,3.866993261994139,213.2302821217166,0.875312054163425,5436.823529694104,1.952538643271867,True,500.0,500.0,5437.765865173353,0.7535184676556146,0.0006198380050964,41.66799180499226,4.435683597811653,41.9034226530578,36.37547750269916,81.13782417882933,0.584,0.028,0.0,a,0,gold,False,False,True,True,True,True,True
48648,150.0783225,2.36476518,3.418467433947656,z_sys,3.4238974285129,368.4244462534559,3.2680526920188497,0,1,ok,5371.398305427148,5377.999386920277,5377.061,233.7986170988418,66.3601958936256,5.490133719674304,306.0436328872391,0.0008937862366616,5377.993546352491,2.3356430579763177,True,500.0,500.0,5377.999386920277,1.305307095002992,0.0010737347265318,72.85276574265657,5.448576695168861,73.05622810108343,69.68981847404747,133.1701208742173,0.694,0.024,0.0,a,0,gold,False,False,True,True,True,True,True
48688,150.127787618539,2.3651850855555554,4.388786720901873,z_sys,4.388929082425111,7.919948067474764,10.6086511999784,1,1,ok,6550.986352998781,6551.159417631736,6553.061,317.2719980238858,25.73806063955576,5.360730050644634,245.3753242959299,4.826703586100126,6549.58457281141,4.170731414888791,True,500.0,500.0,6551.159417631736,0.3868732154004279,0.0003182386794117,17.70445944009118,3.477743212233942,18.04279861651382,25.015601778282665,20.87107887682901,0.028,0.0,0.0,a,0,gold,False,False,True,True,True,True,True
48744,150.178434128542,2.364869268888889,3.4573448216184914,z_sys,3.464047564312588,450.8136094516929,3.336748447515665,0,1,ok,5418.660379296952,5426.808702507884,5426.061,130.9404102666346,32.56393050009997,3.632771160411721,200.68482831509897,1.3786226927742392e-05,5426.804829617521,1.5487688561284716,True,500.0,499.0,5426.808702507884,0.7880760203182918,0.0006482647596126,43.60104355769429,2.7139509124360104,43.6854269622613,33.561711498745545,82.09398022468018,0.5991983967935872,0.0821643286573146,0.0,a,0,gold,False,False,True,True,True,True,True
49296,150.13005719849852,2.3672327033333334,3.7572416830020936,z_sys,3.7558068652689576,-90.41952535978588,10.125691689795202,1,1,ok,5783.235996775155,5781.491731901514,5784.061,437.6352368803748,40.99300554678755,8.504695090362475,441.1384963573136,8.883041377039211,5779.6892965222805,6.997999108304132,True,500.0,500.0,5781.491731901514,0.7326541422937093,0.000602675185119,37.97946103264517,1.6040770324124196,38.01332034242899,42.07529649458058,52.46958007485436,0.332,0.0,0.0,a,0,gold,False,False,True,True,True,True,True
49694,150.07954806302885,2.367766382222222,3.4199192904280213,z_sys,3.4207563413826785,56.77514603295136,12.481498110434394,1,1,ok,5373.163283794633,5374.180861528681,5375.061,904.764733247079,68.80161683572555,6.031943724302437,336.6093133426372,3.441606808076977,5372.196085928221,4.43414392527285,True,500.0,500.0,5374.180861528681,0.4571803014380257,0.0003760727018335,25.50810371437154,7.406472633067291,26.561611245696483,65.56318358158374,31.599097229889782,0.022,0.0,0.0,a,0,gold,False,False,True,True,True,True,True
49540,150.11122932302013,2.3675214544444447,3.5651,z_dja,3.5659462733798017,55.57520682365895,11.427374662205755,1,1,ok,5549.655117,5550.683906159624,5552.061,471.7773581765459,38.44060400482707,6.259949420516023,338.216521727299,4.388080430190952,5548.769806240658,4.814141871662056,True,500.0,500.0,5550.683906159624,0.5974420024364302,0.0004914508069101,32.27382650756158,,32.27382650756158,37.30179663072654,33.71136009674003,0.102,0.0,0.0,d,1,silver,False,False,False,True,True,True,True
49726,150.17380696303826,2.3679732244444445,3.1711728991265264,z_sys,3.1744281641683925,233.9639070216552,30.55899995568666,1,1,ok,5070.769758281144,5074.72708633459,5077.061,1577.7275102021115,48.19964793919656,7.477794682351487,441.9256884229405,6.231351137961331,5072.767904127814,5.980740186944691,True,500.0,500.0,5074.72708633459,0.2710120192628385,0.0002229322260669,16.022687535686966,5.455243876517324,16.92590327334226,51.58008049397372,16.438784486554997,0.01,0.0,0.0,a,0,gold,False,False,True,True,True,True,True
49902,150.14021900153563,2.3688509,2.9618321363582,z_sys,2.9617533738592727,-5.959970624439126,31.3322952526851,1,1,ok,4816.280473206573,4816.184723999502,4816.061,1364.2412221007228,41.41845747948624,6.067904942095083,377.7086386715661,0.0005031080370614,4816.178268781478,2.5814416875997765,True,500.0,500.0,4816.184723999502,0.1098735459437995,9.03810622486362e-05,6.839149129896368,1.5694132287743152,7.016909483783731,45.21714121745882,13.038396179787354,0.46,0.0,0.0,a,0,gold,False,False,True,True,True,True,True
49939,150.15172124458957,2.368674411111111,3.750372266997093,z_sys,3.75260552933636,140.939523981942,3.2232118151009748,0,1,ok,5774.885053820357,5777.599963848333,5777.061,173.35028867681066,54.37755833019018,9.287185253522694,481.9012883905756,8.287436892879992e-05,5777.590062797955,3.959430045718223,True,500.0,498.0,5777.599963848333,2.152033220894309,0.0017702445736871,111.7188174269817,12.39709845069119,112.40454713791344,64.17494737773467,342.6006520691262,0.5923694779116466,0.0180722891566265,0.0100401606425702,b,1,silver,False,False,False,True,True,True,True
50654,150.11921915524886,2.3711898644444447,3.463694344321006,z_sys,3.4590275994813275,-313.4298180891457,4.258685466026151,0,0,dv_out_of_band;skew_pinned,5426.379303560718,5420.7060818614655,5423.061,256.32303603791075,53.90939780173888,11.333793772394529,627.0116537398351,14.999999999999998,5419.015536992054,9.521815398278513,True,500.0,500.0,5420.7060818614655,1.8875736486351,0.0015527023358601,104.28322683027736,15.7095244200896,105.45985281442636,61.48071524347747,198.1323804636108,0.584,0.0,0.002,a,1,silver,True,True,True,True,True,True,False
50751,150.13823243,2.371613331111111,3.159992468663634,z_sys,3.175515993973584,1118.7125564652556,2.8175879196791813,0,1,ok,5057.17804438032,5076.049528393866,5075.061,149.02392179514294,35.96025890741566,2.803987403598512,165.60413098185134,5.640000563343108e-06,5076.046539068276,1.1954313035171202,True,500.0,500.0,5076.049528393866,0.5509441623056315,0.0004532020715372,32.660290618380856,3.26758863851848,32.82334106680293,36.9471330480532,69.63008944201388,0.496,0.214,0.0,a,0,gold,False,False,True,True,True,True,True
50966,150.13745461840568,2.37177286,3.715756172445461,z_sys,3.7181027186306,149.17583160124022,6.153353232639944,1,1,ok,5732.803306156774,5735.655931957661,5736.061,264.9249847995525,38.888897644882064,4.32904324651463,226.27151547125555,1.733804252482306e-05,5735.651316772963,1.845612360641051,True,500.0,500.0,5735.655931957661,0.5822906333662545,0.0004789874171166,30.45043252395731,2.9760994504018465,30.59552269262219,37.50463735351923,41.77343278355261,0.552,0.002,0.0,a,0,gold,False,False,True,True,True,True,True
50970,150.18688489679192,2.372284317777778,3.0655103966160846,z_sys,3.064396842258517,-82.11396981041288,13.131078957546372,1,1,ok,4942.319023854276,4940.9653092284125,4942.061,670.8927253498455,49.82451253659151,7.137061404832821,433.2438781167775,3.6467524845209214,4938.643774384833,5.3050387654141735,True,500.0,500.0,4940.9653092284125,0.581532282651241,0.0004783636041452,35.2747347107528,6.735617233622473,35.9120515764814,52.15389692032369,41.88814898448336,0.03,0.0,0.0,a,0,gold,False,False,True,True,True,True,True
51240,150.11922476516514,2.372717273333333,3.7190006042280377,z_sys,3.735293433937773,1035.063962924853,3.022674228561452,0,1,ok,5736.747464541899,5756.554168835133,5755.061,108.12797478214132,31.9111959911036,4.566901826494359,237.8769895732077,0.7139540701256637,5755.591267847619,2.20036631375316,True,500.0,499.0,5756.554168835133,1.1464872311685228,0.000943090831532,59.91343129918864,5.448721267416894,60.16068328645045,36.31936430435333,166.114268544997,0.6372745490981964,0.0741482965931863,0.002004008016032,a,0,gold,False,False,True,True,True,True,True
51579,150.10867511,2.374358382222222,4.522096513814507,z_sys,4.5250776462733775,161.84451416823617,29.051020322992983,1,1,ok,6713.047068948882,6716.671142245157,6718.061,824.7115571260606,26.29176079609377,5.220987170272565,233.0874907350632,4.671274155268112,6715.129035996022,4.030642411953905,True,500.0,500.0,6716.671142245157,0.2513538765782176,0.000206761601897,11.225006426032897,1.782728064933838,11.36568909560624,25.83074235741805,9.02572247366056,0.04,0.0,0.0,a,0,gold,False,False,True,True,True,True,True
53947,150.10068138211412,2.3974694822222222,3.5359099966434178,z_sys,3.541620030780561,377.39398941004,7.263444466943501,1,1,ok,5514.169705619504,5521.111222819005,5521.061,813.5844744686999,111.46706524413791,11.198856570215868,608.0913538110663,0.0002548038264655,5521.099283739506,4.774437891715805,True,500.0,500.0,5521.111222819005,1.4155649719191674,0.001164431936232,76.96094335977106,7.964479679867315,77.3719570606619,117.15314439219624,116.47301432493906,0.52,0.0,0.0,a,0,gold,False,False,True,True,True,True,True
54193,150.10128602629246,2.3967334955555555,3.5357192266194497,z_sys,3.530642793606725,-335.53142395262734,2.8948339194197032,0,0,dv_out_of_band;narrow_fwhm;skew_pinned,5513.937792224467,5507.766524903888,5509.061,167.5493865712753,23044.795169506688,1.1902975743932984,64.79100688905375,14.99999986813893,5507.588980517792,1.0000000000000002,True,500.0,499.0,5507.766524903888,0.5850929157341328,0.0004812925512138,31.81146577563382,3.732454971802485,32.029682716362565,47.86032476539663,290.34066178839413,0.5691382765531062,0.6212424849699398,0.002004008016032,a,2,bronze,True,True,True,False,True,True,False
54521,150.09351762170343,2.39552825,3.417666420185612,z_sys,3.4116617935793982,-407.4870301260629,3.55936494238502,0,0,dv_out_of_band,5370.424537027044,5363.124892600667,5365.061,191.91318678331984,52.85725734730124,11.991467987004398,670.3171174682531,0.014829237478338,5363.061108196482,5.101476646811601,True,500.0,500.0,5363.124892600667,2.3930621756175485,0.0019685129810043,133.58757521474504,14.116443344886852,134.33135979533805,66.41390961993774,293.73852748427566,0.56,0.016,0.078,a,2,bronze,False,True,True,True,False,True,False
55418,150.10087948198074,2.391999638888889,3.840589475929619,z_sys,,,0.0,0,0,fit_failed,5884.55940820336,,5879.061,,,,,,,,False,,,,,,,,,,,,,,a,5,bad,False,False,False,False,False,False,False
56591,150.1178659856953,2.386745448888889,3.753380821677738,z_sys,3.753885048338923,31.801228602724827,1.7086126887767212,0,1,ok,5778.542463488975,5779.15543671418,5784.061,96.36052881383546,48.68819763326736,9.72443013594875,504.6299370608617,9.18085428478903,5777.126165136224,8.034709940838702,True,500.0,499.0,5779.15543671418,4.694927029254182,0.0038620078057813,243.57417517027724,20.86900742038398,244.46655043296403,73.77966579019105,651.6707884673926,0.6653306613226453,0.1122244488977955,0.0661322645290581,a,2,bronze,False,False,True,True,False,False,True
57111,150.11467345618294,2.387244618888889,3.7588987311907305,z_sys,3.7706777244138063,742.0316191993629,2.8417049290031065,0,0,skew_pinned,5785.250420546636,5799.569789238132,5803.061,120.7904553792426,258.0016656095629,2.75634816505044,142.49177180865365,14.999976023385509,5799.158653272337,2.315679897487085,True,500.0,500.0,5799.569789238132,5.947944702474043,0.0048927296901906,308.2232976587876,7.682201320027136,308.3190189345753,507.4704704010634,776.2242848942315,0.632,0.166,0.03,a,2,bronze,True,False,True,True,False,True,False
57248,150.10668204367022,2.383779145555556,3.723101296811256,z_sys,3.728598168098346,348.90646016403826,6.86727961610662,1,1,ok,5741.73255349454,5748.414935012118,5750.061,330.4891707367136,47.5095638189292,6.591960796935382,343.89999294200857,4.924330783426074,5746.496571420822,5.148681880262591,True,500.0,500.0,5748.414935012118,0.9534703403078986,0.0007843167473968,49.78344328786807,9.95828358479574,50.769662570787176,51.47193653891931,71.0098891819745,0.336,0.0,0.0,a,0,gold,False,False,True,True,True,True,True
58782,150.18005219827413,2.37831,4.932169816765184,z_sys,4.932726212652954,28.11842815828034,27.595624946948146,1,1,ok,7211.560881146932,7212.237274935816,7214.061,757.6270154230313,27.20004887101637,8.500156903491188,353.4550368350974,4.381243512660025,7209.638188498018,6.536947587896964,True,500.0,500.0,7212.237274935816,0.2975605955096703,0.0002447708634001,12.369918773756558,36.078889696109584,38.140544990513405,27.308925114472785,15.227185850076449,0.0,0.0,0.0,c,1,silver,False,False,False,True,True,True,True
59457,150.13188632330443,2.375784785555556,2.9917631655753545,z_sys,2.995387448405899,272.1936681079522,3.051642813532254,0,0,narrow_fwhm,4852.666727494991,4857.0726594036,4856.061,112.65820345273993,80.64179027896637,1.6192311895483726,99.95482348036502,1.8513060847351976,4856.526993720601,1.0149381703766611,True,500.0,500.0,4857.0726594036,0.3460953025607496,0.0002846951085086,21.381390333084216,1.7446898030869729,21.452454290469955,22.14741812616695,41.29117057480199,0.542,0.606,0.0,a,1,silver,False,False,True,False,True,True,True
59737,150.08672731,2.3749150944444444,3.4173,z_dja,3.424399931395869,481.8567642675294,15.036421771244465,1,1,ok,5369.979091,5378.610264600016,5379.061,665.3794301015632,43.47372200763401,6.500412780422266,362.3198448097568,0.0004452038627012,5378.603334522425,2.771338028668321,True,500.0,500.0,5378.610264600016,0.2715501080368963,0.0002233748534033,15.159961143049204,,15.159961143049204,43.569370958108216,28.774151242247772,0.496,0.0,0.0,d,1,silver,False,False,False,True,True,True,True
