ID,z_sys_line,delta_v_kms,delta_v_err_kms,fwhm_int_kms,fwhm_obs_kms,fwhm_lsf_kms,resolved,lya_snr,skew_at_max,dv_out_of_band,pass_zsys_is_OIII,pass_dv_positive,pass_dv_err<120,pass_resolved,pass_snr>3,pass_not_oob,n_criteria_failed,tier,tier_now,manual,z_sys
15479,OIII,1166.8855265583784,25.319349849167537,67.31705480891947,119.25351379842932,98.8243634102076,True,3.328606253858984,False,False,True,True,True,True,True,True,0,gold,gold,b,5.108947826149207
49289,OIII,22.56127582837473,28.791551921486374,416.6177748768587,449.1449377325137,139.17803747585106,True,10.125691689795202,True,False,True,True,True,True,True,True,0,gold,gold,b,3.7572416830020936
51240,OIII,1118.197231334171,48.43911652939998,191.80963084868355,237.35825853933423,140.11393849011307,True,3.022674228561452,False,False,True,True,True,True,True,True,0,gold,gold,b,3.7190006042280377
45443,OIII,16.26465981995114,60.78848861849939,416.1490534552339,457.84496633820754,160.63633495861723,True,4.705459261184913,True,False,True,True,True,True,True,True,0,gold,gold,b,3.3314385002049782
38195,OIII,443.66886746506464,66.3015531808308,314.6552561605114,369.9151708977989,169.21407297026374,True,3.580981185347554,True,False,True,True,True,True,True,True,0,gold,gold,b,3.182307796631096
49939,OIII,224.00029339388183,102.52102279939662,462.5250621949194,482.9779851867949,139.31261123929707,True,3.2232118151009748,False,False,True,True,True,True,True,True,0,gold,gold,b,3.750372266997093
35799,OIII,94.39784445379964,102.86599978166242,1102.2711429451613,1115.1524944848395,169.31144926840363,True,6.942294940848331,False,False,True,True,True,True,True,True,0,gold,gold,b,3.1854478218927573
29701,OIII,-4.742321362684496,9.866478528051886,275.509137759291,326.8796764769358,151.98528352968785,True,22.136425663191662,False,False,True,False,True,True,True,True,1,silver,silver,b,3.4899060755399622
23341,OIII,-84.04264093699639,47.34995207232699,393.6481001574826,440.1152503178058,169.59881671034475,True,6.039034239058839,True,False,True,False,True,True,True,True,1,silver,silver,b,3.1840106038551834
43129,OIII,624.0019545588923,57.11512873091784,145.73850026332195,218.08718651611903,149.88722429354482,True,2.0551295140717163,True,False,True,True,True,True,False,True,1,silver,silver,b,3.521121896921187
19819,OIII,265.012335503277,64.68791139489585,172.5606575815914,246.0566205868304,175.72016068848146,True,2.238219475113376,False,False,True,True,True,True,False,True,1,silver,silver,b,3.084496294212153
28600,OIII,1147.668821684283,94.47282012436068,266.9329474243342,317.32952768939646,151.23323830429598,True,2.7719583025638777,True,False,True,True,True,True,False,True,1,silver,silver,b,3.487007543447717
16871,OIII,609.6841583908349,54.2590649193409,7.179435664115946,175.514228387085,175.6317773570473,False,2.244913021279718,True,False,True,True,True,False,False,True,2,bronze,bronze,b,3.0814630796266487
16853,Ha,813.2840582085333,62.329875302333,234.9636851322018,257.2831236019004,88.59172328532226,True,2.3710654510319307,True,False,False,True,True,True,False,True,2,bronze,bronze,b,5.861827553626734
47549,OIII,-40.86163806260601,87.7969946067488,126.8738523699224,218.18850826119305,166.62158717452718,True,2.7363052335471068,True,False,True,False,True,True,False,True,2,bronze,bronze,b,3.231870179898798
50751,OIII,1202.022693120551,22.510653681852077,7.030039950241425,169.86108289776752,169.96167342209017,False,2.8175879196791813,True,True,True,True,True,False,False,False,3,stone,stone,b,3.159992468663634
54521,OIII,-324.3525703884189,121.15215973813746,652.2262838954798,670.5629014961132,156.02213139291771,True,3.55936494238502,False,True,True,False,False,True,True,False,3,stone,stone,b,3.417666420185612
