ID,ra,dec,z_sys,z_sys_source,z_lya,delta_v_kms,lya_snr,snr_flag,quality_flag,quality_reason,lya_sys_wave,lya_peak_wave,best_center,flux_fit,flux_fit_err,fwhm_ang,fwhm_kms,alpha_skew,mu,sigma,fit_success,n_mc_attempted,n_mc_success,lya_peak_repeat,lya_peak_err_mc,z_lya_err_mc,delta_v_err_lya_kms,delta_v_err_sys_kms,delta_v_err_kms,flux_fit_err_mc,fwhm_kms_err_mc,frac_alpha_at_bound,frac_sigma_at_bound,frac_mu_at_bound,dv_err_group
15479,150.13694119697945,2.251802222222222,5.108947826149207,z_sys,5.131036867319985,1084.0046659270274,3.328606253858984,0,1,ok,7426.464603814808,7453.317588494886,7451.061,64.58857419600375,19.014319078297284,2.9643965456034493,119.23604397203316,0.0003604123998321,7453.314428157418,1.263818953717585,True,500.0,500.0,7453.317588494886,0.6296990009574156,0.0005179851447822,25.41976853968932,15.32977992130017,29.68445359185304,19.24233235320872,78.86272910845506,0.56,0.18,0.0,1
15748,150.14803567927123,2.253240097777778,5.522639188529189,z_sys,5.523666456368369,47.215113642025976,3.614754666976647,0,0,skew_pinned,7929.376782319279,7930.625601013336,7932.061,232.28919843703764,63.72545253232906,4.021237561887574,152.02775174306333,7.998746453254448,7929.714667606459,3.2818222469365845,True,500.0,495.0,7930.625601013336,0.8667964898108362,0.000713019561074,32.771686527192095,2.321031524183608,32.853776421787465,57.07775235204725,55.7479401221492,0.6787878787878788,0.0161616161616161,0.0,1
16853,150.1270650425999,2.2572522866666667,5.862264361055884,z_sys,5.877810082158267,679.1475372348744,2.3710654510319307,0,0,skew_pinned,8342.248915804808,8361.147382577341,8364.061,139.96705435312805,43.53659114984032,6.415770635241643,230.08014951897732,7.999999999999999,8359.694014127317,5.236054442924983,True,500.0,500.0,8361.147382577341,2.233734340378414,0.0018374512329648,80.27292342624243,87.99230759443972,119.10662631100703,49.43896285706091,161.3392752564516,0.646,0.04,0.004,2
16871,150.11744338197752,2.2569375833333334,3.0814630796266487,z_sys,3.088829710772888,541.0952924049258,2.244913021279718,0,1,ok,4961.712222009728,4970.667614495277,4969.061,106.87433932429958,37.33701239698321,1.7904476119028914,107.99760821550292,1.2646377728397569,4970.134981336988,1.0000000000000002,True,500.0,500.0,4970.667614495277,0.6569380902923688,0.0005403917924209,39.69296807842739,5.398908655618506,40.05845640494362,40.19769269166487,184.73775235578856,0.56,0.512,0.0,1
17058,150.1247021987222,2.2579972033333333,3.268980072447333,z_sys,3.271568657758551,181.7854241581975,7.809311377701261,1,1,ok,5189.671004672049,5192.817870177338,5191.061,384.3138864030786,50.7793613828321,6.408001101072841,369.9480649869184,0.0051624833068812,5192.81105315489,2.7261272769353035,True,500.0,500.0,5192.817870177338,0.6132478058911467,0.0005044525289685,35.42557262795728,1.0284486126436128,35.4404980575545,53.45847959827422,63.82316216110732,0.45,0.0,0.0,1
17074,150.14937244937013,2.258442725555556,5.50545452128854,z_sys,5.507254754234423,82.96057685943664,5.190732675199884,1,1,ok,7908.48589789484,7910.674387080162,7905.061,552.7050144019935,83.48796783896464,19.20677514226736,727.8850010504656,3.967624399582072e-06,7910.65391077404,8.1884748181163,True,500.0,500.0,7910.674387080162,2.242580012609383,0.001844727609145,85.0110353513812,7.054833660722051,85.30326376812461,89.40365459273076,156.16013979955,0.522,0.0,0.002,1
17086,150.14558443125435,2.258416168888889,5.505161822211587,z_sys,5.5303742067941855,1161.920787312375,4.058620057731863,0,1,ok,7908.13007240796,7938.780011973487,7939.061,198.12268805483052,65.06802234668818,10.636220306523684,401.6565743349682,0.0002733525360298,7938.76867271943,4.534567697845062,True,500.0,500.0,7938.780011973487,1.9478189261954677,0.0016022595985715,73.84064478914854,2.3704240745173246,73.87868253542602,66.99057090210559,166.50164610350942,0.628,0.006,0.018,1
17416,150.10994726,2.258986276666666,5.854014796650496,z_sys,5.880430775737287,1155.4266420282397,3.293785017077626,0,1,ok,8332.220167844109,8364.333281140549,8364.061,305.60233498314943,65.02000727250957,9.00769750386462,322.85213718954355,5.133875485217182e-05,8364.323678051525,3.8402753004209855,True,500.0,500.0,8364.333281140549,1.473102796195444,0.0012117620704594,53.00209299106554,28.249929309198176,60.060639085912605,68.1437190361571,110.75264661593457,0.6,0.006,0.002,1
17578,150.09739694820968,2.26011549,3.094567955187736,z_sys,3.085786804555988,-642.9305266810219,3.386820178353989,0,0,dv_out_of_band;skew_pinned,4977.643426083076,4966.968444694578,4973.061,275.82255524297744,67.94715645883072,9.017921531022694,544.5207188428026,7.999999999990675,4964.925609408979,7.359728204604347,True,500.0,500.0,4966.968444694578,2.229159842699878,0.0018336882893382,134.25736866084955,10.025707357116438,134.63118452923828,90.18061638816609,380.98213081417,0.634,0.012,0.046,2
17806,150.13665302764898,2.2605307544444444,2.955918150968278,z_sys,2.967157408901649,851.7478454695855,3.379000638807499,0,1,ok,4809.091018587606,4822.754247279468,4822.061,168.31654706443646,46.2146716395734,6.02990929641237,374.8352298564429,0.0192260660569464,4822.70924795636,2.570747044387159,True,500.0,500.0,4822.754247279468,1.203553569202824,0.0009900331251102,75.02795880789061,1287520.789875639,1287520.7920616984,49.44551193667978,171.73299975628376,0.632,0.032,0.002,2
17891,150.09815698118564,2.2602663944444443,3.0928437799138218,z_sys,3.087207937834539,-412.8139359092596,4.310987003327139,0,0,dv_out_of_band;skew_pinned,4975.547397927836,4968.696073787315,4971.061,308.27531775647213,66.32333839474981,12.496994880199054,754.4515851299406,7.999999999999999,4965.865121885882,10.199078066512886,True,500.0,500.0,4968.696073787315,1.988283477682852,0.0016355454010404,119.80036432244148,50.31734455078284,129.93830249172836,71.48152536818532,232.821745762062,0.6,0.0,0.0,2
18444,150.12027360213534,2.2633166566666665,4.865695905931787,z_sys,4.869577358474317,198.37888240315783,3.834296701958064,0,1,ok,7130.750541964096,7135.469107376474,7135.061,176.5458668136468,47.29496129269643,10.35819977576466,435.1942290393961,9.627837671963536e-05,7135.45806451957,4.416038475830052,True,500.0,500.0,7135.469107376474,1.8231390019901657,0.0014996989330905,76.648779040271,27.45194019423176,81.4164869592883,53.454549974365534,174.88018021665772,0.57,0.008,0.008,1
18502,150.09363490210197,2.263806912222222,3.3744,z_dja,3.377579213804796,217.8822972401468,10.547205131145764,1,1,ok,5317.826848,5321.691722846076,5322.061,427.5190258515113,40.56099277756025,8.305726974512254,468.1430288831708,1.8756572680921435,5318.875111963553,5.238896241494345,True,500.0,500.0,5321.691722846076,0.6991941873612908,0.0005751513053388,39.41706829495361,,39.41706829495361,40.52930271354715,54.232205814469,0.204,0.0,0.0,1
18866,150.13633145152758,2.2647953511111107,3.2474744585663524,z_sys,3.253824563294128,448.1989293797205,2.3296545804316,0,1,ok,5163.527275045358,5171.246906859772,5172.061,188.93362908001703,87.6197626913916,8.902932000696637,516.4359048678141,2.202882960007819,5168.176423711017,5.875053642043434,True,500.0,500.0,5171.246906859772,2.7839668280258563,0.0022900678868655,161.63607044314554,1.4027282053067411,161.6421569848642,101.79432349292736,438.1683870734408,0.696,0.076,0.04,2
19819,150.11892789,2.268382813333333,3.084496294212153,z_sys,3.0869671381656865,181.35415698966068,2.238219475113376,0,1,ok,4965.399609984888,4968.403340853881,4968.061,125.02673807478712,45.11349399738395,4.072781083288646,245.75100593425728,8.902935033777029e-05,4968.398998869783,1.7363594405194829,True,500.0,500.0,4968.403340853881,2.1203738260533123,0.0017442018196166,128.020326886303,1.2005459875526194,128.02595598840145,59.94869388359107,277.8444705162482,0.63,0.12,0.006,2
23341,150.12872019037997,2.2812037944444445,3.1840106038551834,z_sys,3.180923314255687,-221.21027531287857,6.039034239058839,1,0,skew_pinned,5086.376170788632,5082.623045441212,5085.061,326.7532061123387,51.80375963749541,7.316728620703543,431.7092926797289,7.999999999999999,5080.965582427134,5.971346480447361,True,500.0,500.0,5082.623045441212,0.9442834051669592,0.0007767596511939,55.65633244143645,1.1130711248798455,55.66746148479139,51.08629889408608,97.65728245066374,0.552,0.0,0.0,1
26580,150.11948845996713,2.291802978888889,3.005279481392564,z_sys,3.0066752397126324,104.4715654653439,8.883438835011361,1,1,ok,4869.0981071444985,4870.794888661456,4871.061,629.3211177040303,68.99739707567399,7.114300368563818,438.058153747729,1.1298475979526288,4868.790995430957,3.834243554432128,True,500.0,500.0,4870.794888661456,0.6186078667961707,0.0005088616703514,38.087951576256245,1.0375065935762178,38.10207967036648,66.90550983287372,57.73488606347916,0.348,0.0,0.0,1
26999,150.09337527,2.2937405133333333,3.300137844392818,z_sys,3.30227190382262,148.7800961572597,13.23233341789166,1,1,ok,5227.548573293017,5230.142885320044,5231.061,576.8939250567604,40.9059806128843,5.97889521743582,342.841916844134,3.2663800971939017,5228.146283449988,4.36306605374575,True,500.0,500.0,5230.142885320044,0.4399770573421933,0.0003619214567622,25.23205698328566,1.1667735437060198,25.259019381402496,41.28766656165389,30.021898624324614,0.048,0.0,0.0,1
28600,150.1112496902858,2.29841707,3.487007543447717,z_sys,3.5022580817716973,1018.9410928550144,2.7719583025638777,0,0,skew_pinned,5454.720460343086,5473.260082267399,5476.061,120.49628391954734,41.37466109985054,5.3345179698135325,292.25752177007826,7.999999999999999,5472.051650645666,4.353619869649989,True,500.0,499.0,5473.260082267399,1.6141008302664996,0.0013277458769785,88.71128390234666,5.14269777060324,88.86022300198508,45.654828983698096,197.5993261684175,0.685370741482966,0.0400801603206412,0.0120240480961923,1
29701,150.10582531977326,2.3027749655555554,3.4899060755399622,z_sys,3.488587586008192,-88.03596576997654,22.136425663191662,1,1,ok,5458.244118851666,5456.64127068258,5458.061,545.8319846465378,23.349063983596537,5.94750877077604,326.87836408594046,3.4512521674450887,5454.684277906901,4.372074921752668,True,500.0,500.0,5456.64127068258,0.2486110375474022,0.000204505365393,13.654888350421816,1.438668143075792,13.730467650025128,24.00366251278108,17.770814356931517,0.0,0.0,0.0,1
33361,150.1186535995437,2.314427162222222,3.48937394450284,z_sys,3.4929003689254543,235.48839073681765,7.45416116550701,1,1,ok,5457.597223113768,5461.884191491607,5463.061,236.79496163801795,29.23066806938324,5.159939359959935,283.31164985339194,2.353926675945601,5460.103404338759,3.4738379630437017,True,500.0,500.0,5461.884191491607,0.5662506580288197,0.0004657930672212,31.104837838825357,1.190730626823709,31.127620795770397,27.8870457658444,45.17682668979561,0.27,0.0,0.0,1
35799,150.15708537876117,2.3227015644444444,3.1854478218927573,z_sys,3.185597675702607,10.733628492648622,6.942294940848331,1,1,ok,5088.123353640369,5088.305526421389,5088.061,812.0664594429539,99.89824566692332,18.925961579374416,1115.0918250120749,0.0092258409490283,5088.2451244163485,8.051587271906499,True,500.0,500.0,5088.305526421389,1.724363414445052,0.0014184469588334,101.59957032721994,23.494668127483543,104.28073705673692,107.81020334331951,190.52890623090116,0.472,0.0,0.032,2
38195,150.17782381,2.330552507777778,3.182307796631096,z_sys,3.18638194746773,292.0396472400027,3.580981185347554,0,0,skew_pinned,5084.306119130525,5089.258942078096,5093.061,210.62176519712787,51.69643852963341,5.960511943913843,351.2084494203909,7.999999999999999,5087.908703658148,4.864507604839452,True,500.0,500.0,5089.258942078096,1.2488190675944315,0.0010272681464496,73.63571923073492,21.29800240303964,76.65392392426827,58.386515112895474,182.4026453011417,0.636,0.01,0.004,1
41512,150.18109583900358,2.341806872222222,2.970282869536842,z_sys,2.968575979363814,-128.88572863017515,6.465591431622585,1,1,ok,4826.553776009853,4824.478760833208,4825.061,448.4533046941674,67.23575234633255,11.066863175845356,687.695063443164,2.284310349839269e-05,4824.466962471613,4.71816480172806,True,500.0,500.0,4824.478760833208,1.3708874369900137,0.0011276805687316,85.15013681590383,365.0646234854021,374.8636086902882,74.0403176225521,136.4363423351914,0.46,0.0,0.002,2
42751,150.13917181,2.345338637777778,3.184537811382972,z_sys,3.1859220745616152,99.17263973943416,32.317050450093795,1,1,ok,5087.017081163938,5088.699888382319,5091.061,1667.0875715339237,48.29683735076152,7.897788815102103,465.4746287504727,6.158581353393909,5086.630667712762,6.316651494319159,True,500.0,500.0,5088.699888382319,0.2232462393465513,0.0001836404940045,13.156539041470165,1.3135915651136942,13.221953045963616,48.106961435085566,16.251153323181523,0.082,0.0,0.0,1
42812,150.07946153679046,2.345420498888889,2.9904,z_dja,2.9960889737335816,427.40362346827953,3.05400755135056,0,0,narrow_fwhm;skew_pinned,4851.009568,4857.925482698704,4855.061,90.89466870216518,13302.544546686431,1.2253063265816309,75.6204652961004,7.999999997902102,4857.647913306356,1.0000000000000002,True,500.0,500.0,4857.925482698704,1.7870203345196576,0.0014699880185573,110.43788124345136,,110.43788124345136,41.98486503496329,308.61124018475147,0.668,0.608,0.004,2
42990,150.11015839,2.3465862566666664,3.521121896921187,z_sys,3.528352062821468,479.4272873883506,2.0551295140717163,0,0,skew_pinned,5496.192256430179,5504.981752210175,5507.061,100.18942518357504,62.75896943029782,3.726335915144773,202.9613864769445,7.999999999843157,5504.137623053887,3.04114639278853,True,500.0,500.0,5504.981752210175,1.1543481720919588,0.0009495571759539,62.96447790638736,7.945882451936664,63.46386787743036,37.866725556469945,170.6507549758927,0.648,0.128,0.006,1
43129,150.11015839,2.3465862566666664,3.521121896921187,z_sys,3.528352062821468,479.4272873883506,2.0551295140717163,0,0,skew_pinned,5496.192256430179,5504.981752210175,5507.061,100.18942518357504,62.75896943029782,3.726335915144773,202.9613864769445,7.999999999843157,5504.137623053887,3.04114639278853,True,500.0,500.0,5504.981752210175,1.0173492458624465,0.0008368630021818,55.49180538667054,7.945882451936664,56.05780510341189,40.10009957991836,176.4703404150065,0.632,0.108,0.01,1
43604,150.1036425266078,2.3485374544444446,3.0026473378211547,z_sys,3.0061898164466223,265.3264914214276,3.766799288729469,0,1,ok,4865.898289169043,4870.204774159665,4870.061,182.1296879508465,48.2610791920844,6.589621494199491,405.7551060076439,0.7589042253015055,4868.746679428064,3.2215032219200714,True,500.0,500.0,4870.204774159665,1.2362273830192358,0.001016910331767,76.16510329185981,11.723824956153118,77.06212449097282,56.42615251295953,183.60799338306376,0.604,0.024,0.0,1
43683,150.08969066,2.348563267777778,3.52606261544765,z_sys,3.5266623324650714,39.72340951349331,13.16987088522881,1,1,ok,5502.198539721245,5502.927597707813,5504.061,479.8102757582672,36.25108374659599,8.599467459282096,468.7369349213565,2.9496548821762185,5500.005002895139,6.11908725438935,True,500.0,500.0,5502.927597707813,0.6529935184211981,0.0005371470205081,35.578965486672004,3.5025878233809635,35.75095672233534,38.34277766975748,46.224372340569936,0.046,0.0,0.0,1
43713,150.1036425266078,2.3485374544444446,3.0026473378211547,z_sys,3.0061898164466223,265.3264914214276,3.766799288729469,0,1,ok,4865.898289169043,4870.204774159665,4870.061,182.1296879508465,48.2610791920844,6.589621494199491,405.7551060076439,0.7589042253015055,4868.746679428064,3.2215032219200714,True,500.0,500.0,4870.204774159665,1.2425878701854207,0.0010221424154461,76.55697874184042,11.723824956153118,77.44946136469333,55.37679702913078,167.5833192337116,0.614,0.012,0.0,1
44361,150.07672123,2.350948707777778,5.132260396411653,z_sys,5.131120425108539,-55.73064040303503,15.347033798550598,1,1,ok,7454.804996105755,7453.419167191698,7455.061,398.7370644664844,23.95465632278578,4.42220033463127,177.8987391064907,5.875807673282744,7452.229930049914,3.522784688881901,True,500.0,500.0,7453.419167191698,0.2052873451791869,0.0001688676574886,8.255561056219722,4.635471879154642,9.46794000273582,24.257224906162524,13.479680735852003,0.242,0.0,0.0,1
44980,150.07847712879428,2.352441203333333,5.256126889924292,z_sys,5.257311161645245,56.75008458290127,6.142586581025192,1,0,skew_pinned,7605.385776274264,7606.8254598772755,7610.061,416.9476690400946,59.01304047281921,8.236563169557485,324.6906807464974,7.999999999999979,7604.959626179682,6.722044105114167,True,500.0,500.0,7606.8254598772755,1.044272219198458,0.0008590096154371,41.16358388962422,7.715813116544701,41.88047767979221,59.427754031049375,69.41319352774046,0.524,0.0,0.0,1
45004,150.07851878758936,2.352448581111111,5.254917580157724,z_sys,5.25760576305857,128.84213885640875,5.957940172988147,1,0,skew_pinned,7603.915654670342,7607.183597977412,7610.061,438.4330945914333,62.915982120089545,10.039827015482842,395.7791358290494,7.99999999934014,7604.909269816762,8.193728211207654,True,500.0,500.0,7607.183597977412,1.2656575281155436,0.0010411193235956,49.89989349854419,5.962450940646034,50.2548524262649,65.7592487492071,79.08344960038738,0.586,0.0,0.0,1
45443,150.1217307550671,2.3536541466666665,3.3314385002049782,z_sys,3.330142528045532,-89.6983021140733,4.705459261184913,0,1,ok,5265.599841544186,5264.0243670691125,5266.061,203.13710699823983,40.52016384234683,7.8281617864086,445.9855888654369,7.045443175816348,5262.1069428258825,6.337007891467038,True,500.0,500.0,5264.0243670691125,1.1570160084432135,0.0009517517158794,65.87372446722394,4.030078043049315,65.99688707974647,42.37376066227344,134.2149220466134,0.562,0.002,0.0,1
45547,150.14623671,2.3543245244444444,4.4805,z_dja,4.482306895269812,98.84017412377044,15.534694532601272,1,1,ok,6662.479435,6664.676023372652,6667.061,604.4645349664747,36.883313973089365,8.444652859337111,380.0013600907884,4.823989005097574,6662.19520122915,6.570071358850111,True,500.0,500.0,6664.676023372652,0.4776768462087761,0.0003929329885649,21.49408748675814,,21.49408748675814,36.094711938807386,28.74150391357635,0.114,0.0,0.0,1
45677,150.1413637674817,2.35503687,3.754906389376436,z_sys,3.7568997840968494,125.68169676955218,5.246657225870278,1,0,skew_pinned,5780.397050373253,5782.820360533018,5785.061,142.45740966416767,25.98535333512381,4.5112394039151695,233.91260810453767,7.99999999993843,5781.798426708866,3.681723750256667,True,500.0,500.0,5782.820360533018,0.5809451639416173,0.0004778806451928,30.12993348787768,1.2839987195273914,30.15728012761895,25.74050983654273,57.549899908413416,0.628,0.002,0.0,1
45963,150.0888703774479,2.355855602222222,5.518194894913958,z_sys,5.546606047325802,1306.719015536827,3.3959374028523097,0,0,dv_out_of_band,7923.973987900052,7958.512573552558,7955.061,107.32400910769688,39.71417651241328,11.915786722051052,448.8613493359,0.000361927808948,7958.499870155199,5.080088603569662,True,500.0,500.0,7958.512573552558,2.6356953391638798,0.0021681009971158,99.71784176395124,4.726049935717858,99.8297726835803,40.90291865099108,210.73199816740723,0.65,0.012,0.006,1
46008,150.12406824617432,2.355897825555556,4.4088,z_dja,4.417174981543788,464.1983994077573,3.644271243822777,0,0,skew_pinned,6575.315896000001,6585.4971098133365,6587.061,87.55103002558853,21.01247248033445,4.278298900833761,194.7902346865048,7.999999999999531,6584.527944143963,3.4916157764154305,True,500.0,500.0,6585.4971098133365,0.7157601018076786,0.0005887782883575,32.63409449115449,,32.63409449115449,20.851079553628185,67.07727236925216,0.646,0.01,0.0,1
46091,150.11776606746682,2.35541026,3.1888448013842874,z_sys,3.2023965540363326,969.8886997250536,4.097456047535478,0,1,ok,5092.252959698837,5108.727418845348,5109.061,183.97464280878293,45.451635518048576,7.170175226186984,420.94686630969056,1.383859093886567,5106.4982956016775,4.107955691908269,True,500.0,500.0,5108.727418845348,1.3549872886766072,0.0011146012393796,79.77116868427129,12.774881370214253,80.78760392088326,49.22031416021304,151.53969425690042,0.566,0.01,0.0,1
46212,150.15076755129388,2.35677657,3.37388307430417,z_sys,3.373588597933576,-20.18384887376117,33.515138613622895,1,1,ok,5317.19843693935,5316.840450849911,5319.061,1946.5962069222408,55.2632514083875,8.197743591746985,462.4440885714064,4.66288018582833,5314.419109595978,6.328721355867506,True,500.0,500.0,5316.840450849911,0.2341217668564192,0.0001925866122026,13.200173134330104,2.654687089180312,13.46446932922909,56.58604464436941,15.762553018036815,0.002,0.0,0.0,1
46887,150.0864819,2.359282,3.3249,z_dja,3.326791095893496,131.08656529049026,34.584149361955085,1,1,ok,5257.651183,5259.950131544846,5261.061,1439.5155529191234,38.04701492840768,5.292427935546584,301.7379811126856,4.234593186632403,5258.303822854972,4.039011319513555,True,500.0,500.0,5259.950131544846,0.1466196869421082,0.0001206081312709,8.360287666418424,,8.360287666418424,36.93483825886061,9.464438026509322,0.0,0.0,0.0,1
46979,150.16880099133834,2.3589189966666666,3.4614588551795977,z_sys,3.4627689482605186,88.033093588231,23.50417053810447,1,1,ok,5423.661686476182,5425.254327331865,5426.061,806.2105364525552,33.30352131327619,6.585829237408689,364.07094526252007,1.7604964179181806,5423.06921423612,4.064310358086008,True,500.0,500.0,5425.254327331865,0.2478594880420899,0.0002038871470399,13.7004130150746,1.964022381563641,13.840473283053164,34.124070527083845,18.020662202143075,0.034,0.0,0.0,1
47137,150.13685254,2.35927325,4.0384,z_dja,4.041292431973434,172.10409870466378,61.37322038770971,1,1,ok,6125.031728000001,6128.547970777146,6130.061,2662.429180353108,41.26169732069809,7.424695579574291,363.3149601548714,5.804293614664374,6126.5512896949895,5.9146130722546415,True,500.0,500.0,6128.547970777146,0.1218358407836213,0.0001002211461857,5.963310526873812,,5.963310526873812,40.53291325115,6.655335804394783,0.0,0.0,0.0,1
47218,150.12884485728088,2.360174831111111,4.391688730551099,z_sys,4.403088727806512,633.8706422401874,3.4520984384402054,0,0,skew_pinned,6554.514239069055,6568.372873732543,6570.061,117.29072970815808,32.33737702764532,6.419561275658452,293.06531079255313,7.999999940375308,6566.918646586424,5.239148069664861,True,500.0,500.0,6568.372873732543,1.2985237577950184,0.001068154809936,59.39229284152965,4.054533902448367,59.53052741358939,36.2632348318714,146.10673646149732,0.636,0.016,0.002,1
47283,150.1349070586344,2.36036375,3.7556398181133535,z_sys,3.755047066449709,-37.36668146117737,27.649845111477184,1,1,ok,5781.288657685861,5780.568067270919,5782.061,968.6197647411558,31.44824574563651,4.608156587137273,239.05095770556187,3.513997790106181,5779.063189566263,3.400003356450463,True,500.0,500.0,5780.568067270919,0.1620131397363999,0.0001332706571161,8.401296019928292,3.420962426976317,9.071094682630465,32.18016687247692,8.699128515379613,0.006,0.0,0.0,1
47549,150.09679965725107,2.360891763333333,3.231870179898798,z_sys,3.229536726961567,-165.30554150801535,2.7363052335471068,0,1,ok,5144.557621597572,5141.7209128653685,5140.061,78.51924551291286,31.146788924339507,3.5913578999570746,209.44058605985143,4.696269994560781,5140.656033488055,2.7833023724671544,True,500.0,500.0,5141.7209128653685,1.7854708486454187,0.0014687134244041,104.0460101283762,5.608117406042538,104.19704028653656,39.92487516742501,231.7626217774561,0.706,0.15,0.004,2
47664,150.13168715,2.361749794444445,3.519489986483696,z_sys,3.5205300351713102,68.98980934397245,7.114734180237074,1,0,skew_pinned,5494.208391868636,5495.472747856707,5498.061,285.5885820623399,36.76967627175751,6.0084772361824434,327.85940225571505,7.999999999999989,5494.111643829736,4.9036531566307255,True,500.0,500.0,5495.472747856707,0.6358800040901716,0.0005230695863928,34.696905508967546,3.778159502857944,34.90200196446126,35.92408139285894,58.15411121973152,0.566,0.0,0.0,1
47736,150.1378752941347,2.3609134666666667,2.9871504317981623,z_sys,2.988891209325457,130.88845847823333,1.2323928692941233,0,1,ok,4847.0591654240725,4849.175376440679,4853.061,99.45834144786934,2492.234213039436,1.6771230537042356,103.69566851714882,5.159797316806907,4848.696670057239,1.320239191291888,True,500.0,496.0,4849.175376440679,3.3393644001576246,0.0027469332961721,206.54096174899104,3.0562311613181663,206.5635723672245,56.31619445472224,647.9173553048189,0.5745967741935484,0.2862903225806452,0.0403225806451612,2
47750,150.12949332,2.3617853133333333,2.988601484137201,z_sys,2.993030282080602,332.8786359624846,3.676747004644051,0,0,skew_pinned,4848.823166221072,4854.207123016926,4858.061,221.38589072768835,55.90875456683528,8.39194713161578,518.4838737046257,7.999999984810043,4852.306090095274,6.848856444761432,True,500.0,500.0,4854.207123016926,1.6288157800307546,0.0013398502718918,100.70622697201162,0.9100769735407792,100.71033904736936,64.55482756281354,239.83117494503912,0.628,0.006,0.008,2
48086,150.08945162,2.3625202788888893,3.199436984326499,z_sys,3.215564659702124,1151.3342052113317,2.5776604371298752,0,1,ok,5105.129558736196,5124.735489860081,5125.061,107.71053805186057,46.324186414411294,8.489037574976464,496.60375643100303,0.0087499641218863,5124.708397186969,3.6114533257800607,True,500.0,500.0,5124.735489860081,2.5310914257964314,0.0020820546906614,148.6352327070192,2237.9708531530923,2242.90123990439,55.04606320255206,331.38959300738543,0.646,0.076,0.018,2
48121,150.0803971571723,2.36277555,4.517360727949767,z_sys,4.512353484193688,-272.07463630857853,2.8176163580689297,0,1,ok,6707.289916146694,6701.202760129741,6701.061,73.12954352962402,20.924089314583824,2.681751527194137,119.9738694481362,2.688484553167703e-06,6701.199901119585,1.1433181617537975,True,500.0,500.0,6701.202760129741,0.5037832092733487,0.0004144078650236,22.51735179116156,8.08990424036603,23.92650585240601,16.716624977693478,46.45593494398419,0.52,0.21,0.0,1
48146,150.07960361563778,2.3626120255555554,3.155380571338563,z_sys,3.1479778203897126,-534.0759684504299,3.510288148845932,0,0,dv_out_of_band;skew_pinned,5051.571499159151,5042.572196913163,5047.061,197.79765293473787,50.46500562140933,7.958293916607545,473.30800232179627,7.999999999999999,5040.7693997198085,6.4949423209214485,True,500.0,500.0,5042.572196913163,1.6663125725075678,0.0013706948205578,98.88961128066744,31.321415491445883,103.73131777640396,61.520649940060885,254.92368225011688,0.59,0.012,0.014,2
48256,150.12647973569204,2.3631503266666667,3.4844627131972983,z_sys,3.482516778479999,-130.08839393175188,3.021882429264516,0,0,skew_pinned,5451.62678655256,5449.261172094781,5451.061,154.81950163458134,47.23104954382612,16.119738196061917,887.4260786976225,7.999999999999999,5445.609557931999,13.15568021348024,True,500.0,500.0,5449.261172094781,3.604444169064629,0.0029649857025875,198.2133442870878,2.325996241527934,198.2269913810609,67.08693483059754,585.6904095717096,0.666,0.022,0.04,2
48525,150.08151033,2.363789453333333,3.93883538677916,z_sys,3.947868844476592,548.3403019671032,8.643515012449717,1,1,ok,6003.994014645822,6014.975718164859,6016.061,400.3527536896283,45.156873622989366,10.37633636940336,517.4727667915826,2.0137164537367456,6011.422406835787,6.671216903737324,True,500.0,500.0,6014.975718164859,1.0672542583393625,0.0008779144491016,53.2903225149865,5.76212602570363,53.60093814559003,44.4659137882525,74.37651492571524,0.232,0.0,0.0,1
48586,150.17813124,2.3638930733333336,3.4596043884078185,z_sys,3.473059699860332,904.5198950807865,3.709787012743332,0,1,ok,5421.407266855733,5437.7644853292095,5438.061,158.12387661799684,35.1680796316686,3.870088355369262,213.4010327557945,0.8774914110062132,5436.821395616348,1.954101430949996,True,500.0,500.0,5437.7644853292095,0.6845630996488048,0.0005631158946497,37.85490449213937,4.435683597811653,38.11389619402468,36.29394052833576,79.75743659756552,0.606,0.028,0.0,1
48648,150.0783225,2.36476518,3.418467433947656,z_sys,3.423889394967537,367.8793712140039,3.2680526920188497,0,1,ok,5371.398305427148,5377.989620780186,5377.061,233.7207668471392,66.28420796511149,5.479276755033425,305.43897375927605,0.0062050335717461,5377.983779333752,2.335994428931711,True,500.0,500.0,5377.989620780186,1.191361720012245,0.0009800042116793,66.49316213409654,5.448576695168861,66.71602205313494,70.43327725439987,132.18536031787892,0.678,0.026,0.0,1
48688,150.127787618539,2.3651850855555554,4.388786720901873,z_sys,4.388929078481681,7.919728684007742,10.6086511999784,1,1,ok,6550.986352998781,6551.159412837826,6553.061,317.2718479775321,25.738087120222,5.360680766820224,245.3730680772355,4.826480632380999,6549.584582495822,4.170693071305573,True,500.0,500.0,6551.159412837826,0.3544133938477946,0.0002915375010058,16.219002263852246,3.477743212233942,16.58766807857824,24.951632746532525,20.61582656396066,0.132,0.0,0.0,1
48744,150.178434128542,2.364869268888889,3.4573448216184914,z_sys,3.4640470904974388,450.781741554142,3.336748447515665,0,1,ok,5418.660379296952,5426.808126505021,5426.061,130.93543296974337,32.110362645951,3.632879781833253,200.69085018353223,0.0004601248976534,5426.804253498857,1.5488151649841828,True,500.0,500.0,5426.808126505021,0.7080300759573491,0.0005824196335825,39.17242675332986,2.7139509124360104,39.26632841634299,33.43529787539646,80.59150041318225,0.608,0.082,0.0,1
49289,150.13005719849852,2.3672327033333334,3.7572416830020936,z_sys,3.755906352068457,-84.15005364744304,10.125691689795202,1,0,skew_pinned,5783.235996775155,5781.612675019061,5784.061,437.43819959987087,40.93373085019182,8.49687461045778,440.7329566653329,7.999999999999999,5779.687872811385,6.934490115759529,True,500.0,500.0,5781.612675019061,0.6376210086494513,0.0005245017222185,33.05311586143976,1.6040770324124196,33.09201612588259,41.98935862509628,52.06884876005658,0.508,0.0,0.0,1
49296,150.13005719849852,2.3672327033333334,3.7572416830020936,z_sys,3.755906352068457,-84.15005364744304,10.125691689795202,1,0,skew_pinned,5783.235996775155,5781.612675019061,5784.061,437.43819959987087,40.93373085019182,8.49687461045778,440.7329566653329,7.999999999999999,5779.687872811385,6.934490115759529,True,500.0,500.0,5781.612675019061,0.5782589276933597,0.0004756709696655,29.97589332171541,1.6040770324124196,30.01878151359205,41.93304789161049,51.74091338048909,0.574,0.0,0.0,1
49482,150.07954806302885,2.367766382222222,3.4199192904280213,z_sys,3.4207564438472806,56.78209595961607,12.481498110434394,1,1,ok,5373.163283794633,5374.180986091824,5375.061,905.0173319031476,68.80776966999665,6.03303074397445,336.6699884886553,3.4412451811448848,5372.195852813935,4.434943004623934,True,500.0,500.0,5374.180986091824,0.4549918034975769,0.0003742724616858,25.38599777002515,7.406472633067291,26.444370282615857,68.64966948144257,31.04092900826526,0.086,0.0,0.0,1
49540,150.11122932302013,2.3675214544444447,3.5651,z_dja,3.565946313970516,55.5778724366559,11.427374662205755,1,1,ok,5549.655117,5550.683955504537,5552.061,471.77682384500326,38.4406708771989,6.259713018812363,338.20374185252143,4.3869656687030885,5548.769927869938,4.813960069659744,True,500.0,500.0,5550.683955504537,0.5097007191961541,0.000419275559318,27.53404098645772,,27.53404098645772,37.267248387752765,33.359837133646536,0.182,0.0,0.0,1
49694,150.07954806302885,2.367766382222222,3.4199192904280213,z_sys,3.4207564438472806,56.78209595961607,12.481498110434394,1,1,ok,5373.163283794633,5374.180986091824,5375.061,905.0173319031476,68.80776966999665,6.03303074397445,336.6699884886553,3.4412451811448848,5372.195852813935,4.434943004623934,True,500.0,500.0,5374.180986091824,0.436942161938904,0.0003594249771228,24.3789287265041,7.406472633067291,25.479168014602468,65.50718603108092,31.441831327420644,0.052,0.0,0.0,1
49726,150.17380696303826,2.3679732244444445,3.1711728991265264,z_sys,3.174428164381756,233.96392235661835,30.55899995568666,1,1,ok,5070.769758281144,5074.72708659397,5077.061,1577.7272770027237,48.19963841812635,7.477796962528373,441.9258232071903,6.231387019213009,5072.767903789787,5.98074201063065,True,500.0,500.0,5074.72708659397,0.2292735814631271,0.0001885985353452,13.55504071724867,5.455243876517324,14.611598632543568,51.55867186442895,16.45555148789929,0.106,0.0,0.0,1
49902,150.14021900153563,2.3688509,2.9618321363582,z_sys,2.9617541221344696,-5.903348523142834,31.3322952526851,1,1,ok,4816.280473206573,4816.185633655211,4816.061,1364.260308688455,41.439266418514414,6.055026198153428,376.906904821714,5.772759473464303e-05,4816.1791784034,2.5814551989782406,True,500.0,500.0,4816.185633655211,0.1096712385319881,9.021464585947511e-05,6.826556375675351,1.5694132287743152,7.004636309825486,45.217347402777065,13.056618044515504,0.436,0.0,0.0,1
49939,150.15172124458957,2.368674411111111,3.750372266997093,z_sys,3.752605974103908,140.96759293085728,3.2232118151009748,0,1,ok,5774.885053820357,5777.600504538897,5777.061,173.32360550308556,57.25583170856525,9.287355981665314,481.9101021922543,2.740178321488382e-05,5777.590603306508,3.959502832694752,True,500.0,500.0,5777.600504538897,2.009477590307025,0.0016529795012684,104.31830598871002,12.39709845069119,105.05235368305776,63.9768831530873,343.0033488899394,0.6,0.016,0.01,2
50654,150.11921915524886,2.3711898644444447,3.463694344321006,z_sys,3.4595843392670185,-276.03783379456115,4.258685466026151,0,0,skew_pinned,5426.379303560718,5421.382893716736,5423.061,248.3399265783235,52.98053887432525,10.764232059470489,595.5099942533087,7.999999999999999,5418.944465637958,8.784931429760249,True,500.0,500.0,5421.382893716736,1.5915145374050328,0.0013091665809019,87.92677924270892,15.7095244200896,89.31913381522158,58.78618948293363,183.02078823984,0.61,0.0,0.004,1
50751,150.13823243,2.371613331111111,3.159992468663634,z_sys,3.1755160041615413,1118.7132906668205,2.8175879196791813,0,1,ok,5057.17804438032,5076.049540779061,5075.061,149.0173163620043,36.21110641565295,2.803878934137174,165.59772434308397,5.579948193198369e-06,5076.04655156911,1.1953850594475692,True,500.0,500.0,5076.049540779061,0.4960419122494938,0.0004080399386753,29.405653279212984,3.26758863851848,29.58664530303942,36.80187146972324,69.28269732992631,0.49,0.216,0.0,1
50966,150.13745461840568,2.37177286,3.715756172445461,z_sys,3.718102721801295,149.17603317032578,6.153353232639944,1,1,ok,5732.803306156774,5735.655935812181,5736.061,264.92444527499777,40.31289562037793,4.329025042432477,226.2705638229093,1.594275689891368e-05,5735.651320646891,1.8456045996464976,True,500.0,500.0,5735.655935812181,0.527650999079953,0.0004340413097962,27.593095651903912,2.9760994504018465,27.753127672278683,37.350951493231385,41.100201602446106,0.552,0.002,0.0,1
50970,150.18688489679192,2.372284317777778,3.0655103966160846,z_sys,3.064396850731482,-82.11334501041931,13.131078957546372,1,1,ok,4942.319023854276,4940.965319528741,4942.061,670.9736229283917,49.826455848388456,7.137761390846208,433.286388718749,3.6471975072854175,4938.643556994544,5.305559071002214,True,500.0,500.0,4940.965319528741,0.5471450748383461,0.0004500769738813,33.18886661842049,6.735617233622473,33.8654603827141,52.14156152979907,41.77410718959599,0.08,0.0,0.0,1
51240,150.11922476516514,2.372717273333333,3.7190006042280377,z_sys,3.7352955620555033,1035.1991596960995,3.022674228561452,0,1,ok,5736.747464541899,5756.5567559240135,5755.061,108.12790978309506,31.911052359965737,4.552732764262146,237.1388290786332,0.7111497997437067,5755.594523757653,2.198837961870045,True,500.0,499.0,5756.5567559240135,1.021347645955467,0.0008401520527408,53.37385393832283,5.448721267416894,53.65125206068747,35.52414436761704,130.45986805344,0.6593186372745491,0.0761523046092184,0.0,1
51579,150.10867511,2.374358382222222,4.522096513814507,z_sys,4.525077633119425,161.8438000452992,29.051020322992983,1,1,ok,6713.047068948882,6716.671126254292,6718.061,824.7123894148682,26.29178046450615,5.221032839813233,233.0895306445406,4.67150599603178,6715.129006515892,4.030677669191346,True,500.0,500.0,6716.671126254292,0.2015417232176171,0.0001657865401117,9.000486362212515,1.782728064933838,9.175340544627009,25.946007406784243,8.81836330247152,0.052,0.0,0.0,1
53947,150.10068138211412,2.3974694822222222,3.5359099966434178,z_sys,3.541618071865292,377.2645185819208,7.263444466943501,1,1,ok,5514.169705619504,5521.10884142448,5521.061,813.5816005116501,110.45039171968897,11.222656126621589,609.3839186210795,0.0008775913332112,5521.0969024286005,4.774404452165871,True,500.0,500.0,5521.10884142448,1.2891599762232302,0.0010604522413345,70.08860057994234,7.964479679867315,70.539668753303,117.1592920703126,116.5438058620829,0.49,0.0,0.0,1
54193,150.10128602629246,2.3967334955555555,3.5357192266194497,z_sys,3.530742340346915,-328.95179226991814,2.8948339194197032,0,0,dv_out_of_band;narrow_fwhm;skew_pinned,5513.937792224467,5507.887540889535,5509.061,163.0534432285978,20910.662236799613,1.2253063265816309,66.696370540015,7.999999999928583,5507.609971497187,1.0000000000000002,True,500.0,500.0,5507.887540889535,0.5641774236918776,0.000464087641952,30.674291762087776,3.732454971802485,30.90054037103913,47.304626549627535,289.72969612700655,0.576,0.624,0.002,1
54521,150.09351762170343,2.39552825,3.417666420185612,z_sys,3.4116547773042285,-407.96316982948895,3.55936494238502,0,0,dv_out_of_band,5370.424537027044,5363.116363125432,5365.061,191.8812707320312,52.85566576154539,11.989965112682512,670.2277963096731,0.0044367434601393,5363.103607843397,5.100837285704049,True,500.0,500.0,5363.116363125432,2.279458141202162,0.0018750632500614,127.24587308648854,14.116443344886852,128.02650581130516,66.671566141216,294.3505988076067,0.552,0.016,0.076,2
55418,150.10087948198074,2.391999638888889,3.840589475929619,z_sys,,,0.0,0,0,fit_failed,5884.55940820336,,5879.061,,,,,,,,False,,,,,,,,,,,,,,2
56591,150.1178659856953,2.386745448888889,3.753380821677738,z_sys,3.754099185638225,45.30672073882423,1.7086126887767212,0,0,skew_pinned,5778.542463488975,5779.415757004821,5784.061,95.8206256920518,48.43353002143164,9.63287110822057,499.86936632185433,7.999999999979697,5777.233616815,7.861602359546155,True,500.0,500.0,5779.415757004821,4.855330285882946,0.0039939541864839,251.89594261938367,20.86900742038398,252.758939265894,74.77059337305481,652.4385038432106,0.692,0.112,0.066,2
57111,150.11467345618294,2.387244618888889,3.7588987311907305,z_sys,3.770968457637,760.3467026938451,2.8417049290031065,0,0,skew_pinned,5785.250420546636,5799.923224895572,5803.061,112.10606346683176,125.7442510282371,2.6593674335854303,137.47442633019708,7.999999418851779,5799.320796762658,2.170369462634561,True,500.0,498.0,5799.923224895572,5.885117564898423,0.0048410486109704,304.9675869058001,7.682201320027136,305.0643297409059,488.1456906912447,772.9325639159589,0.6445783132530121,0.1767068273092369,0.0301204819277108,2
57248,150.10668204367022,2.383779145555556,3.723101296811256,z_sys,3.728598167062211,348.906394396733,6.86727961610662,1,1,ok,5741.73255349454,5748.414933752519,5750.061,330.489542016825,47.50963396994772,6.59192985044956,343.89837801248063,4.924077693812188,5746.496579167134,5.148657709364924,True,500.0,500.0,5748.414933752519,0.7969122699320754,0.0006555333848265,41.60909376872522,9.95828358479574,42.78415707022612,51.32899359157887,70.05395537924521,0.45,0.0,0.0,1
58782,150.18005219827413,2.37831,4.932169816765184,z_sys,4.932726213301661,28.118460941848262,27.595624946948146,1,1,ok,7211.560881146932,7212.237275724431,7214.061,757.6274022370878,27.200064251212247,8.500171444162334,353.45564164718155,4.381263700542027,7209.638184840543,6.536958770232277,True,500.0,500.0,7212.237275724431,0.2968809832665404,0.0002442118200387,12.341666550942014,36.078889696109584,38.13139146370983,27.30874000752001,15.227536203528674,0.002,0.0,0.0,1
59457,150.13188632330443,2.375784785555556,2.9917631655753545,z_sys,2.9953870560470754,272.1642008747317,3.051642813532254,0,0,narrow_fwhm,4852.666727494991,4857.0721824247485,4856.061,112.67467629304475,82.45746439614771,1.6196952726295422,99.98348427734771,1.8574972952496456,4856.526360350116,1.0152290588160409,True,500.0,500.0,4857.0721824247485,0.292583758444096,0.0002406769587503,18.07550549841965,1.7446898030869729,18.15951104882493,21.023053991447306,40.18946972451718,0.556,0.61,0.0,1
59737,150.08672731,2.3749150944444444,3.4173,z_dja,3.424394988873704,481.5213261337085,15.036421771244465,1,1,ok,5369.979091,5378.6042561240965,5379.061,665.380050184807,42.20093423516069,6.51472729438774,363.119984089984,0.0156999891604625,5378.569603319339,2.7715313244953137,True,500.0,500.0,5378.6042561240965,0.2716534021933758,0.0002234598223147,15.165727796614007,,15.165727796614007,43.56905793106049,28.771095335525988,0.468,0.0,0.0,1
