ID,manual,tier_when_labelled,note
15479,b,silver,
15748,a,gold,
16853,b,bronze,
16871,b,bronze,
17058,a,gold,
17074,a,gold,
17086,c,silver,
17416,d,stone,
17578,d,bronze,
17806,d,stone,
17891,d,stone,
18444,a,silver,
18502,a,silver,
18866,d,bronze,
19819,b,bronze,
23341,b,silver,
26580,a,gold,
26999,a,gold,
28600,b,silver,
29701,b,silver,
33361,a,gold,
35799,b,gold,
38195,b,gold,
41512,a,silver,
42751,a,gold,
42812,c,silver,
43129,b,bronze,
43683,a,gold,
43713,a,gold,
44361,a,gold,
44980,a,gold,
45004,a,gold,
45443,b,gold,
45547,a,silver,
45677,a,gold,
45963,c,silver,
46008,d,stone,
46091,a,gold,
46212,a,gold,
46887,a,silver,
46979,a,gold,
47137,a,silver,
47218,a,gold,
47283,a,gold,
47549,b,stone,
47664,a,gold,
47736,d,stone,
47750,a,gold,
48086,d,stone,
48121,c,stone,
48146,d,bronze,
48256,d,bronze,
48525,a,gold,
48586,a,silver,
48648,a,gold,
48688,a,gold,
48744,a,silver,
49289,b,gold,
49482,a,gold,
49540,a,silver,
49726,a,gold,
49902,a,gold,
49939,b,gold,
50654,c,silver,
50751,b,stone,
50966,a,gold,
50970,a,gold,
51240,b,gold,
51579,a,gold,
53947,a,gold,
54193,d,stone,
54521,b,stone,
55418,d,bad,
56591,d,bronze,
57111,c,stone,
57248,a,gold,
58782,d,stone,
59457,a,silver,
59737,a,silver,
