ID,z_sys_line,delta_v_kms,delta_v_err_kms,fwhm_int_kms,fwhm_obs_kms,fwhm_lsf_kms,resolved,lya_snr,skew_at_max,dv_out_of_band,pass_zsys_is_OIII,pass_dv_positive,pass_dv_err<120,pass_fwhm>lsf,pass_snr>3,pass_not_oob,n_criteria_failed,tier,tier_now,manual,z_sys
51579,OIII,255.9891830645828,5.586203362565218,199.44887921071657,237.0008055477702,112.34543309807675,True,29.051020322992983,True,False,True,True,True,True,True,True,0,gold,gold,a,4.522096513814507
47283,OIII,56.51972947867545,5.958850182101211,187.61054296614057,243.31057791177707,139.21412573986768,True,27.649845111477184,True,False,True,True,True,True,True,True,0,gold,gold,a,3.7556398181133535
49902,OIII,77.82379557965993,7.34800952290788,329.788491642967,377.7102010886443,184.46341572577865,True,31.3322952526851,False,False,True,True,True,True,True,True,0,gold,gold,a,2.9618321363582
44361,OIII,45.61947921612928,8.026447382510257,147.65288539227925,184.6922726387396,98.83124901270024,True,15.347033798550598,True,False,True,True,True,True,True,True,0,gold,gold,a,5.132260396411653
42751,OIII,205.82674785848693,9.371937162886,420.470360937059,466.9520347769204,169.30538951111413,True,32.317050450093795,True,False,True,True,True,True,True,True,0,gold,gold,a,3.184537811382972
46212,OIII,63.21788376416715,10.611222380540315,422.6196336828796,462.4446099319795,158.18557418795783,True,33.515138613622895,False,False,True,True,True,True,True,True,0,gold,gold,a,3.37388307430417
49726,OIII,343.43902999356,11.396994611301643,396.9223912303195,443.6610397986881,170.028054164434,True,30.55899995568666,True,False,True,True,True,True,True,True,0,gold,gold,a,3.1711728991265264
46979,OIII,171.3927369705124,13.325597967713737,326.94112615361064,364.07899835955,153.3540976668365,True,23.50417053810447,False,False,True,True,True,True,True,True,0,gold,gold,a,3.4614588551795977
48688,OIII,104.75319569182793,13.67940356837642,210.79189001089915,249.1619945235612,116.19327857778282,True,10.6086511999784,True,False,True,True,True,True,True,True,0,gold,gold,a,4.388786720901873
26999,OIII,232.28429269993643,16.93428551758526,291.0939013026377,342.84671181506366,162.27137370040458,True,13.23233341789166,False,False,True,True,True,True,True,True,0,gold,gold,a,3.300137844392818
49482,OIII,140.1697397907139,18.631681930378008,286.3002568042984,336.6935812276314,155.5968199276231,True,12.481498110434394,False,False,True,True,True,True,True,True,0,gold,gold,a,3.4199192904280213
50966,OIII,232.37857356632225,19.304276970422915,177.5637381514158,226.29362458532668,140.83739769811675,True,6.153353232639944,False,False,True,True,True,True,True,True,0,gold,gold,a,3.715756172445461
33361,OIII,318.8689125535089,22.407577570844342,232.54519353759235,283.3253580380621,151.7601112866685,True,7.45416116550701,False,False,True,True,True,True,True,True,0,gold,gold,a,3.48937394450284
50970,OIII,1.5432594787728646,23.893826270071628,383.7186797686698,433.3131328203047,177.29928650263375,True,13.131078957546372,False,False,True,True,True,True,True,True,0,gold,gold,a,3.0655103966160846
45677,OIII,245.49536803534613,28.45584725153065,209.57229939039783,260.99324497184006,139.11393758442807,True,5.246657225870278,True,False,True,True,True,True,True,True,0,gold,gold,a,3.754906389376436
17058,OIII,265.92986203009787,28.858074873751708,331.05460753076346,369.1946420856477,164.06772530483926,True,7.809311377701261,False,False,True,True,True,True,True,True,0,gold,gold,a,3.268980072447333
47664,OIII,194.5244335869209,29.614902185742828,299.7015253575696,346.8549645641577,150.30538213299803,True,7.114734180237074,True,False,True,True,True,True,True,True,0,gold,gold,a,3.519489986483696
43683,OIII,123.02649911815378,33.20648602638746,440.4542065419831,468.7373466942438,150.06003139995804,True,13.16987088522881,False,False,True,True,True,True,True,True,0,gold,gold,a,3.52606261544765
26580,OIII,188.23582625233416,34.09294991956771,397.3780268915768,438.0707487232796,181.3093116066046,True,8.883438835011361,False,False,True,True,True,True,True,True,0,gold,gold,a,3.005279481392564
57248,OIII,443.1234339185541,35.25258593569984,305.64799899489554,346.73849554897964,140.39686524500252,True,6.86727961610662,True,False,True,True,True,True,True,True,0,gold,gold,a,3.723101296811256
15748,OIII,169.714920383681,35.2778350351538,144.2177473495649,178.39761110363943,92.69378370940524,True,3.614754666976647,True,False,True,True,True,True,True,True,0,gold,gold,a,5.522639188529189
44980,OIII,163.1184113568714,37.46375678690456,308.326470286954,329.2258660265484,96.66801515297983,True,6.142586581025192,True,False,True,True,True,True,True,True,0,gold,gold,a,5.256126889924292
48525,OIII,631.5261649140971,51.35353942005628,498.7080086721123,517.5069695081478,131.27292239652547,True,8.643515012449717,False,False,True,True,True,True,True,True,0,gold,gold,a,3.93883538677916
48648,OIII,451.3617626181583,52.82184641022184,263.763225402845,305.3438334111299,155.39806770990717,True,3.2680526920188497,False,False,True,True,True,True,True,True,0,gold,gold,a,3.418467433947656
45004,OIII,225.25962168064365,58.27772032248174,424.9947933486666,442.1743987039692,96.67145468684684,True,5.957940172988147,True,False,True,True,True,True,True,True,0,gold,gold,a,5.254917580157724
47218,OIII,744.3623882557215,60.214238226516045,269.3119540588018,301.07251128518493,115.77730643142765,True,3.4520984384402054,True,False,True,True,True,True,True,True,0,gold,gold,a,4.391688730551099
53947,OIII,460.8332274793312,65.42464047769408,589.6186647642116,608.0699928806343,149.2423483403536,True,7.263444466943501,False,False,True,True,True,True,True,True,0,gold,gold,a,3.5359099966434178
46091,OIII,1053.7296812496934,68.9113893077216,383.55295895278965,420.8976506298253,168.3190589804911,True,4.097456047535478,False,False,True,True,True,True,True,True,0,gold,gold,a,3.1888448013842874
43713,OIII,349.1437501066764,70.50962513658212,362.9637326010269,405.7559531566101,181.3318664764348,True,3.766799288729469,False,False,True,True,True,True,True,True,0,gold,gold,a,3.0026473378211547
17074,OIII,165.44367353409038,86.23158548012442,721.9518321496583,727.8586700674855,92.90507484045476,True,5.190732675199884,False,False,True,True,True,True,True,True,0,gold,gold,a,5.50545452128854
47750,OIII,461.81821297453047,91.884790527621,485.4980862033164,531.5286558620164,182.19385505911143,True,3.676747004644051,True,False,True,True,True,True,True,True,0,gold,gold,a,2.988601484137201
47137,Ha,239.7349538624049,6.165796038624325,332.0981256453528,365.3205732861532,127.69359742421008,True,61.37322038770971,True,False,False,True,True,True,True,True,1,silver,silver,a,4.038853297088122
46887,Ha,231.4678615177827,12.199910975251182,252.6609409058505,311.1412862560699,160.83319403662256,True,34.584149361955085,True,False,False,True,True,True,True,True,1,silver,silver,a,3.324865792972356
59737,Ha,572.0138909664244,15.157398897613003,327.6158008830667,362.3209908611586,155.3488902767192,True,15.036421771244465,False,False,False,True,True,True,True,True,1,silver,silver,a,3.417202915782912
45547,Ha,171.60793223096888,20.228560904083515,357.4062796760594,379.9985926641844,113.5302960199147,True,15.534694532601272,False,False,False,True,True,True,True,True,1,silver,silver,a,4.480683587300725
59457,OIII,363.40843428669103,21.033862199058447,7.34679612529251,181.9234680729486,182.06038099510323,False,3.051642813532254,True,False,True,True,True,False,True,True,1,silver,silver,a,2.9917631655753545
49540,Ha,161.50716623471362,21.729283165978348,296.6448060945102,343.2181393629888,148.05903297668564,True,11.427374662205755,True,False,False,True,True,True,True,True,1,silver,silver,a,3.5648687486500403
48586,OIII,988.1045519330409,29.127110612688707,147.56286335281763,213.39087374399367,152.78483428852772,True,3.709787012743332,False,False,True,True,True,False,True,True,1,silver,silver,a,3.4596043884078185
48744,OIII,534.2741669458915,29.28630790816061,130.26735602177325,200.6760563860267,153.2485323834644,True,3.336748447515665,False,False,True,True,True,False,True,True,1,silver,silver,a,3.4573448216184914
18502,Ha,285.4969246903827,37.25038820588955,438.6356755291488,468.1399593616693,158.00450556063643,True,10.547205131145764,False,False,False,True,True,True,True,True,1,silver,silver,a,3.3746310569744367
41512,Ha,606.1247156458752,72.59324822798798,662.90474844928,687.7620706807216,183.9532971135096,True,6.465591431622585,False,False,False,True,True,True,True,True,1,silver,silver,a,2.961675443741489
18444,Ha,418.0937846270028,82.17280945122006,423.60260113508417,436.1337813000063,103.98241850862568,True,3.834296701958064,False,False,False,True,True,True,True,True,1,silver,silver,a,4.863015408142131
