ID,z_sys_line,delta_v_kms,delta_v_err_kms,fwhm_int_kms,fwhm_obs_kms,fwhm_lsf_kms,resolved,lya_snr,skew_at_max,dv_out_of_band,pass_zsys_is_OIII,pass_dv_positive,pass_dv_err<120,pass_fwhm>lsf,pass_snr>3,pass_not_oob,n_criteria_failed,tier,manual
54193,OIII,-225.36347491163025,21.199367295402205,6.478401618138428,149.40377256383974,149.76500934306014,False,2.8948339194197032,True,False,True,False,True,False,False,True,3,stone,d
50751,OIII,1202.022693120551,22.510653681852077,7.030039950241425,169.86108289776752,169.96167342209017,False,2.8175879196791813,True,True,True,True,True,False,False,False,3,stone,b
48121,OIII,-189.4076993886871,23.19463690425523,42.485919502263066,120.2292792145046,112.6748497118258,False,2.8176163580689297,False,False,True,False,True,False,False,True,3,stone,c
47549,OIII,-40.86163806260601,87.7969946067488,126.8738523699224,218.18850826119305,166.62158717452718,True,2.7363052335471068,True,False,True,False,True,False,False,True,3,stone,b
54521,OIII,-324.3525703884189,121.15215973813746,652.2262838954798,670.5629014961132,156.02213139291771,True,3.55936494238502,False,True,True,False,False,True,True,False,3,stone,b
17891,Ha,-303.6878137793298,124.6411582216702,745.7437147731449,776.2607142266507,175.75060040549377,True,4.310987003327139,True,True,False,False,False,True,True,False,4,stone,d
48086,Ha,4112.310334515393,141.54138112065388,467.39133727435984,497.31371601163727,167.43471616969734,True,2.5776604371298752,False,True,False,True,False,True,False,False,4,stone,d
47736,OIII,262.93808841360385,157.98345197460108,7.357758839342114,182.25780570671407,182.3953712092924,False,1.2323928692941233,True,False,True,True,False,False,False,True,3,stone,d
57111,OIII,891.9538741444941,259.9640881491578,118.29988901517376,189.4339185643476,138.47063880916306,True,2.8417049290031065,True,False,True,True,False,False,False,True,3,stone,c
17416,,,,310.5623718852644,322.8435071126112,88.5455197366262,True,3.293785017077626,False,True,False,False,False,True,True,False,4,stone,d
17806,,,,327.488730571608,375.5180740998021,184.08328859006,True,3.379000638807499,False,False,False,False,False,True,True,True,3,stone,d
46008,,,,170.57813731917614,214.35303932351496,115.3543379531292,True,3.644271243822777,True,False,False,False,False,True,True,True,3,stone,d
58782,,,,335.4592196053126,353.4549563145508,102.6798184608914,True,27.595624946948146,False,False,False,False,False,True,True,True,3,stone,d
