ID,ra,dec,peak_snr,best_center,lya_obs
15479,150.13694119697945,2.251802222222222,3.3331452278925866,7451.0615,7425.0692260000005
15748,150.14803567927123,2.253240097777778,3.5669302354450965,7932.3115,7926.350750500001
16853,150.12717624,2.257307842222222,3.3106611302743634,8319.8115,8339.5569835
16871,150.11744338197752,2.256743138888889,2.704188504408102,4950.0615,4960.8453525
17058,150.1247021987222,2.2579972033333333,7.634287450727237,5191.5615,5188.6315187499995
17074,150.14937244937013,2.2584427255555557,5.1724305937594846,7905.0615,7905.988278000001
17086,150.14558443125435,2.258416168888889,4.016327249960744,7939.0615,7906.292195500001
17416,150.10994726,2.2589862766666666,3.2908559566097946,8364.0615,8345.209849
17578,150.09739694820968,2.2601710455555555,4.257445722122008,4944.0615,4975.899399333332
17806,150.13645843176326,2.260475198888889,4.029778812554529,4842.0615,4810.2846230000005
17891,150.09815698118564,2.2602663944444443,4.116799367548807,4971.0615,4975.858877
18444,150.12027360213534,2.2633166566666665,3.923852898319356,7135.0615,7130.2084675
18502,150.09363490210197,2.263806912222222,11.236175176038053,5322.5615,5317.826848
18866,150.13633145152758,2.2647953511111107,2.4282028617500533,5172.5615,5162.707356000001
19819,150.11892789,2.2683828133333335,3.3459744657494594,4988.8115,4964.553146
23341,150.12872019037997,2.2812037944444445,5.78137743512608,5085.0615,5085.269177
26580,150.11948845996713,2.291802978888889,8.977130868547437,4871.0615,4868.028948000001
26999,150.09337527,2.2937405133333333,13.137028354927821,5231.0615,5225.922196
28600,150.11111068957132,2.2983615144444447,3.293573728087618,5476.5615,5453.738754000001
29701,150.10582531977326,2.3027749655555554,22.60898603070975,5458.0615,5456.170094
33361,150.1186535995437,2.314427162222222,7.545066581792625,5463.0615,5456.008004666667
35799,150.15708537876117,2.3227015644444444,6.811864698807764,5087.5615,5092.806331
38195,150.17785161077256,2.330552507777778,3.5053207120542282,5048.5615,5082.716270000001
41512,150.1810402370107,2.3418902055555555,5.651584375152996,4824.0615,4816.119839
42751,150.13917181,2.345338637777778,32.170055507995954,5091.0615,5085.816228500001
42812,150.07946153679046,2.345420498888889,3.3499177378709923,4855.0615,4851.009568
42990,150.11018619109248,2.346641812222222,2.7758893926091344,5504.8115,5494.706833
43129,150.11018619109248,2.346641812222222,2.7758893926091344,5504.8115,5494.706833
43604,150.10364252660779,2.3485374544444446,3.8400412318199253,4870.0615,4864.381938
43683,150.08969066,2.348563267777778,13.254081069928528,5504.0615,5500.785183000001
43713,150.10364252660779,2.3485374544444446,3.8400412318199253,4870.0615,4864.381938
44361,150.07672123,2.350948707777778,15.19507787949546,7454.5615,7453.029636
44980,150.07847712879428,2.3524412033333335,6.091245944433967,7609.8115,7603.8942830000005
45004,150.07851878758936,2.352448581111111,5.901366432585133,7610.3115,7601.341376
45443,150.1217307550671,2.3536541466666665,4.749305166072034,5266.8115,5263.972667
45547,150.14623671,2.3543245244444444,15.936902509821659,6666.3115,6662.479435
45677,150.1413637674817,2.35503687,5.162276999186977,5784.5615,5778.687345
45963,150.0888703774479,2.3558000466666664,3.756176049961698,7956.8115,7923.858627
46008,150.12415165,2.3558978255555556,3.517961900685149,6600.0615,6575.315896000001
46091,150.11776606746682,2.35541026,4.078256499450081,5109.0615,5091.225960000001
46212,150.15076755129388,2.35677657,33.51226259645437,5319.0615,5315.638642000001
46887,150.0864819,2.359282,33.85639917650766,5261.8115,5249.0807095
46979,150.16880099133834,2.3589189966666666,24.09915290931059,5425.3115,5422.009767000001
47137,150.13685254,2.35927325,61.12530393345599,6130.0615,6125.214078500001
47218,150.12884485728088,2.360174831111111,3.42483658377345,6570.5615,6553.1299185
47283,150.1349070586344,2.36036375,27.940842588817745,5781.8115,5779.659881000001
47549,150.09679965725107,2.360836207777778,3.452806492037845,5110.8115,5144.259563750001
47664,150.13168715,2.3617497944444446,7.1200695927756374,5498.3115,5492.518627000001
47736,150.1378752941347,2.3610523555555556,2.1842499534165705,4848.0615,4845.4782695
47750,150.12949332,2.3617853133333333,4.168558038006907,4858.0615,4847.200468666667
48086,150.0895072228219,2.3625202788888893,3.6770891575411175,5062.3115,5057.308767
48121,150.0803971571723,2.36277555,2.7960255869796713,6700.3115,6701.320091500001
48146,150.07949241,2.362667581111111,4.7683486943778295,5017.3115,5051.351984
48256,150.12647973569204,2.3631503266666667,2.9460333239205707,5450.8115,5450.0309605
48525,150.08151033,2.3637894533333332,8.643948539983903,6015.3115,6002.249058
48586,150.17813124,2.3638930733333336,3.4271098781487837,5437.8115,5419.943128000001
48648,150.07837810290738,2.3647096244444445,3.7935188655562984,5334.8115,5369.61439
48688,150.127787618539,2.3651850855555554,10.875561440780427,6552.8115,6549.2397745
48744,150.178434128542,2.364869268888889,3.2622426323606852,5426.3115,5417.268654
49289,150.13005719849852,2.3672327033333334,10.002094682769755,5784.3115,5781.726520000001
49296,150.13005719849852,2.3672327033333334,10.002094682769755,5784.3115,5781.726520000001
49482,150.07954806302885,2.367766382222222,12.485000813959717,5375.0615,5371.073194000001
49540,150.11122932302013,2.3675214544444447,11.614866716872458,5552.8115,5549.655117
49694,150.07954806302885,2.367766382222222,12.485000813959717,5375.0615,5371.073194000001
49726,150.17380696303826,2.3679732244444445,30.26586177086686,5076.8115,5069.222333000001
49902,150.14021900153563,2.3688509,31.376746414375965,4816.0615,4815.066258333333
49939,150.15172124458957,2.368674411111111,3.1662558640708838,5777.5615,5772.973696000001
50654,150.11921915524886,2.3711898644444447,4.016708115212017,5422.8115,5424.441107
50751,150.13831583476662,2.371613331111111,3.586239738413052,5034.0615,5055.910746500001
50966,150.13745461840568,2.37177286,6.381625328844175,5736.0615,5730.830469333333
50970,150.18688489679192,2.372284317777778,12.998260100276863,4942.0615,4941.212282
51240,150.11922476516514,2.3727172733333335,3.0605311967334843,5755.0615,5735.166359
51579,150.10867511,2.374358382222222,28.157382854579758,6718.3115,6711.653286499999
53947,150.10068138211412,2.3974694822222222,6.903355486528861,5521.3115,5512.131436333333
54193,150.10128602629246,2.3967334955555555,3.181515183708446,5507.3115,5512.455615
54521,150.09371223622242,2.39552825,4.289548750659112,5337.8115,5368.884988
55418,150.10087948198074,2.391999638888889,0.0,5848.5615,5883.234965000001
56591,150.1178659856953,2.38685656,2.62913616408003,5743.5615,5777.593242000001
57111,150.11467345618294,2.387244618888889,2.787450554064084,5803.5615,5783.671592000001
57248,150.10668204367022,2.3837791455555553,6.6895450653149116,5749.8115,5739.6643380000005
58782,150.18005219827413,2.37831,27.608060018671836,7214.0615,7210.260337000001
59457,150.13188632330443,2.3757847855555556,3.5185557967306593,4856.0615,4851.455313666666
59737,150.08672731,2.3749150944444444,15.11413958325618,5378.8115,5369.249689000001
