group,ID,group_IDs,has_zsys,z_sys,z_sys_line,z_sys_grating,spectrum,d_along,d_perp,row_pred,line_row,drow_line,in_shutter,in_extraction,excess_band,excess_ratio,excess_snr,excess2_line,excess2_band,excess2_ratio,excess2_snr,flux_band,spec_flux,spec_flux_snr,spec_over_ap,spec_over_tot,f356w_ap,z_phot,sigma_z,dz_phot,Flag,closest_to_line
1,22997,22997 23070,1,2.939576576899921,OIII,G235M,/ceph/cephfs/apatrick/P2/jwst_spectra_pm/G235M_F170LP/22997_G235M_F170LP_spectra.fits,-0.219,-0.174,12.94,16.45,-3.51,0,1,f200w,1.0827451315202674,1.263230747574291,Ha,f250m,1.1988655574607696,2.857502504072619,f210m,0.6163558177027213,27.749762142910246,2.0682570626153796,0.9536526315917437,0.4281608340093612,2.8085319995880127,0.0770367264857098,-0.0332636197707897,0,0
1,23070,22997 23070,1,2.939576576899921,OIII,G235M,/ceph/cephfs/apatrick/P2/jwst_spectra_pm/G235M_F170LP/22997_G235M_F170LP_spectra.fits,0.139,0.11,16.31,16.45,-0.14,1,1,f200w,1.5912552291196,6.691915645616404,Ha,f250m,2.351778024479772,11.008668963110484,f210m,0.6163558177027213,27.749762142910246,5.585326144012829,1.8796849936826705,0.1513816446264267,2.9352235794067383,0.0188330229397847,-0.001104940444287044,5,1
2,34630,34630 34726,1,3.4899038605108537,OIII,G235H,/ceph/cephfs/apatrick/P2/jwst_spectra_pm/G235H_F170LP/34630_G235H_F170LP_spectra.fits,-0.045,-0.012,14.57,15.61,-1.04,1,1,,,,Ha,f300m,3.2824135808518955,13.455449513143382,f182m,0.1754861648756314,11.055024422113677,1.5416443194101705,0.810599614072282,0.0617627535286903,3.5123748779296875,0.0904013545398141,0.0050047881016938136,5,0
2,34726,34630 34726,1,3.4899038605108537,OIII,G235H,/ceph/cephfs/apatrick/P2/jwst_spectra_pm/G235H_F170LP/34630_G235H_F170LP_spectra.fits,0.132,0.17,16.24,15.61,0.64,0,1,,,,Ha,f300m,2.4127152024540837,7.433901505017643,f182m,0.1754861648756314,11.055024422113677,6.615839352088214,2.2933237008382426,0.0208513792369079,3.447822570800781,0.0141181805355604,-0.009372425561309216,0,1
3,50070,50070 50172,1,3.5211384862354347,OIII,G235M,/ceph/cephfs/apatrick/P2/jwst_spectra_pm/G235M_F170LP/50070_G235M_F170LP_spectra.fits,0.256,0.098,17.46,15.41,2.05,1,1,,,,Ha,f300m,1.8211135364255637,8.106236141348223,f182m,0.10320631535528724,3.800657847595963,1.6394994688521733,1.0886450656388933,0.0612143190859794,3.55549430847168,0.0120410536555153,0.007598931627695422,5,0
3,50172,50070 50172,1,3.5211384862354347,OIII,G235M,/ceph/cephfs/apatrick/P2/jwst_spectra_pm/G235M_F170LP/50070_G235M_F170LP_spectra.fits,-0.114,-0.06,13.9,15.41,-1.51,1,1,,,,Ha,f300m,1.1525762402529485,2.255553010838351,f182m,0.10320631535528724,3.800657847595963,0.9203183345117025,0.2778279797618863,0.1226575787155151,3.727627038955688,0.0498318737154139,0.04567180442468327,0,1
4,50803,50803 50914,1,3.002653723245896,OIII,G235M,/ceph/cephfs/apatrick/P2/jwst_spectra_pm/G235M_F170LP/50803_G235M_F170LP_spectra.fits,0.191,-0.089,16.85,17.2,-0.35,1,1,f210m,1.2666058271282086,2.938931759070343,Ha,f277w,0.9798064301028113,-0.3107537593813789,f250m,0.09644363209972057,5.7655203725484565,2.248101537999493,0.8484563021261392,0.0455904256216621,3.000821113586426,0.0035027375199229,-0.000457848663956913,5,1
4,50914,50803 50914,1,3.002653723245896,OIII,G235M,/ceph/cephfs/apatrick/P2/jwst_spectra_pm/G235M_F170LP/50803_G235M_F170LP_spectra.fits,-0.198,0.037,13.08,17.2,-4.12,1,1,f210m,1.1762247059855349,2.542736750055932,Ha,f277w,0.9877822595156542,-0.19608616308857965,f250m,0.09644363209972057,5.7655203725484565,1.0434510931045844,0.28512620574146147,0.106738639755249,2.0451245307922363,0.1220713541672801,-0.23922358981310152,0,0
5,51887,51887 51988,1,2.917230580108488,OIII,G235H,/ceph/cephfs/apatrick/P2/jwst_spectra_pm/G235H_F170LP/51887_G235H_F170LP_spectra.fits,0.21,0.154,17.01,15.29,1.72,0,1,f182m,1.1688038955958315,1.9150111148062483,Ha,f250m,1.245142292100631,2.71048993023474,f210m,0.17961787091227266,5.733610193178397,2.91870850209802,1.2239822254095665,0.0448016988747596,0.5210410952568054,0.0237641568611154,-0.6117049879625212,0,0
5,51988,51887 51988,1,2.917230580108488,OIII,G235H,/ceph/cephfs/apatrick/P2/jwst_spectra_pm/G235H_F170LP/51887_G235H_F170LP_spectra.fits,-0.119,-0.049,13.85,15.29,-1.44,1,1,f182m,2.4509903839615528,11.362185693392036,Ha,f250m,2.657320335481109,12.047833053066228,f210m,0.17961787091227266,5.733610193178397,1.2184294666062006,0.5543687867492434,0.1499991766748428,2.879,0.0163091641479628,-0.009759594010784299,5,1
6,52330,52330 52345,1,5.254937450160471,OIII,G235M,/ceph/cephfs/apatrick/P2/jwst_spectra_pm/G235M_F170LP/52330_G235M_F170LP_spectra.fits,-0.092,-0.042,14.15,14.92,-0.78,1,1,f300m,1.2252285145305748,3.1783695988031346,Ha,f410m,1.592273816774104,6.792725698619051,f250m,0.42759462038607143,15.310836362557499,1.909471909906586,0.7402666893078016,0.3788383365737915,5.3199639320373535,0.0169049488544301,0.010396024323986583,5,1
6,52345,52330 52345,1,5.254937450160471,OIII,G235M,/ceph/cephfs/apatrick/P2/jwst_spectra_pm/G235M_F170LP/52330_G235M_F170LP_spectra.fits,0.224,0.175,17.09,14.92,2.16,0,1,f300m,1.661045130127297,7.320023486977718,Ha,f410m,1.8386793537882553,8.513386263366185,f250m,0.42759462038607143,15.310836362557499,1.6740869120188584,0.9231083031133717,0.3138297516637802,5.277613162994385,0.006792848709711,0.003625250134728745,5,0
7,57799,57799 57869,1,3.757241751751176,OIII,G235H,/ceph/cephfs/apatrick/P2/jwst_spectra_pm/G235H_F170LP/57799_G235H_F170LP_spectra.fits,-0.22,-0.106,12.93,14.54,-1.62,0,1,,,,Ha,f300m,1.3885343494328946,4.036435673664595,f210m,0.11380719258369264,5.534742877721858,3.587484080002864,1.3446688166436824,0.0302309319108009,3.775140285491944,0.0185415530162582,0.0037623763253526463,0,0
7,57869,57799 57869,1,3.757241751751176,OIII,G235H,/ceph/cephfs/apatrick/P2/jwst_spectra_pm/G235H_F170LP/57799_G235H_F170LP_spectra.fits,0.045,0.041,15.42,14.54,0.88,1,1,,,,Ha,f300m,1.856833771246731,5.920829355916656,f210m,0.11380719258369264,5.534742877721858,5.036713280262369,1.8431930050552117,0.0217059802908897,3.761130571365357,0.0143531205712229,0.0008174525948254275,0,1
8,57866,57866 58049,1,3.4199271161366784,OIII,G235M,/ceph/cephfs/apatrick/P2/jwst_spectra_pm/G235M_F170LP/57866_G235M_F170LP_spectra.fits,-0.026,0.069,14.76,15.6,-0.84,1,1,f200w,1.4483973917268085,5.555061126930199,Ha,f300m,1.4418564432967165,5.496201921900288,f182m,1.0203824707156535,21.157991557214615,2.966070350604171,1.4097832580862422,0.3250353032266617,3.425993204116821,0.0061861466754503,0.0013724407260010635,0,1
8,58049,57866 58049,1,3.4199271161366784,OIII,G235M,/ceph/cephfs/apatrick/P2/jwst_spectra_pm/G235M_F170LP/57866_G235M_F170LP_spectra.fits,0.196,-0.185,16.84,15.6,1.24,0,1,f200w,1.395982172429322,5.035462561782217,Ha,f300m,1.3720052576062427,4.8166493647146975,f182m,1.0203824707156535,21.157991557214615,8.630934962565009,5.234321609314232,0.1058843495710373,3.426010131835937,0.0033652017454653,0.0013762705898588655,0,0
9,58144,58144 58169 58178,1,3.1711724566388355,OIII,G235H,/ceph/cephfs/apatrick/P2/jwst_spectra_pm/G235H_F170LP/58144_G235H_F170LP_spectra.fits,0.008,0.162,15.07,15.93,-0.86,0,1,f210m,1.2607157620397644,3.564930219520624,Ha,f277w,1.0294992858491823,0.47208984072312593,f182m,0.1877477076392649,1.523046877115933,2.6321887471102148,1.519353946038788,0.0688146136450195,3.1361899375915527,0.0581321070126263,-0.008386735243134007,0,1
9,58169,58144 58169 58178,1,3.1711724566388355,OIII,G235H,/ceph/cephfs/apatrick/P2/jwst_spectra_pm/G235H_F170LP/58144_G235H_F170LP_spectra.fits,-0.083,-0.04,14.22,15.93,-1.71,1,1,f210m,1.509029235335134,6.0495222818256424,Ha,f277w,1.0577311980840354,0.9073848394169793,f182m,0.1877477076392649,1.523046877115933,1.8122292768911399,1.0257129530416236,0.093274117910099,3.037214517593384,0.0317994060849663,-0.032115176353412184,0,0
9,58178,58144 58169 58178,1,3.1711724566388355,OIII,G235H,/ceph/cephfs/apatrick/P2/jwst_spectra_pm/G235H_F170LP/58144_G235H_F170LP_spectra.fits,0.255,-0.098,17.39,15.93,1.46,1,1,f210m,1.9187016068319012,8.940267623439707,Ha,f277w,1.1582022685571438,2.3304423853079457,f182m,0.1877477076392649,1.523046877115933,2.569048037699019,0.6416694670798906,0.0704155428204918,3.057037115097045,0.024963733677567,-0.027362892023352514,0,0
