ID,grating,z_dja,z_sys,z_sys_err,z_sys_snr,z_sys_quality,in_muse,edge,duplicate,AO_block,ra,dec
16871,G235H,3.0803,3.0814630796266487,7.350233723419313e-05,44.90138093214652,a,1,0,0,0,150.11752678,2.25685425
17058,G235H,3.2678,3.268980072447333,1.4644886873410567e-05,518.2024841807757,a,1,0,0,0,150.1246466,2.25791387
17416,G395H,5.8514,5.854014796650496,0.000645864925293,6.413123713544041,c,1,0,0,0,150.10994726,2.25906961
17578,G235H,3.0931,3.094567955187736,0.0001369311968233,19.53443336180146,a,1,5,0,0,150.09731355,2.26011549
17806,G235H,2.9569,2.955918150968278,16.989509664109207,4.7173514031774415,c,1,0,0,0,150.13654183,2.26058631
17891,G235H,3.0925,3.0928437799138218,0.0006869453355843,9.693248341157936,c,1,0,0,0,150.09821258,2.26032195
18444,G395H,4.8633,4.865695905931787,0.0005371206943678,13.927576369789117,b,1,0,0,0,150.1203848,2.26339999
18502,G235H,3.3744,,,,d,1,0,0,0,150.0937461,2.26383469
19819,G235H,3.0834,3.084496294212153,1.6356734488597256e-05,638.6279826493767,a,1,0,0,0,150.11892789,2.26829948
19928,G395H,5.3653,5.366915158108292,0.0001309900817032,87.3598919865706,a,0,0,0,0,150.15084764,2.26915087
23341,G235H,3.1829,3.1840106038551834,1.553441811182018e-05,1028.3351194754057,a,1,0,0,0,150.12877579,2.28125935
23887,G235H,3.2603,3.2615721879656974,0.0001709145818282,27.136539582084534,a,0,0,0,0,150.09399606,2.28229019
26580,G235H,3.0042,3.005279481392564,1.3861268888426536e-05,754.6525526772442,a,1,0,0,0,150.11954406,2.29191409
26999,G235H,3.2988,3.300137844392818,1.673586822229722e-05,288.64708853985803,a,1,0,0,0,150.09337527,2.29365718
29701,G235H,3.4886,3.4899060755399622,2.15465221486052e-05,627.020488512274,a,1,0,0,0,150.10585312,2.30271941
33361,G235H,3.4882,3.48937394450284,1.7831119190409698e-05,421.7183045450155,a,1,0,0,0,150.1186814,2.31445494
35799,G235H,3.1843,3.1854478218927573,0.0003280126131134,16.433468526111554,a,1,0,0,0,150.15714098,2.32275712
38195,G235H,3.181,3.182307796631096,0.0002971215556827,13.582940737941282,a,1,0,0,0,150.17782381,2.33052473
41512,G235H,2.9617,2.970282869536842,0.0048347107547916,12.002942619950668,c,1,0,0,0,150.18112364,2.34183465
42751,G235H,3.1834,3.184537811382972,1.833526303364173e-05,320.21268993946256,a,1,0,0,0,150.13917181,2.34531086
43604,G235M,3.0017,3.0026473378211547,0.0001565294105892,48.2076752843826,a,1,0,2,0,150.10372593,2.34859301
43713,G235M,3.0017,3.0026473378211547,0.0001565294105892,48.2076752843826,a,1,0,2,0,150.10372593,2.34859301
44980,G395H,5.2545,5.256126889924292,0.000161015077691,61.96920452823488,a,1,0,0,0,150.07850493,2.35235787
45677,G235H,3.7535,3.754906389376436,2.0365067741070243e-05,306.9002933816503,a,1,0,0,0,150.14141937,2.35503687
45963,G395H,5.5168,5.518194894913958,0.0001027554687987,92.65278554946494,a,1,0,0,0,150.08892598,2.35588338
46212,G235H,3.3726,3.37388307430417,3.873109752127111e-05,232.52935605531212,a,1,0,0,0,150.15073975,2.35677657
46887,G235H,3.3249,,,,d,1,0,0,0,150.0864819,2.359282
46979,G235H,3.4601,3.4614588551795977,2.9228237109280546e-05,238.30312786257272,a,1,0,0,0,150.16877319,2.35900233
47137,G235H,4.0384,,,,d,1,0,0,0,150.13685254,2.35927325
47218,G235H,4.3907,4.391688730551099,7.29197288527793e-05,42.42474059412324,a,1,0,0,0,150.12890046,2.36006372
47283,G235H,3.7543,3.7556398181133535,5.426709278322896e-05,110.785938755298,a,1,0,0,0,150.13493486,2.36036375
47549,G235M,3.2311,3.231870179898798,7.916418236246229e-05,77.94877812445543,a,1,0,0,0,150.09685526,2.36080843
47664,G235M,3.5182,3.519489986483696,5.6957250207090605e-05,724.9760775798526,a,1,0,0,0,150.13168715,2.36180535
47750,G235H,2.9874,2.988601484137201,1.210815772871726e-05,786.549843061541,a,1,0,0,0,150.12949332,2.36170198
48086,G235H,3.1601,3.199436984326499,0.031349079404045,1.3047000006618974,c,1,0,0,0,150.08945162,2.36263139
48121,G235M,4.5155,4.517360727949767,0.0001488860668692,48.76769002424152,a,1,0,0,0,150.08045276,2.36277555
48256,G235H,3.4833,3.4844627131972983,3.479354846268039e-05,113.3761854840682,b,1,0,0,0,150.12636853,2.36323366
48586,G235H,3.4584,3.4596043884078185,6.598362804173489e-05,78.7754987579076,a,1,0,0,0,150.17813124,2.36380974
48688,G235H,4.387,4.388786720901873,6.251263479347733e-05,67.69300376426644,a,1,0,0,0,150.12781542,2.36512953
48744,G235H,3.4562,3.4573448216184914,4.0351298783084896e-05,131.9836035140444,a,1,0,0,0,150.17846193,2.36498038
49289,G235H,3.756,3.7572416830020936,2.545421646777606e-05,243.9711163689406,a,1,0,4,0,150.130085,2.36714937
49296,G235H,3.756,3.7572416830020936,2.545421646777606e-05,243.9711163689406,a,1,0,4,0,150.130085,2.36714937
49726,G235H,3.1699,3.1711728991265264,7.590172737385874e-05,44.808907072430856,a,1,0,0,0,150.17375136,2.36802878
49902,G235H,2.9606,2.9618321363582,2.074018741653523e-05,351.9618689446096,a,1,0,0,0,150.1401912,2.3688509
49939,G235H,3.7488,3.750372266997093,0.000196438673155,15.62765446040448,b,1,0,0,0,150.15163784,2.3685633
50751,G235H,3.1588,3.159992468663634,4.534184821596724e-05,98.92988167647157,a,1,0,0,0,150.13823243,2.37150222
50966,G235M,3.7145,3.715756172445461,4.681425092102902e-05,176.58521429499203,a,1,0,0,0,150.13748242,2.37177286
50970,G235H,3.0646,3.0655103966160846,9.134226415702104e-05,40.233538663907474,a,1,0,0,0,150.1869405,2.37225654
51240,G235H,3.7177,3.7190006042280377,8.57677311989299e-05,95.71856475812709,a,1,0,0,0,150.11930817,2.37263394
51579,G235H,4.5219,4.522096513814507,3.283737188762243e-05,156.67946093020075,a,1,0,0,0,150.10867511,2.37438616
52096,G235H,3.5402,3.541388778863777,3.7800855038501696e-05,182.887285341014,a,0,0,0,0,150.11244931,2.40521711
53792,G235H,3.2975,3.2986394418425613,2.946723160854316e-05,148.0020951134113,a,0,0,0,0,150.1042992,2.4005482
53892,G235M,3.6317,3.6328490294062137,6.082616021228054e-05,353.63052346058265,a,0,0,0,0,150.11125223,2.39764132
53947,G235M,3.5347,3.5359099966434178,0.000120503908734,115.22642633959792,a,1,2,0,0,150.10065358,2.39749726
54619,G235H,3.5334,3.534814878256964,6.08658561059752e-05,97.73323751066133,a,0,0,0,0,150.08799821,2.39507315
58782,G395H,4.9299,4.932169816765184,0.0007139142255462,6.334017094195016,c,1,0,0,0,150.18008,2.37831
59457,G235H,2.9907,2.9917631655753545,2.323069945714744e-05,306.95217595586644,a,1,0,0,0,150.13199753,2.37572923
70850,G235H,3.1872,3.1882568718281954,2.245428563352276e-05,170.96803518379562,a,0,0,0,0,150.1316672,2.41095921
71380,G235H,3.0399,3.040884311204329,6.657090298644908e-05,45.99186324563701,a,0,0,0,0,150.11484254,2.40937636
15748,G235M,5.5206,5.522639188529189,5.049910620984212e-05,417.4944105975211,a,1,0,0,0,150.14800788,2.25321232
16853,G235M,5.8612,5.862264361055884,0.0020141483227453,14.246038319356902,a,1,0,0,0,150.12717624,2.25733562
17086,G395M,5.5028,5.505161822211587,5.143555743487495e-05,489.9656488212775,a,1,0,0,0,150.14564003,2.25852728
18866,G235M,3.2468,3.2474744585663524,1.987392299358979e-05,1737.058700040688,a,1,2,0,0,150.13641485,2.26468424
19650,G235M,3.1763,3.177518742814015,4.7085854745298215e-05,104.9461353830142,a,0,0,0,0,150.1562164,2.26798208
27014,G395M,5.7322,5.734293053574408,8.995040580371694e-05,616.5610539620261,a,0,0,0,0,150.08161579,2.29375541
28600,G235M,3.4865,3.487007543447717,7.697099468182251e-05,152.10680006251195,a,1,0,0,0,150.11119409,2.29841707
42812,G235M,2.9904,,,,d,1,0,0,0,150.07954494,2.34553161
42990,G235M,3.5202,3.521121896921187,0.0001198305767379,56.78423482865562,a,1,0,3,0,150.11015839,2.34666959
43129,G235M,3.5202,3.521121896921187,0.0001198305767379,56.78423482865562,a,1,0,3,0,150.11015839,2.34666959
43683,G235M,3.5249,3.52606261544765,5.2879688536816815e-05,138.18765234199736,a,1,0,0,0,150.08969066,2.34853549
44361,G235M,5.1308,5.132260396411653,9.481866492858844e-05,51.55502046363567,a,1,0,0,0,150.07672123,2.35092093
45004,G235M,5.2528,5.254917580157724,0.0001244015258365,52.08147307779337,a,1,0,0,0,150.07857439,2.35233747
45443,G235M,3.3301,3.3314385002049782,5.8227065853986696e-05,89.4842526744704,a,1,0,0,0,150.12184196,2.35373748
46091,G235M,3.188,3.1888448013842874,0.0001784968033316,40.90054854768093,a,1,0,0,0,150.11782167,2.35541026
47736,G235M,2.9861,2.9871504317981623,4.0646964489429305e-05,205.5824530434745,a,1,0,0,0,150.13779189,2.3609968
48146,G235M,3.1552,3.155380571338563,0.0004341416801085,13.401198333331568,a,1,0,0,0,150.07949241,2.36255647
48525,G235M,3.9374,3.93883538677916,9.49263103837864e-05,100.4817157089094,a,1,0,0,0,150.08151033,2.36370612
48648,G235M,3.417,3.4184674339476557,8.030341673561968e-05,237.91029179923552,a,1,0,0,0,150.0783225,2.36476518
49482,G235M,3.4182,3.4199192904280213,0.0001091955797798,113.27028314380505,a,1,1,1,0,150.07949246,2.36779416
49540,G235M,3.5651,,,,d,1,0,0,0,150.11117372,2.36757701
49694,G235M,3.4182,3.4199192904280213,0.0001091955797798,113.27028314380505,a,1,1,1,0,150.07949246,2.36779416
50654,G235M,3.4621,3.463694344321006,0.0002339035337104,31.012316594592622,a,1,0,0,0,150.11930256,2.37124542
54193,G235M,3.5345,3.5357192266194497,5.647029245177305e-05,252.2094585244984,a,1,4,0,0,150.10120262,2.39667794
54521,G235M,3.4164,3.417666420185612,0.0002080163662328,23.062243147224823,a,1,0,0,0,150.09362883,2.39552825
54969,G235M,5.8642,5.866413724150755,0.0001451091562894,143.20436359010722,a,0,0,0,0,150.12661955,2.39304608
55418,G235M,3.8395,3.840589475929619,3.821846593492806e-05,199.240336536008,a,1,0,0,1,150.10099069,2.39211075
56591,G235M,3.7526,3.753380821677738,0.0003308900440701,14.252713575133884,a,1,0,0,0,150.11778258,2.38685656
57111,G235M,3.7576,3.7588987311907305,0.0001219470908592,171.44678186306024,a,1,0,0,0,150.11472906,2.38735573
57248,G235M,3.7214,3.723101296811256,0.0001568884768721,71.19107236177045,a,1,0,0,0,150.10662644,2.38372359
59737,G235M,3.4173,,,,d,1,0,0,0,150.08672731,2.37497065
15479,G395H,5.1078,5.108947826149207,0.0003123788581952,22.785650228085377,a,1,0,0,0,150.13683,2.25183
17074,G395H,5.5034,5.50545452128854,0.0001530889063763,47.593130388649286,a,1,0,0,0,150.14934465,2.25838717
45547,G395H,4.4805,,,,d,1,0,0,0,150.14623671,2.35438008
46008,G395H,4.4088,,,,d,1,0,0,0,150.12415165,2.35584227
