ID,G235H,G235M,G395H,G395M,z_G235H,z_G235M,z_G395H,z_G395M,z_av,ra,dec,in_muse,edge,duplicate,AO_block,peak_snr,over_98,over_99.5,OIII_filter,z_OIII_G235H,z_OIII_G235H_err,z_OIII_G235M,z_OIII_G235M_err,z_OIII_G395H,z_OIII_G395H_err,z_OIII_G395M,z_OIII_G395M_err
16871,1,0,1,0,3.0803,,3.0812,,3.08075,150.11752678,2.25685425,1,0,0,0,2.704188504408102,0,0,G235,3.081410049712879,7.053732979540365e-05,,,,,,
17058,1,1,1,1,3.2678,3.2684,3.2679,3.2684,3.268125,150.1246466,2.25791387,1,0,0,0,7.634287450727237,1,0,G235,3.268978873544972,3.389551120349884e-05,3.2694340285296715,2.797668668068003e-05,,,,
17416,1,0,1,0,5.878,,5.8514,,5.8647,150.10994726,2.25906961,1,0,0,0,3.2908559566097946,0,0,G395,,,,,5.853568207991037,0.0004892010346954,,
17578,1,1,0,1,3.0931,3.0937,,3.0926,3.093133333333333,150.09731355,2.26011549,1,5,0,0,4.257445722122008,0,0,G235,3.0944614117966536,0.000165190543605,3.095829782078968,0.0003148479387736,,,,
17806,1,0,0,0,2.9569,,,,2.9569,150.13654183,2.26058631,1,0,0,0,4.029778812554529,0,0,G235,2.958004046861465,,,,,,,
17891,1,1,0,1,3.0925,3.0937,,3.0931,3.0931,150.09821258,2.26032195,1,0,0,0,4.116799367548807,0,0,G235,3.0929337014698843,0.0007210968121451,3.094996481994052,0.0099754499809937,,,,
18444,1,0,1,0,4.8672,,4.8633,,4.86525,150.1203848,2.26339999,1,0,0,0,3.923852898319356,0,0,"G235,G395",,,,,4.86587723842168,0.0005210175122153,,
18502,1,0,0,0,3.3744,,,,3.3744,150.0937461,2.26383469,1,0,0,0,11.236175176038053,1,1,G235,,,,,,,,
19819,1,1,0,1,3.0834,3.084,,3.084,3.0838,150.11892789,2.26829948,1,0,0,0,3.3459744657494594,0,0,G235,3.084491899033723,3.9277494024841337e-05,3.0855381065780456,8.524591724964312e-05,,,,
19928,1,0,1,0,5.3675,,5.3653,,5.3664000000000005,150.15084764,2.26915087,0,0,0,0,,0,0,G395,,,,,5.366857978092222,0.0001681453830475,,
23341,1,1,0,1,3.1829,3.1832,,3.1832,3.1831,150.12877579,2.28125935,1,0,0,0,5.78137743512608,1,0,G235,3.1839958042624223,3.7805623537231865e-05,3.184155881636819,0.0001093658702367,,,,
23887,1,1,0,1,3.2603,3.2598,,3.2592,3.2597666666666663,150.09399606,2.28229019,0,0,0,0,,0,0,G235,3.261678074111387,0.0001241259190621,3.260593793958641,0.0002142720067936,,,,
26580,1,1,0,1,3.0042,3.0045,,3.0045,3.0044000000000004,150.11954406,2.29191409,1,0,0,0,8.977130868547437,1,1,G235,3.0052535860638363,2.0505573958085267e-05,3.0053512854201374,2.803189370409845e-05,,,,
26999,1,0,0,0,3.2988,,,,3.2988,150.09337527,2.29365718,1,0,0,0,13.13702835492782,1,1,G235,3.3001378233766854,2.2106608523836e-05,,,,,,
29701,1,0,0,1,3.4886,,,3.4878,3.4882,150.10585312,2.30271941,1,0,0,0,22.60898603070975,1,1,G235,3.489846779129984,4.016705737424748e-05,,,,,,
33361,1,1,0,1,3.4882,3.4883,,3.4877,3.488066666666666,150.1186814,2.31445494,1,0,0,0,7.545066581792625,1,0,G235,3.489367834615872,3.528631727752841e-05,3.489710223019099,6.705767624326106e-05,,,,
35799,1,0,1,0,3.1843,,3.1943,,3.1893,150.15714098,2.32275712,1,0,0,0,6.811864698807764,1,0,G235,3.185201567970529,0.0001501230508391,,,,,,
38195,1,0,0,0,3.181,,,,3.181,150.17782381,2.33052473,1,0,0,0,3.505320712054228,0,0,G235,3.1815798590841977,0.0003402950955274,,,,,,
41512,1,0,0,0,2.9617,,,,2.9617,150.18112364,2.34183465,1,0,0,0,5.651584375152996,0,0,G235,,,,,,,,
42751,1,0,1,0,3.1834,,3.1837,,3.18355,150.13917181,2.34531086,1,0,0,0,32.170055507995954,1,1,G235,3.184526282229172,1.783920800184351e-05,,,,,,
43604,1,1,0,1,3.0,3.0017,,3.0025,3.0014,150.10372593,2.34859301,1,0,2,0,3.840041231819925,0,0,G235,3.001125587354774,0.0001556401761139,3.002651343543844,0.0002285223255552,,,,
43713,1,1,0,1,3.0,3.0017,,3.0025,3.0014,150.10372593,2.34859301,1,0,2,0,3.840041231819925,0,0,G235,3.001125587354774,0.0001556401761139,3.002651343543844,0.0002285223255552,,,,
44980,1,1,1,0,5.2574,5.2528,5.2545,,5.2549,150.07850493,2.35235787,1,0,0,0,6.091245944433967,1,0,"G235,G395",,,5.255011037810572,9.259317585008506e-05,5.256127242626214,0.0001419712357528,,
45677,1,0,1,0,3.7535,,3.7535,,3.7535,150.14141937,2.35503687,1,0,0,0,5.162276999186977,0,0,G235,3.754911268552588,2.6033054079323654e-05,,,,,,
45963,1,0,1,0,5.5194,,5.5168,,5.5181,150.08892598,2.35588338,1,0,0,0,3.756176049961698,0,0,G395,,,,,5.518105968695925,0.0001112126577892,,
46212,1,0,0,0,3.3726,,,,3.3726,150.15073975,2.35677657,1,0,0,0,33.51226259645437,1,1,G235,3.3738927093018223,4.79881383012373e-05,,,,,,
46887,1,0,1,0,3.3249,,3.3108,,3.31785,150.0864819,2.359282,1,0,0,0,33.85639917650766,1,1,G235,,,,,,,,
46979,1,0,0,0,3.4601,,,,3.4601,150.16877319,2.35900233,1,0,0,0,24.09915290931059,1,1,G235,3.4614959902334297,4.774325972319377e-05,,,,,,
47137,1,0,1,0,4.0384,,4.0387,,4.038550000000001,150.13685254,2.35927325,1,0,0,0,61.12530393345599,1,1,G235,,,,,,,,
47218,1,0,1,0,4.3907,,4.3904,,4.390549999999999,150.12890046,2.36006372,1,0,0,0,3.42483658377345,0,0,G235,4.391699418484642,5.558151005366218e-05,,,,,,
47283,1,0,1,0,3.7543,,3.7543,,3.7543,150.13493486,2.36036375,1,0,0,0,27.940842588817745,1,1,G235,3.755598760717972,5.880473628400385e-05,,,,,,
47549,1,1,1,1,3.2319,3.2311,3.2319,3.2316,3.231625,150.09685526,2.36080843,1,0,0,0,3.452806492037845,0,0,G235,,,3.231766276903397,0.0001050558286705,,,,
47664,1,1,0,1,3.5179,3.5182,,3.5182,3.5181000000000004,150.13168715,2.36180535,1,0,0,0,7.120069592775637,1,0,G235,3.5191605760356373,,3.519559881217268,0.0001073337144998,,,,
47750,1,1,0,1,2.9874,2.9869,,2.9875,2.9872666666666667,150.12949332,2.36170198,1,0,0,0,4.168558038006907,0,0,G235,2.988583851100596,2.0756008600802324e-05,2.987930820688221,4.867974630734184e-05,,,,
48086,1,0,0,0,3.1601,,,,3.1601,150.08945162,2.36263139,1,0,0,0,3.6770891575411175,0,0,G235,3.161286142540124,0.0001807318420079,,,,,,
48121,1,1,0,0,4.5094,4.5155,,,4.51245,150.08045276,2.36277555,1,0,0,0,2.796025586979672,0,0,G235,4.510937222517263,,4.517302525065007,8.373945186442188e-05,,,,
48256,1,0,1,0,3.4833,,3.483,,3.48315,150.12636853,2.36323366,1,0,0,0,2.9460333239205707,0,0,G235,3.484441968184992,4.418778464533386e-05,,,,,,
48586,1,0,0,0,3.4584,,,,3.4584,150.17813124,2.36380974,1,0,0,0,3.427109878148784,0,0,G235,3.4597026118258185,4.9212752970479474e-05,,,,,,
48688,1,0,1,0,4.387,,4.3877,,4.38735,150.12781542,2.36512953,1,0,0,0,10.875561440780428,1,1,G235,4.388788052890911,3.70300014170752e-05,,,,,,
48744,1,0,1,0,3.4562,,3.4562,,3.4562,150.17846193,2.36498038,1,0,0,0,3.262242632360685,0,0,G235,3.457356330929992,6.110604653024134e-05,,,,,,
49289,1,0,0,0,3.756,,,,3.756,150.130085,2.36714937,1,0,4,0,10.002094682769757,1,1,G235,3.757254055998951,4.195012752895289e-05,,,,,,
49296,1,0,0,0,3.756,,,,3.756,150.130085,2.36714937,1,0,4,0,10.002094682769757,1,1,G235,3.757254055998951,4.195012752895289e-05,,,,,,
49726,1,0,0,0,3.1699,,,,3.1699,150.17375136,2.36802878,1,0,0,0,30.26586177086686,1,1,G235,3.171173439483905,7.263012734833502e-05,,,,,,
49902,1,1,0,1,2.9606,2.9612,,2.9607,2.960833333333333,150.1401912,2.3688509,1,0,0,0,31.376746414375965,1,1,G235,2.961820222107244,2.1680726744356235e-05,2.962397222717655,0.0001520219788386,,,,
49939,1,0,0,0,3.7488,,,,3.7488,150.15163784,2.3685633,1,0,0,0,3.166255864070884,0,0,G235,,,,,,,,
50751,1,1,0,0,3.1588,3.1591,,,3.15895,150.13823243,2.37150222,1,0,0,0,3.586239738413052,0,0,G235,3.1600216992481025,6.0010369271299705e-05,3.1600553834274923,0.0001570078733893,,,,
50966,1,1,0,1,3.7141,3.7145,,3.7138,3.714133333333333,150.13748242,2.37177286,1,0,0,0,6.381625328844175,1,0,G235,3.7156045519137777,5.60732693657423e-05,3.7158546255597855,4.527303576121965e-05,,,,
50970,1,0,0,0,3.0646,,,,3.0646,150.1869405,2.37225654,1,0,0,0,12.998260100276864,1,1,G235,3.0655293193824544,0.000125948732683,,,,,,
51240,1,0,1,0,3.7177,,3.7177,,3.7177,150.11930817,2.37263394,1,0,0,0,3.0605311967334843,0,0,G235,3.718989115660756,6.406241356628838e-05,,,,,,
51579,1,0,1,0,4.5219,,4.52,,4.520949999999999,150.10867511,2.37438616,1,0,0,0,28.15738285457976,1,1,G235,4.522171339518462,3.704271197701968e-05,,,,,,
52096,1,0,1,0,3.5402,,3.5399,,3.54005,150.11244931,2.40521711,0,0,0,0,,0,0,G235,3.541378611242856,7.448529287756355e-05,,,,,,
53792,1,0,0,0,3.2975,,,,3.2975,150.1042992,2.4005482,0,0,0,0,,0,0,G235,3.298702073493507,3.731030331857801e-05,,,,,,
53892,1,1,1,0,3.631,3.6317,3.631,,3.631233333333333,150.11125223,2.39764132,0,0,0,0,,0,0,G235,3.6321695167273,3.266808004429258e-05,3.632723316229749,8.112152152388911e-05,,,,
53947,1,1,1,0,3.534,3.5347,3.534,,3.534233333333333,150.10065358,2.39749726,1,2,0,0,6.903355486528861,1,0,G235,3.5356048757478806,5.905734624817141e-05,3.535976673043038,8.19285836574059e-05,,,,
54619,1,1,0,1,3.5334,3.5326,,3.5326,3.5328666666666666,150.08799821,2.39507315,0,0,0,0,,0,0,G235,3.5348208183957333,8.442325648446937e-05,3.534005649953598,0.0002940817313756,,,,
58782,1,0,1,0,4.9323,,4.9299,,4.9311,150.18008,2.37831,1,0,0,0,27.60806001867184,1,1,"G235,G395",,,,,4.93214968817024,0.0004956850153362,,
59457,1,1,0,1,2.9907,2.9905,,2.9911,2.990766666666666,150.13199753,2.37572923,1,0,0,0,3.51855579673066,0,0,G235,2.991762764825507,4.074625603811714e-05,2.991410012486819,0.0001562941866654,,,,
70850,1,1,0,1,3.1872,3.1881,,3.1881,3.1878,150.1316672,2.41095921,0,0,0,0,,0,0,G235,3.1882681245114624,2.830951051349714e-05,3.189476216210209,0.0001034607259603,,,,
71380,1,1,1,1,3.0399,3.0398,3.038,3.0409,3.03965,150.11484254,2.40937636,0,0,0,0,,0,0,G235,3.040903319314906,9.834746789234874e-05,3.0418141853671425,0.0001589896825433,,,,
15748,0,1,0,1,,5.5206,,5.5197,5.52015,150.14800788,2.25321232,1,0,0,0,3.5669302354450965,0,0,G395,,,5.522738948562619,2.096186361296635e-05,,,,
16853,0,1,0,1,,5.8612,,5.8589,5.86005,150.12717624,2.25733562,1,0,0,0,3.310661130274364,0,0,G395,,,,,,,5.862179235179404,0.0002033229256799
17086,0,1,0,1,,5.5045,,5.5028,5.50365,150.14564003,2.25852728,1,0,0,0,4.016327249960744,0,0,G395,,,5.506133007747352,4.273417256475632e-05,,,5.505259656445242,4.501237609471456e-05
18866,0,1,0,1,,3.2468,,3.2468,3.2468,150.13641485,2.26468424,1,2,0,0,2.4282028617500533,0,0,G235,,,3.24744306416775,3.360445997658397e-05,,,,
19650,0,1,0,1,,3.1763,,3.1769,3.1766,150.1562164,2.26798208,0,0,0,0,,0,0,G235,,,3.1775322190246387,6.592913985293313e-05,,,,
27014,0,1,0,1,,5.7331,,5.7322,5.73265,150.08161579,2.29375541,0,0,0,0,,0,0,G395,,,5.735293148641003,8.51006467126487e-05,,,5.734217288449026,0.00011088227000584246
28600,0,1,0,1,,3.4865,,3.4859,3.4862,150.11119409,2.29841707,1,0,0,0,3.293573728087618,0,0,G235,,,3.486909893582736,0.0001447209224999,,,,
42812,0,1,0,0,,2.9904,,,2.9904,150.07954494,2.34553161,1,0,0,0,3.3499177378709923,0,0,G235,,,,,,,,
42990,0,1,0,1,,3.5202,,3.5196,3.5199,150.11015839,2.34666959,1,0,3,0,2.7758893926091344,0,0,G235,,,3.5210283201744472,0.000119665018956,,,,
43129,0,1,0,1,,3.5202,,3.5196,3.5199,150.11015839,2.34666959,1,0,3,0,2.7758893926091344,0,0,G235,,,3.5210283201744472,0.000119665018956,,,,
43683,0,1,0,0,,3.5249,,,3.5249,150.08969066,2.34853549,1,0,0,0,13.254081069928528,1,1,G235,,,3.5261412371492344,5.733587688362068e-05,,,,
44361,0,1,0,0,,5.1308,,,5.1308,150.07672123,2.35092093,1,0,0,0,15.19507787949546,1,1,"G235,G395",,,5.132287897257496,5.826642616067187e-05,,,,
45004,0,1,0,0,,5.2528,,,5.2528,150.07857439,2.35233747,1,0,0,0,5.901366432585133,1,0,"G235,G395",,,5.255011037810572,9.259317585008506e-05,,,,
45443,0,1,0,0,,3.3301,,,3.3301,150.12184196,2.35373748,1,0,0,0,4.749305166072034,0,0,G235,,,3.3314476479205606,7.99061028273828e-05,,,,
46091,0,1,0,0,,3.188,,,3.188,150.11782167,2.35541026,1,0,0,0,4.078256499450081,0,0,G235,,,3.188776315551725,0.0001901683065902,,,,
47736,0,1,0,1,,2.9861,,2.9856,2.98585,150.13779189,2.3609968,1,0,0,0,2.1842499534165705,0,0,G235,,,2.987156499929477,2.5066610931454297e-05,,,,
48146,0,1,0,0,,3.1552,,,3.1552,150.07949241,2.36255647,1,0,0,0,4.7683486943778295,0,0,G235,,,3.155197190640189,0.0004015743763708,,,,
48525,0,1,0,0,,3.9374,,,3.9374,150.08151033,2.36370612,1,0,0,0,8.643948539983903,1,1,G235,,,3.9390102206845614,7.841550803802844e-05,,,,
48648,0,1,0,0,,3.417,,,3.417,150.0783225,2.36476518,1,0,0,0,3.7935188655562975,0,0,G235,,,3.418442027379191,0.0001712864405551,,,,
49482,0,1,0,0,,3.4182,,,3.4182,150.07949246,2.36779416,1,1,1,0,12.485000813959717,1,1,G235,,,3.419952285084732,8.231433644906767e-05,,,,
49540,0,1,0,0,,3.5651,,,3.5651,150.11117372,2.36757701,1,0,0,0,11.614866716872458,1,1,G235,,,,,,,,
49694,0,1,0,0,,3.4182,,,3.4182,150.07949246,2.36779416,1,1,1,0,12.485000813959717,1,1,G235,,,3.419952285084732,8.231433644906767e-05,,,,
50654,0,1,0,0,,3.4621,,,3.4621,150.11930256,2.37124542,1,0,0,0,4.016708115212017,0,0,G235,,,3.463964275483046,0.0002393609809177,,,,
54193,0,1,0,0,,3.5345,,,3.5345,150.10120262,2.39667794,1,4,0,0,3.181515183708446,0,0,G235,,,3.5356324025602524,6.59856849783771e-05,,,,
54521,0,1,0,0,,3.4164,,,3.4164,150.09362883,2.39552825,1,0,0,0,4.289548750659112,0,0,G235,,,3.4177763792391183,0.0001621291115205,,,,
54969,0,1,0,1,,5.8642,,5.8642,5.8642,150.12661955,2.39304608,0,0,0,0,,0,0,G395,,,5.8663824263147495,0.0001012997068904,,,,
55418,0,1,0,0,,3.8395,,,3.8395,150.10099069,2.39211075,1,0,0,1,0.0,0,0,G235,,,3.840572651372385,4.03723644324886e-05,,,,
56591,0,1,0,0,,3.7526,,,3.7526,150.11778258,2.38685656,1,0,0,0,2.62913616408003,0,0,G235,,,3.753351488603792,0.000208511627569,,,,
57111,0,1,0,0,,3.7576,,,3.7576,150.11472906,2.38735573,1,0,0,0,2.787450554064084,0,0,G235,,,3.759014458077688,0.0002424622525027,,,,
57248,0,1,0,0,,3.7214,,,3.7214,150.10662644,2.38372359,1,0,0,0,6.689545065314912,1,0,G235,,,3.722882591453873,0.0002806653804566,,,,
59737,0,1,0,1,,3.4173,,3.4161,3.4167,150.08672731,2.37497065,1,0,0,0,15.11413958325618,1,1,G235,,,,,,,,
15479,0,0,1,0,,,5.1078,,5.1078,150.13683,2.25183,1,0,0,0,3.3331452278925866,0,0,"G235,G395",,,,,5.1089861657424205,0.0001116350385565,,
17074,0,0,1,0,,,5.5034,,5.5034,150.14934465,2.25838717,1,0,0,0,5.1724305937594846,0,0,G395,,,,,5.505474728608648,0.0001254617555943,,
45547,0,0,1,0,,,4.4805,,4.4805,150.14623671,2.35438008,1,0,0,0,15.93690250982166,1,1,G235,,,,,,,,
46008,0,0,1,0,,,4.4088,,4.4088,150.12415165,2.35584227,1,0,0,0,3.517961900685149,0,0,G235,,,,,,,,
