ID,G235H,G235M,G395H,G395M,z_G235H,z_G235M,z_G395H,z_G395M,z_av,ra,dec,in_muse,edge,duplicate,AO_block,peak_snr,over_98,over_99.5
16871,1,0,1,0,3.0803,,3.0812,,3.08075,150.11752678,2.25685425,1,0,0,0,2.704188504408102,0,0
17058,1,1,1,1,3.2678,3.2684,3.2679,3.2684,3.268125,150.1246466,2.25791387,1,0,0,0,7.634287450727237,1,0
17416,1,0,1,0,5.878,,5.8514,,5.8647,150.10994726,2.25906961,1,0,0,0,3.2908559566097946,0,0
17806,1,0,0,0,2.9569,,,,2.9569,150.13654183,2.26058631,1,0,0,0,4.029778812554529,0,0
17891,1,1,0,1,3.0925,3.0937,,3.0931,3.0931,150.09821258,2.26032195,1,0,0,0,4.116799367548807,0,0
18444,1,0,1,0,4.8672,,4.8633,,4.86525,150.1203848,2.26339999,1,0,0,0,3.923852898319356,0,0
18502,1,0,0,0,3.3744,,,,3.3744,150.0937461,2.26383469,1,0,0,0,11.236175176038053,1,1
19819,1,1,0,1,3.0834,3.084,,3.084,3.0838,150.11892789,2.26829948,1,0,0,0,3.3459744657494594,0,0
23341,1,1,0,1,3.1829,3.1832,,3.1832,3.1831,150.12877579,2.28125935,1,0,0,0,5.78137743512608,1,0
26580,1,1,0,1,3.0042,3.0045,,3.0045,3.0044000000000004,150.11954406,2.29191409,1,0,0,0,8.977130868547437,1,1
26999,1,0,0,0,3.2988,,,,3.2988,150.09337527,2.29365718,1,0,0,0,13.13702835492782,1,1
29701,1,0,0,1,3.4886,,,3.4878,3.4882,150.10585312,2.30271941,1,0,0,0,22.60898603070975,1,1
33361,1,1,0,1,3.4882,3.4883,,3.4877,3.488066666666666,150.1186814,2.31445494,1,0,0,0,7.545066581792625,1,0
35799,1,0,1,0,3.1843,,3.1943,,3.1893,150.15714098,2.32275712,1,0,0,0,6.811864698807764,1,0
38195,1,0,0,0,3.181,,,,3.181,150.17782381,2.33052473,1,0,0,0,3.505320712054228,0,0
41512,1,0,0,0,2.9617,,,,2.9617,150.18112364,2.34183465,1,0,0,0,5.651584375152996,0,0
42751,1,0,1,0,3.1834,,3.1837,,3.18355,150.13917181,2.34531086,1,0,0,0,32.170055507995954,1,1
43604,1,1,0,1,3.0,3.0017,,3.0025,3.0014,150.10372593,2.34859301,1,0,2,0,3.840041231819925,0,0
44980,1,1,1,0,5.2574,5.2528,5.2545,,5.2549,150.07850493,2.35235787,1,0,0,0,6.091245944433967,1,0
45677,1,0,1,0,3.7535,,3.7535,,3.7535,150.14141937,2.35503687,1,0,0,0,5.162276999186977,0,0
45963,1,0,1,0,5.5194,,5.5168,,5.5181,150.08892598,2.35588338,1,0,0,0,3.756176049961698,0,0
46212,1,0,0,0,3.3726,,,,3.3726,150.15073975,2.35677657,1,0,0,0,33.51226259645437,1,1
46887,1,0,1,0,3.3249,,3.3108,,3.31785,150.0864819,2.359282,1,0,0,0,33.85639917650766,1,1
46979,1,0,0,0,3.4601,,,,3.4601,150.16877319,2.35900233,1,0,0,0,24.09915290931059,1,1
47137,1,0,1,0,4.0384,,4.0387,,4.038550000000001,150.13685254,2.35927325,1,0,0,0,61.12530393345599,1,1
47218,1,0,1,0,4.3907,,4.3904,,4.390549999999999,150.12890046,2.36006372,1,0,0,0,3.42483658377345,0,0
47283,1,0,1,0,3.7543,,3.7543,,3.7543,150.13493486,2.36036375,1,0,0,0,27.940842588817745,1,1
47549,1,1,1,1,3.2319,3.2311,3.2319,3.2316,3.231625,150.09685526,2.36080843,1,0,0,0,3.452806492037845,0,0
47664,1,1,0,1,3.5179,3.5182,,3.5182,3.5181000000000004,150.13168715,2.36180535,1,0,0,0,7.120069592775637,1,0
47750,1,1,0,1,2.9874,2.9869,,2.9875,2.9872666666666667,150.12949332,2.36170198,1,0,0,0,4.168558038006907,0,0
48086,1,0,0,0,3.1601,,,,3.1601,150.08945162,2.36263139,1,0,0,0,3.6770891575411175,0,0
48121,1,1,0,0,4.5094,4.5155,,,4.51245,150.08045276,2.36277555,1,0,0,0,2.7960255869796717,0,0
48256,1,0,1,0,3.4833,,3.483,,3.48315,150.12636853,2.36323366,1,0,0,0,2.9460333239205707,0,0
48586,1,0,0,0,3.4584,,,,3.4584,150.17813124,2.36380974,1,0,0,0,3.427109878148784,0,0
48688,1,0,1,0,4.387,,4.3877,,4.38735,150.12781542,2.36512953,1,0,0,0,10.875561440780428,1,1
48744,1,0,1,0,3.4562,,3.4562,,3.4562,150.17846193,2.36498038,1,0,0,0,3.262242632360685,0,0
49289,1,0,0,0,3.756,,,,3.756,150.130085,2.36714937,1,0,4,0,10.002094682769757,1,1
49726,1,0,0,0,3.1699,,,,3.1699,150.17375136,2.36802878,1,0,0,0,30.26586177086686,1,1
49902,1,1,0,1,2.9606,2.9612,,2.9607,2.960833333333333,150.1401912,2.3688509,1,0,0,0,31.376746414375965,1,1
49939,1,0,0,0,3.7488,,,,3.7488,150.15163784,2.3685633,1,0,0,0,3.166255864070884,0,0
50751,1,1,0,0,3.1588,3.1591,,,3.15895,150.13823243,2.37150222,1,0,0,0,3.586239738413052,0,0
50966,1,1,0,1,3.7141,3.7145,,3.7138,3.714133333333333,150.13748242,2.37177286,1,0,0,0,6.381625328844175,1,0
50970,1,0,0,0,3.0646,,,,3.0646,150.1869405,2.37225654,1,0,0,0,12.998260100276864,1,1
51240,1,0,1,0,3.7177,,3.7177,,3.7177,150.11930817,2.37263394,1,0,0,0,3.0605311967334843,0,0
51579,1,0,1,0,4.5219,,4.52,,4.520949999999999,150.10867511,2.37438616,1,0,0,0,28.15738285457976,1,1
58782,1,0,1,0,4.9323,,4.9299,,4.9311,150.18008,2.37831,1,0,0,0,27.60806001867184,1,1
59457,1,1,0,1,2.9907,2.9905,,2.9911,2.990766666666666,150.13199753,2.37572923,1,0,0,0,3.5185557967306598,0,0
15748,0,1,0,1,,5.5206,,5.5197,5.52015,150.14800788,2.25321232,1,0,0,0,3.5669302354450965,0,0
16853,0,1,0,1,,5.8612,,5.8589,5.86005,150.12717624,2.25733562,1,0,0,0,3.310661130274364,0,0
17086,0,1,0,1,,5.5045,,5.5028,5.50365,150.14564003,2.25852728,1,0,0,0,4.016327249960744,0,0
28600,0,1,0,1,,3.4865,,3.4859,3.4862,150.11119409,2.29841707,1,0,0,0,3.293573728087618,0,0
42812,0,1,0,0,,2.9904,,,2.9904,150.07954494,2.34553161,1,0,0,0,3.3499177378709923,0,0
42990,0,1,0,1,,3.5202,,3.5196,3.5199,150.11015839,2.34666959,1,0,3,0,2.7758893926091344,0,0
43683,0,1,0,0,,3.5249,,,3.5249,150.08969066,2.34853549,1,0,0,0,13.254081069928528,1,1
44361,0,1,0,0,,5.1308,,,5.1308,150.07672123,2.35092093,1,0,0,0,15.19507787949546,1,1
45004,0,1,0,0,,5.2528,,,5.2528,150.07857439,2.35233747,1,0,0,0,5.901366432585133,1,0
45443,0,1,0,0,,3.3301,,,3.3301,150.12184196,2.35373748,1,0,0,0,4.749305166072034,0,0
46091,0,1,0,0,,3.188,,,3.188,150.11782167,2.35541026,1,0,0,0,4.078256499450081,0,0
47736,0,1,0,1,,2.9861,,2.9856,2.98585,150.13779189,2.3609968,1,0,0,0,2.1842499534165705,0,0
48146,0,1,0,0,,3.1552,,,3.1552,150.07949241,2.36255647,1,0,0,0,4.7683486943778295,0,0
48525,0,1,0,0,,3.9374,,,3.9374,150.08151033,2.36370612,1,0,0,0,8.643948539983903,1,1
48648,0,1,0,0,,3.417,,,3.417,150.0783225,2.36476518,1,0,0,0,3.7935188655562975,0,0
49540,0,1,0,0,,3.5651,,,3.5651,150.11117372,2.36757701,1,0,0,0,11.614866716872458,1,1
50654,0,1,0,0,,3.4621,,,3.4621,150.11930256,2.37124542,1,0,0,0,4.016708115212017,0,0
54521,0,1,0,0,,3.4164,,,3.4164,150.09362883,2.39552825,1,0,0,0,4.289548750659112,0,0
56591,0,1,0,0,,3.7526,,,3.7526,150.11778258,2.38685656,1,0,0,0,2.62913616408003,0,0
57111,0,1,0,0,,3.7576,,,3.7576,150.11472906,2.38735573,1,0,0,0,2.787450554064084,0,0
57248,0,1,0,0,,3.7214,,,3.7214,150.10662644,2.38372359,1,0,0,0,6.689545065314912,1,0
59737,0,1,0,1,,3.4173,,3.4161,3.4167,150.08672731,2.37497065,1,0,0,0,15.11413958325618,1,1
15479,0,0,1,0,,,5.1078,,5.1078,150.13683,2.25183,1,0,0,0,3.3331452278925866,0,0
17074,0,0,1,0,,,5.5034,,5.5034,150.14934465,2.25838717,1,0,0,0,5.1724305937594846,0,0
45547,0,0,1,0,,,4.4805,,4.4805,150.14623671,2.35438008,1,0,0,0,15.93690250982166,1,1
46008,0,0,1,0,,,4.4088,,4.4088,150.12415165,2.35584227,1,0,0,0,3.517961900685149,0,0
