ID,gratings,Hbeta_G235M_success,Hbeta_G235H_success,Hbeta_G395M_success,Hbeta_G395H_success,Hbeta_success,Hbeta_G235M_flux,Hbeta_G235M_flux_err,Hbeta_G235M_flux_snr,Hbeta_G235H_flux,Hbeta_G235H_flux_err,Hbeta_G235H_flux_snr,Hbeta_G395M_flux,Hbeta_G395M_flux_err,Hbeta_G395M_flux_snr,Hbeta_G395H_flux,Hbeta_G395H_flux_err,Hbeta_G395H_flux_snr,Hbeta_flux_best,Hbeta_flux_best_err,Hbeta_flux_best_snr,Hbeta_flux_best_grating
15479,G395H,,,,False,0,,,,,,,,,,,,,,,,
15748,"G235M, G395M",True,,False,,1,1.5347795927125106e-18,1.472703137711776e-19,10.42151370097022,,,,,,,,,,1.5347795927125106e-18,1.472703137711776e-19,10.42151370097022,G235M
16853,"G235M, G395M",False,,False,,0,1.3807362703064562e-18,5.872442259929532e-19,2.351213020395069,,,,,,,,,,1.3807362703064562e-18,5.872442259929532e-19,2.351213020395069,G235M
16871,"G235H, G395H",,False,,False,0,,,,2.3887610366362205e-18,7.012271611303432e-19,3.4065437978552584,,,,,,,2.3887610366362205e-18,7.012271611303432e-19,3.4065437978552584,G235H
17058,"G235M, G235H, G395M, G395H",True,True,False,False,2,3.5583744225679754e-18,2.3529648006342166e-19,15.122939457525474,2.4599052043591866e-18,1.1626849717263104e-19,21.157108453090377,,,,,,,2.4599052043591866e-18,1.1626849717263104e-19,21.157108453090377,G235H
17074,G395H,,,,False,0,,,,,,,,,,7.030375147981852e-19,9.227906261951951e-19,0.7618602691023367,7.030375147981852e-19,9.227906261951951e-19,0.7618602691023367,G395H
17086,"G235M, G395M",True,,True,,2,1.8611157965827646e-18,1.2075964581459085e-19,15.411736131126466,,,,1.56909508743274e-18,1.32125355918013e-19,11.875805946032052,,,,1.8611157965827646e-18,1.2075964581459085e-19,15.411736131126466,G235M
17416,"G235H, G395H",,False,,False,0,,,,,,,,,,1.2829007597928195e-18,1.6548121199188297e-18,0.7752546312361714,1.2829007597928195e-18,1.6548121199188297e-18,0.7752546312361714,G395H
17578,"G235M, G235H, G395M",False,False,False,,0,2.0626355737809087e-09,9.04043425286701e-08,0.02281566920446085,1.835743416636763e-19,8.139725648892095e-19,0.22552890549654186,,,,,,,1.835743416636763e-19,8.139725648892095e-19,0.22552890549654186,G235H
17806,G235H,,False,,,0,,,,-4.801959030617191e-19,3.3096945198022354e-17,-0.014508768111034376,,,,,,,-4.801959030617191e-19,3.3096945198022354e-17,-0.014508768111034376,G235H
17891,"G235M, G235H, G395M",False,False,False,,0,-8.201435935724932e-18,1.7540385084509143e-16,-0.04675744515420052,3.8808947426404703e-19,2.675668584423787e-19,1.4504392529152605,,,,,,,3.8808947426404703e-19,2.675668584423787e-19,1.4504392529152605,G235H
18444,"G235H, G395H",,False,,False,0,,,,,,,,,,,,,,,,
18502,G235H,,True,,,1,,,,2.9593309475711822e-18,1.2699055377899475e-19,23.303551795839788,,,,,,,2.9593309475711822e-18,1.2699055377899475e-19,23.303551795839788,G235H
18866,"G235M, G395M",True,,False,,1,1.0270932904591861e-17,2.38719565888806e-19,43.025098786313954,,,,,,,,,,1.0270932904591861e-17,2.38719565888806e-19,43.025098786313954,G235M
19650,"G235M, G395M",True,,False,,1,5.883742478239503e-19,1.1687740352932759e-19,5.034114636849473,,,,,,,,,,5.883742478239503e-19,1.1687740352932759e-19,5.034114636849473,G235M
19819,"G235M, G235H, G395M",True,True,False,,2,2.1606375370824272e-18,1.7085521841407282e-19,12.64601431046757,2.4131869657287467e-18,1.384559123373386e-19,17.429280736305266,,,,,,,2.4131869657287467e-18,1.384559123373386e-19,17.429280736305266,G235H
19928,"G235H, G395H",,False,,False,0,,,,,,,,,,1.3583830840371254e-18,7.035996220654867e-19,1.9306194054645123,1.3583830840371254e-18,7.035996220654867e-19,1.9306194054645123,G395H
23341,"G235M, G235H, G395M",True,False,False,,1,3.271889591850039e-18,1.376286919336395e-19,23.773310244259587,,,,,,,,,,3.271889591850039e-18,1.376286919336395e-19,23.773310244259587,G235M
23887,"G235M, G235H, G395M",True,False,False,,1,2.4327552358911585e-18,7.238557045957503e-19,3.3608289890452308,1.5381299647931046e-18,3.986186217480539e-19,3.8586505518682883,,,,,,,1.5381299647931046e-18,3.986186217480539e-19,3.8586505518682883,G235H
26580,"G235M, G235H, G395M",True,True,False,,2,5.689750665347026e-18,3.046858267375266e-19,18.674156019237792,5.0547031124958944e-18,2.257022476588524e-19,22.395448715849955,,,,,,,5.0547031124958944e-18,2.257022476588524e-19,22.395448715849955,G235H
26999,G235H,,True,,,1,,,,2.4687694261453577e-18,2.393244891720365e-19,10.31557378305194,,,,,,,2.4687694261453577e-18,2.393244891720365e-19,10.31557378305194,G235H
27014,"G235M, G395M",True,,True,,2,5.2534975747562984e-18,2.4387956172569635e-19,21.541360569874946,,,,7.182913698364259e-18,3.3921086024438747e-19,21.175364766296884,,,,5.2534975747562984e-18,2.4387956172569635e-19,21.541360569874946,G235M
28600,"G235M, G395M",True,,False,,1,2.371306460125791e-18,8.15974590450433e-19,2.9061033123798454,,,,,,,,,,2.371306460125791e-18,8.15974590450433e-19,2.9061033123798454,G235M
29701,"G235H, G395M",,True,False,,1,,,,5.7713563003252676e-18,3.0208444805272676e-19,19.10510897706961,,,,,,,5.7713563003252676e-18,3.0208444805272676e-19,19.10510897706961,G235H
33361,"G235M, G235H, G395M",True,True,False,,2,2.059985798613609e-18,1.4852355937696025e-19,13.869757816571456,1.8885470342587205e-18,1.252721740518248e-19,15.075550883929205,,,,,,,1.8885470342587205e-18,1.252721740518248e-19,15.075550883929205,G235H
35799,"G235H, G395H",,False,,False,0,,,,1.838447022001015e-18,1.7210271029504907e-18,1.0682266530545756,,,,,,,1.838447022001015e-18,1.7210271029504907e-18,1.0682266530545756,G235H
38195,G235H,,False,,,0,,,,1.344703194634739e-18,6.242443453168555e-19,2.154129556355358,,,,,,,1.344703194634739e-18,6.242443453168555e-19,2.154129556355358,G235H
41512,G235H,,False,,,0,,,,1.1126225987021626e-18,1.213400903655395e-17,0.09169455827421623,,,,,,,1.1126225987021626e-18,1.213400903655395e-17,0.09169455827421623,G235H
42751,"G235H, G395H",,True,,False,1,,,,6.339497860622391e-18,7.846254902651039e-19,8.079648111458175,,,,,,,6.339497860622391e-18,7.846254902651039e-19,8.079648111458175,G235H
42812,G235M,False,,,,0,,,,,,,,,,,,,,,,
42990,"G235M, G395M",False,,False,,0,1.4185404602764737e-18,5.300182114896451e-19,2.6763994699155496,,,,,,,,,,1.4185404602764737e-18,5.300182114896451e-19,2.6763994699155496,G235M
43129,"G235M, G395M",False,,False,,0,1.4374586497795584e-18,4.881318828021876e-19,2.944816145849009,,,,,,,,,,1.4374586497795584e-18,4.881318828021876e-19,2.944816145849009,G235M
43604,"G235M, G235H, G395M",False,False,False,,0,-4.349832191607973e-17,2.78446584400287e-15,-0.015621783262224458,,,,,,,,,,-4.349832191607973e-17,2.78446584400287e-15,-0.015621783262224458,G235M
43683,G235M,True,,,,1,1.0700717752818094e-18,1.871536864751065e-19,5.71760992495406,,,,,,,,,,1.0700717752818094e-18,1.871536864751065e-19,5.71760992495406,G235M
43713,"G235M, G235H, G395M",False,False,False,,0,7.582158900492742e-17,2.7634808530450413e-15,0.02743698727689054,,,,,,,,,,7.582158900492742e-17,2.7634808530450413e-15,0.02743698727689054,G235M
44361,G235M,True,,,,1,8.260445163277551e-19,1.4024603251778867e-19,5.889967092102805,,,,,,,,,,8.260445163277551e-19,1.4024603251778867e-19,5.889967092102805,G235M
44980,"G235M, G235H, G395H",False,False,,False,0,2.5298437105786145e-18,4.676847949783119e-19,5.409292193679146,,,,,,,5.455273643169849e-18,1.5081248703776771e-18,3.617255938365166,2.5298437105786145e-18,4.676847949783119e-19,5.409292193679146,G235M
45004,G235M,False,,,,0,2.536513831835571e-18,4.977762336196309e-19,5.095690915958463,,,,,,,,,,2.536513831835571e-18,4.977762336196309e-19,5.095690915958463,G235M
45443,G235M,True,,,,1,1.6929647382591043e-18,3.9117248385283047e-19,4.327923890720398,,,,,,,,,,1.6929647382591043e-18,3.9117248385283047e-19,4.327923890720398,G235M
45547,G395H,,,,False,0,,,,,,,,,,,,,,,,
45677,"G235H, G395H",,True,,False,1,,,,3.778263136572963e-18,6.565059811605611e-19,5.755108475773226,,,,,,,3.778263136572963e-18,6.565059811605611e-19,5.755108475773226,G235H
45963,"G235H, G395H",,False,,False,0,,,,,,,,,,1.1230338443988334e-18,5.191105222636208e-19,2.163381006999741,1.1230338443988334e-18,5.191105222636208e-19,2.163381006999741,G395H
46008,G395H,,,,False,0,,,,,,,,,,,,,,,,
46091,G235M,True,,,,1,2.644416742727409e-18,2.720384253320523e-19,9.720747131584858,,,,,,,,,,2.644416742727409e-18,2.720384253320523e-19,9.720747131584858,G235M
46212,G235H,,True,,,1,,,,4.441640439150718e-18,7.708961173793123e-19,5.761658852622356,,,,,,,4.441640439150718e-18,7.708961173793123e-19,5.761658852622356,G235H
46887,"G235H, G395H",,False,,False,0,,,,3.015844221847108e-18,1.1366001293283796e-18,2.653390707978521,,,,,,,3.015844221847108e-18,1.1366001293283796e-18,2.653390707978521,G235H
46979,G235H,,True,,,1,,,,9.082715079510887e-18,1.7404185778706095e-18,5.218695775256277,,,,,,,9.082715079510887e-18,1.7404185778706095e-18,5.218695775256277,G235H
47137,"G235H, G395H",,False,,False,0,,,,,,,,,,,,,,,,
47218,"G235H, G395H",,False,,False,0,,,,8.579224340174111e-19,8.378193800733769e-19,1.0239944962150118,,,,,,,8.579224340174111e-19,8.378193800733769e-19,1.0239944962150118,G235H
47283,"G235H, G395H",,False,,False,0,,,,9.914686790668798e-19,3.9048203971745623e-19,2.5390890699717805,,,,,,,9.914686790668798e-19,3.9048203971745623e-19,2.5390890699717805,G235H
47549,"G235M, G235H, G395M, G395H",True,True,False,False,2,6.4657967990598756e-18,4.3979515430333575e-19,14.701837289003604,7.681299050050756e-18,2.869531326134481e-19,26.768479507760464,,,,,,,7.681299050050756e-18,2.869531326134481e-19,26.768479507760464,G235H
47664,"G235M, G235H, G395M",True,True,False,,2,4.047087894813024e-18,2.531197074014698e-19,15.988829697855138,7.040935340504798e-18,2.2125640511979833e-19,31.822515315172524,,,,,,,7.040935340504798e-18,2.2125640511979833e-19,31.822515315172524,G235H
47736,"G235M, G395M",True,,False,,1,3.463707777362978e-18,4.599174755275812e-19,7.531150612160767,,,,,,,,,,3.463707777362978e-18,4.599174755275812e-19,7.531150612160767,G235M
47750,"G235M, G235H, G395M",True,True,False,,2,4.613700813503343e-18,2.381969179790097e-19,19.369271662490235,5.025228290762828e-18,1.8498565946850533e-19,27.165501937832087,,,,,,,5.025228290762828e-18,1.8498565946850533e-19,27.165501937832087,G235H
48086,G235H,,False,,,0,,,,8.786613355680577e-19,4.2032961143989826e-19,2.0904102676898724,,,,,,,8.786613355680577e-19,4.2032961143989826e-19,2.0904102676898724,G235H
48121,"G235M, G235H",True,False,,,1,2.700901679644963e-18,3.703195166823988e-19,7.29343595995608,4.364954800381998e-18,2.7684438273900606e-18,1.576681728990341,,,,,,,2.700901679644963e-18,3.703195166823988e-19,7.29343595995608,G235M
48146,G235M,True,,,,1,1.516426134184346e-18,4.105152677476587e-19,3.6939579434022027,,,,,,,,,,1.516426134184346e-18,4.105152677476587e-19,3.6939579434022027,G235M
48256,"G235H, G395H",,False,,False,0,,,,,,,,,,,,,,,,
48525,G235M,True,,,,1,2.1951522305861704e-18,2.5053930182369393e-19,8.761708101712971,,,,,,,,,,2.1951522305861704e-18,2.5053930182369393e-19,8.761708101712971,G235M
48586,G235H,,False,,,0,,,,4.856970858403764e-18,1.1728610725808394e-18,4.141130583962661,,,,,,,4.856970858403764e-18,1.1728610725808394e-18,4.141130583962661,G235H
48648,G235M,True,,,,1,1.6238503407038308e-18,1.4316890581779732e-19,11.34219984030897,,,,,,,,,,1.6238503407038308e-18,1.4316890581779732e-19,11.34219984030897,G235M
48688,"G235H, G395H",,True,,False,1,,,,2.1186952848910553e-18,6.865226155668805e-19,3.08612598747616,,,,,,,2.1186952848910553e-18,6.865226155668805e-19,3.08612598747616,G235H
48744,"G235H, G395H",,True,,False,1,,,,3.676415105804066e-18,8.003541207248607e-19,4.59348557170472,,,,,,,3.676415105804066e-18,8.003541207248607e-19,4.59348557170472,G235H
49289,G235H,,True,,,1,,,,1.9486141013671733e-18,2.7122176817580744e-19,7.184578562676691,,,,,,,1.9486141013671733e-18,2.7122176817580744e-19,7.184578562676691,G235H
49296,G235H,,True,,,1,,,,1.9561339319809036e-18,2.7484693550920284e-19,7.117175704931247,,,,,,,1.9561339319809036e-18,2.7484693550920284e-19,7.117175704931247,G235H
49482,G235M,True,,,,1,7.500137533522658e-18,1.979624873061635e-18,3.788666042533172,,,,,,,,,,7.500137533522658e-18,1.979624873061635e-18,3.788666042533172,G235M
49540,G235M,True,,,,1,1.441234210915981e-18,2.429699976370647e-19,5.931737354127228,,,,,,,,,,1.441234210915981e-18,2.429699976370647e-19,5.931737354127228,G235M
49694,G235M,True,,,,1,7.588668205580365e-18,2.056565454537193e-18,3.689971641232352,,,,,,,,,,7.588668205580365e-18,2.056565454537193e-18,3.689971641232352,G235M
49726,G235H,,False,,,0,,,,2.8416910318618738e-18,2.9085203873404522e-18,0.9770229028582856,,,,,,,2.8416910318618738e-18,2.9085203873404522e-18,0.9770229028582856,G235H
49902,"G235M, G235H, G395M",False,True,False,,1,1.814157909216374e-18,4.612184872716236e-19,3.9334024096652684,2.55488849858725e-18,1.580339259544943e-19,16.166709035140514,,,,,,,2.55488849858725e-18,1.580339259544943e-19,16.166709035140514,G235H
49939,G235H,,False,,,0,,,,6.719336076443473e-14,2.8728769892253708e-12,0.023388874990624794,,,,,,,6.719336076443473e-14,2.8728769892253708e-12,0.023388874990624794,G235H
50654,G235M,False,,,,0,9.723266340497597e-19,4.426692918384104e-19,2.1965079845761983,,,,,,,,,,9.723266340497597e-19,4.426692918384104e-19,2.1965079845761983,G235M
50751,"G235M, G235H",False,True,,,1,4.731673125027038e-19,3.3143582363733665e-19,1.427628755726938,1.10212668690813e-18,1.8510298682083682e-19,5.954126974595447,,,,,,,1.10212668690813e-18,1.8510298682083682e-19,5.954126974595447,G235H
50966,"G235M, G235H, G395M",True,True,False,,2,1.0122442172269532e-18,1.5674861127688296e-19,6.457755567855786,1.7014520579541996e-18,3.8185712855598765e-19,4.455729461928151,,,,,,,1.0122442172269532e-18,1.5674861127688296e-19,6.457755567855786,G235M
50970,G235H,,False,,,0,,,,1.7813672169831985e-18,1.005737486434182e-18,1.7712049525955256,,,,,,,1.7813672169831985e-18,1.005737486434182e-18,1.7712049525955256,G235H
51240,"G235H, G395H",,True,,False,1,,,,9.561312643237332e-18,1.509433778220768e-18,6.334370398486541,,,,,,,9.561312643237332e-18,1.509433778220768e-18,6.334370398486541,G235H
51579,"G235H, G395H",,True,,False,1,,,,3.680192633160244e-18,8.173989326358159e-19,4.502321309978904,,,,,,,3.680192633160244e-18,8.173989326358159e-19,4.502321309978904,G235H
52096,"G235H, G395H",,True,,False,1,,,,7.428013924034344e-18,9.333586760152376e-19,7.958370254559114,,,,,,,7.428013924034344e-18,9.333586760152376e-19,7.958370254559114,G235H
53792,G235H,,True,,,1,,,,3.3553897323659288e-18,7.001636395816542e-19,4.7922936049217935,,,,,,,3.3553897323659288e-18,7.001636395816542e-19,4.7922936049217935,G235H
53892,"G235M, G235H, G395H",True,False,,False,1,2.4020602875149042e-18,1.6067649336426216e-19,14.94966835048675,2.9824390997713073e-18,1.1125382831509066e-18,2.6807518850717735,,,,,,,2.4020602875149042e-18,1.6067649336426216e-19,14.94966835048675,G235M
53947,"G235M, G235H, G395H",True,False,,False,1,9.288779963636698e-19,1.6378734631948913e-19,5.671243946719603,2.3706429433426213e-18,2.040191573839304e-18,1.1619707549725158,,,,,,,9.288779963636698e-19,1.6378734631948913e-19,5.671243946719603,G235M
54193,G235M,True,,,,1,6.406876170206248e-18,7.847134825918719e-19,8.164605696648204,,,,,,,,,,6.406876170206248e-18,7.847134825918719e-19,8.164605696648204,G235M
54521,G235M,False,,,,0,2.1033959183380513e-19,5.912582641532664e-19,0.35574909406979677,,,,,,,,,,2.1033959183380513e-19,5.912582641532664e-19,0.35574909406979677,G235M
54619,"G235M, G235H, G395M",True,True,False,,2,4.759009890284838e-18,6.418403986109342e-19,7.414631270615327,6.638512591200643e-18,5.038339604150959e-19,13.175992713415631,,,,,,,6.638512591200643e-18,5.038339604150959e-19,13.175992713415631,G235H
54969,"G235M, G395M",True,,False,,1,2.3173209505704758e-18,3.0271457783913236e-19,7.655134969423043,,,,,,,,,,2.3173209505704758e-18,3.0271457783913236e-19,7.655134969423043,G235M
55418,G235M,True,,,,1,2.2114678793215166e-18,3.478632236226576e-19,6.357291398300823,,,,,,,,,,2.2114678793215166e-18,3.478632236226576e-19,6.357291398300823,G235M
56591,G235M,False,,,,0,9.561455694215551e-20,8.417659010680698e-19,0.11358806150360276,,,,,,,,,,9.561455694215551e-20,8.417659010680698e-19,0.11358806150360276,G235M
57111,G235M,True,,,,1,8.698959994818941e-18,6.908641410488276e-19,12.591419177745589,,,,,,,,,,8.698959994818941e-18,6.908641410488276e-19,12.591419177745589,G235M
57248,G235M,False,,,,0,8.094206357436127e-19,1.7493591347954945e-19,4.626955206874868,,,,,,,,,,8.094206357436127e-19,1.7493591347954945e-19,4.626955206874868,G235M
58782,"G235H, G395H",,False,,False,0,,,,,,,,,,3.3516665699766837e-18,1.8946879594321748e-18,1.7689807724228932,3.3516665699766837e-18,1.8946879594321748e-18,1.7689807724228932,G395H
59457,"G235M, G235H, G395M",True,True,False,,2,4.005958623629905e-18,3.8870705494645487e-19,10.305855200342924,1.6145728958343862e-17,9.97647815956044e-19,16.183796225596346,,,,,,,1.6145728958343862e-17,9.97647815956044e-19,16.183796225596346,G235H
59737,"G235M, G395M",False,,False,,0,,,,,,,,,,,,,,,,
70850,"G235M, G235H, G395M",False,True,False,,1,9.530768578295727e-19,2.1445127945245856e-19,4.444258202902721,8.955466180016345e-19,1.263692975541863e-19,7.086742075286366,,,,,,,8.955466180016345e-19,1.263692975541863e-19,7.086742075286366,G235H
71380,"G235M, G235H, G395M, G395H",False,False,False,False,0,1.322217468437309e-17,5.9154946749012735e-18,2.2351765001958626,1.1590502091894852e-18,7.150436979539758e-19,1.6209501775989197,,,,,,,1.322217468437309e-17,5.9154946749012735e-18,2.2351765001958626,G235M
