ID,grating,status,reason,z_dja,z_used,method,z,z_err,snr,snr_lime,fwhm_pix,centre_err_AA,success,line_margin,cont_gap,cont_width,reviewed,spectrum,contsub_png,fit_png
17781,G395H,out_of_range,,5.1078,,,,,,,,,,15.0,5.0,20.0,False,/ceph/cephfs/apatrick/P2/jwst_spectra_pm/G395H_F290LP/17781_G395H_F290LP_spectra_lime.fits,,
18264,G235M,fitted,,5.52055,5.52055,blend_3726_3729,5.52300264066059,0.0012113669580833283,2.329619641543572,19.947252395670684,2.7977736171291587,4.518247332781054,False,15.0,5.0,20.0,False,/ceph/cephfs/apatrick/P2/jwst_spectra_pm/G235M_F170LP/18264_G235M_F170LP_spectra_lime.fits,/ceph/cephfs/apatrick/P2/lime_fits/18264/OII_fits/18264_G235M_F170LP_OII_contsub.png,/ceph/cephfs/apatrick/P2/lime_fits/18264/OII_fits/18264_G235M_F170LP_OII_fit.png
18264,G395M,out_of_range,,5.51968,,,,,,,,,,15.0,5.0,20.0,False,/ceph/cephfs/apatrick/P2/jwst_spectra_pm/G395M_F290LP/18264_G395M_F290LP_spectra_lime.fits,,
19054,G235H,out_of_range,,3.08034,,,,,,,,,,15.0,5.0,20.0,False,/ceph/cephfs/apatrick/P2/jwst_spectra_pm/G235H_F170LP/19054_G235H_F170LP_spectra_lime.fits,,
19054,G395H,out_of_range,,3.08115,,,,,,,,,,15.0,5.0,20.0,False,/ceph/cephfs/apatrick/P2/jwst_spectra_pm/G395H_F290LP/19054_G395H_F290LP_spectra_lime.fits,,
19338,G235M,fitted,,5.86121,5.86121,blend_3726_3729,5.859878095758375,0.0004757342697814417,7.820737863903594,51.025503279153135,1.2140845364882755,1.774429359501055,True,15.0,5.0,20.0,False,/ceph/cephfs/apatrick/P2/jwst_spectra_pm/G235M_F170LP/19338_G235M_F170LP_spectra_lime.fits,/ceph/cephfs/apatrick/P2/lime_fits/19338/OII_fits/19338_G235M_F170LP_OII_contsub.png,/ceph/cephfs/apatrick/P2/lime_fits/19338/OII_fits/19338_G235M_F170LP_OII_fit.png
19338,G395M,out_of_range,,5.85892,,,,,,,,,,15.0,5.0,20.0,False,/ceph/cephfs/apatrick/P2/jwst_spectra_pm/G395M_F290LP/19338_G395M_F290LP_spectra_lime.fits,,
19467,G235H,out_of_range,,3.2678,,,,,,,,,,15.0,5.0,20.0,False,/ceph/cephfs/apatrick/P2/jwst_spectra_pm/G235H_F170LP/19467_G235H_F170LP_spectra_lime.fits,,
19467,G235M,out_of_range,,3.26843,,,,,,,,,,15.0,5.0,20.0,False,/ceph/cephfs/apatrick/P2/jwst_spectra_pm/G235M_F170LP/19467_G235M_F170LP_spectra_lime.fits,,
19467,G395H,out_of_range,,3.26794,,,,,,,,,,15.0,5.0,20.0,False,/ceph/cephfs/apatrick/P2/jwst_spectra_pm/G395H_F290LP/19467_G395H_F290LP_spectra_lime.fits,,
19467,G395M,out_of_range,,3.26843,,,,,,,,,,15.0,5.0,20.0,False,/ceph/cephfs/apatrick/P2/jwst_spectra_pm/G395M_F290LP/19467_G395M_F290LP_spectra_lime.fits,,
19729,G395H,out_of_range,,5.50345,,,,,,,,,,15.0,5.0,20.0,False,/ceph/cephfs/apatrick/P2/jwst_spectra_pm/G395H_F290LP/19729_G395H_F290LP_spectra_lime.fits,,
19756,G235H,out_of_range,,5.87795,,,,,,,,,,15.0,5.0,20.0,False,/ceph/cephfs/apatrick/P2/jwst_spectra_pm/G235H_F170LP/19756_G235H_F170LP_spectra_lime.fits,,
19756,G395H,out_of_range,,5.85141,,,,,,,,,,15.0,5.0,20.0,False,/ceph/cephfs/apatrick/P2/jwst_spectra_pm/G395H_F290LP/19756_G395H_F290LP_spectra_lime.fits,,
19796,G235M,fitted,,5.50454,5.50454,blend_3726_3729,5.503466159022825,0.0012653343926764104,4.9569849278104545,32.428289800991024,2.2100840618354347,4.719539117883926,False,15.0,5.0,20.0,False,/ceph/cephfs/apatrick/P2/jwst_spectra_pm/G235M_F170LP/19796_G235M_F170LP_spectra_lime.fits,/ceph/cephfs/apatrick/P2/lime_fits/19796/OII_fits/19796_G235M_F170LP_OII_contsub.png,/ceph/cephfs/apatrick/P2/lime_fits/19796/OII_fits/19796_G235M_F170LP_OII_fit.png
19796,G395M,out_of_range,,5.5028,,,,,,,,,,15.0,5.0,20.0,False,/ceph/cephfs/apatrick/P2/jwst_spectra_pm/G395M_F290LP/19796_G395M_F290LP_spectra_lime.fits,,
19865,G235H,out_of_range,,3.0925,,,,,,,,,,15.0,5.0,20.0,False,/ceph/cephfs/apatrick/P2/jwst_spectra_pm/G235H_F170LP/19865_G235H_F170LP_spectra_lime.fits,,
19865,G235M,out_of_range,,3.09368,,,,,,,,,,15.0,5.0,20.0,False,/ceph/cephfs/apatrick/P2/jwst_spectra_pm/G235M_F170LP/19865_G235M_F170LP_spectra_lime.fits,,
19865,G395M,out_of_range,,3.09313,,,,,,,,,,15.0,5.0,20.0,False,/ceph/cephfs/apatrick/P2/jwst_spectra_pm/G395M_F290LP/19865_G395M_F290LP_spectra_lime.fits,,
19897,G235H,out_of_range,,3.0931,,,,,,,,,,15.0,5.0,20.0,False,/ceph/cephfs/apatrick/P2/jwst_spectra_pm/G235H_F170LP/19897_G235H_F170LP_spectra_lime.fits,,
19897,G235M,out_of_range,,3.09371,,,,,,,,,,15.0,5.0,20.0,False,/ceph/cephfs/apatrick/P2/jwst_spectra_pm/G235M_F170LP/19897_G235M_F170LP_spectra_lime.fits,,
19897,G395M,out_of_range,,3.09262,,,,,,,,,,15.0,5.0,20.0,False,/ceph/cephfs/apatrick/P2/jwst_spectra_pm/G395M_F290LP/19897_G395M_F290LP_spectra_lime.fits,,
20179,G235H,out_of_range,,2.95691,,,,,,,,,,15.0,5.0,20.0,False,/ceph/cephfs/apatrick/P2/jwst_spectra_pm/G235H_F170LP/20179_G235H_F170LP_spectra_lime.fits,,
20179,G395H,out_of_range,,2.94087,,,,,,,,,,15.0,5.0,20.0,False,/ceph/cephfs/apatrick/P2/jwst_spectra_pm/G395H_F290LP/20179_G395H_F290LP_spectra_lime.fits,,
21170,G235H,fitted,,4.86722,4.86722,blend_3726_3729,4.863013492549099,0.00795019386652552,2.7532294163696553,40.11854655548855,8.350397766605813,29.65322934790687,False,15.0,5.0,20.0,False,/ceph/cephfs/apatrick/P2/jwst_spectra_pm/G235H_F170LP/21170_G235H_F170LP_spectra_lime.fits,/ceph/cephfs/apatrick/P2/lime_fits/21170/OII_fits/21170_G235H_F170LP_OII_contsub.png,/ceph/cephfs/apatrick/P2/lime_fits/21170/OII_fits/21170_G235H_F170LP_OII_fit.png
21170,G395H,out_of_range,,4.86331,,,,,,,,,,15.0,5.0,20.0,False,/ceph/cephfs/apatrick/P2/jwst_spectra_pm/G395H_F290LP/21170_G395H_F290LP_spectra_lime.fits,,
21375,G235H,out_of_range,,3.3744,,,,,,,,,,15.0,5.0,20.0,False,/ceph/cephfs/apatrick/P2/jwst_spectra_pm/G235H_F170LP/21375_G235H_F170LP_spectra_lime.fits,,
21526,G235M,out_of_range,,3.24677,,,,,,,,,,15.0,5.0,20.0,False,/ceph/cephfs/apatrick/P2/jwst_spectra_pm/G235M_F170LP/21526_G235M_F170LP_spectra_lime.fits,,
21526,G395M,out_of_range,,3.24677,,,,,,,,,,15.0,5.0,20.0,False,/ceph/cephfs/apatrick/P2/jwst_spectra_pm/G395M_F290LP/21526_G395M_F290LP_spectra_lime.fits,,
22404,G235H,out_of_range,,3.0834,,,,,,,,,,15.0,5.0,20.0,False,/ceph/cephfs/apatrick/P2/jwst_spectra_pm/G235H_F170LP/22404_G235H_F170LP_spectra_lime.fits,,
22404,G235M,out_of_range,,3.08404,,,,,,,,,,15.0,5.0,20.0,False,/ceph/cephfs/apatrick/P2/jwst_spectra_pm/G235M_F170LP/22404_G235M_F170LP_spectra_lime.fits,,
22404,G395M,out_of_range,,3.08404,,,,,,,,,,15.0,5.0,20.0,False,/ceph/cephfs/apatrick/P2/jwst_spectra_pm/G395M_F290LP/22404_G395M_F290LP_spectra_lime.fits,,
22997,G235M,out_of_range,,2.93831,,,,,,,,,,15.0,5.0,20.0,False,/ceph/cephfs/apatrick/P2/jwst_spectra_pm/G235M_F170LP/22997_G235M_F170LP_spectra_lime.fits,,
22997,G395M,out_of_range,,2.93884,,,,,,,,,,15.0,5.0,20.0,False,/ceph/cephfs/apatrick/P2/jwst_spectra_pm/G395M_F290LP/22997_G395M_F290LP_spectra_lime.fits,,
23070,G235M,out_of_range,,2.93831,,,,,,,,,,15.0,5.0,20.0,False,/ceph/cephfs/apatrick/P2/jwst_spectra_pm/G235M_F170LP/23070_G235M_F170LP_spectra_lime.fits,,
23070,G395M,out_of_range,,2.93884,,,,,,,,,,15.0,5.0,20.0,False,/ceph/cephfs/apatrick/P2/jwst_spectra_pm/G395M_F290LP/23070_G395M_F290LP_spectra_lime.fits,,
26917,G235H,out_of_range,,3.1829,,,,,,,,,,15.0,5.0,20.0,False,/ceph/cephfs/apatrick/P2/jwst_spectra_pm/G235H_F170LP/26917_G235H_F170LP_spectra_lime.fits,,
26917,G235M,out_of_range,,3.18324,,,,,,,,,,15.0,5.0,20.0,False,/ceph/cephfs/apatrick/P2/jwst_spectra_pm/G235M_F170LP/26917_G235M_F170LP_spectra_lime.fits,,
26917,G395M,out_of_range,,3.18324,,,,,,,,,,15.0,5.0,20.0,False,/ceph/cephfs/apatrick/P2/jwst_spectra_pm/G395M_F290LP/26917_G395M_F290LP_spectra_lime.fits,,
30759,G235H,out_of_range,,3.0042,,,,,,,,,,15.0,5.0,20.0,False,/ceph/cephfs/apatrick/P2/jwst_spectra_pm/G235H_F170LP/30759_G235H_F170LP_spectra_lime.fits,,
30759,G235M,out_of_range,,3.00452,,,,,,,,,,15.0,5.0,20.0,False,/ceph/cephfs/apatrick/P2/jwst_spectra_pm/G235M_F170LP/30759_G235M_F170LP_spectra_lime.fits,,
30759,G395M,out_of_range,,3.00452,,,,,,,,,,15.0,5.0,20.0,False,/ceph/cephfs/apatrick/P2/jwst_spectra_pm/G395M_F290LP/30759_G395M_F290LP_spectra_lime.fits,,
31364,G235H,out_of_range,,3.2988,,,,,,,,,,15.0,5.0,20.0,False,/ceph/cephfs/apatrick/P2/jwst_spectra_pm/G235H_F170LP/31364_G235H_F170LP_spectra_lime.fits,,
32907,G235M,fitted,,3.48655,3.48655,blend_3726_3729,3.4882294925410564,0.0026706031130444468,1.1280963606828274,5.4601763227489535,2.7182573598012736,9.961015786266655,False,15.0,5.0,20.0,False,/ceph/cephfs/apatrick/P2/jwst_spectra_pm/G235M_F170LP/32907_G235M_F170LP_spectra_lime.fits,/ceph/cephfs/apatrick/P2/lime_fits/32907/OII_fits/32907_G235M_F170LP_OII_contsub.png,/ceph/cephfs/apatrick/P2/lime_fits/32907/OII_fits/32907_G235M_F170LP_OII_fit.png
32907,G395M,out_of_range,,3.48595,,,,,,,,,,15.0,5.0,20.0,False,/ceph/cephfs/apatrick/P2/jwst_spectra_pm/G395M_F290LP/32907_G395M_F290LP_spectra_lime.fits,,
34630,G235H,out_of_range,,3.4886,,,,,,,,,,15.0,5.0,20.0,False,/ceph/cephfs/apatrick/P2/jwst_spectra_pm/G235H_F170LP/34630_G235H_F170LP_spectra_lime.fits,,
34630,G395M,out_of_range,,3.48782,,,,,,,,,,15.0,5.0,20.0,False,/ceph/cephfs/apatrick/P2/jwst_spectra_pm/G395M_F290LP/34630_G395M_F290LP_spectra_lime.fits,,
34726,G235H,out_of_range,,3.4886,,,,,,,,,,15.0,5.0,20.0,False,/ceph/cephfs/apatrick/P2/jwst_spectra_pm/G235H_F170LP/34726_G235H_F170LP_spectra_lime.fits,,
34726,G395M,out_of_range,,3.48782,,,,,,,,,,15.0,5.0,20.0,False,/ceph/cephfs/apatrick/P2/jwst_spectra_pm/G395M_F290LP/34726_G395M_F290LP_spectra_lime.fits,,
38636,G235H,out_of_range,,3.4882,,,,,,,,,,15.0,5.0,20.0,False,/ceph/cephfs/apatrick/P2/jwst_spectra_pm/G235H_F170LP/38636_G235H_F170LP_spectra_lime.fits,,
38636,G235M,fitted,,3.48828,3.48828,blend_3726_3729,3.4892277033706547,0.0010221073402809256,11.974370339201226,79.10564949098006,2.109552954986032,3.8123326158303175,False,15.0,5.0,20.0,False,/ceph/cephfs/apatrick/P2/jwst_spectra_pm/G235M_F170LP/38636_G235M_F170LP_spectra_lime.fits,/ceph/cephfs/apatrick/P2/lime_fits/38636/OII_fits/38636_G235M_F170LP_OII_contsub.png,/ceph/cephfs/apatrick/P2/lime_fits/38636/OII_fits/38636_G235M_F170LP_OII_fit.png
38636,G395M,out_of_range,,3.48768,,,,,,,,,,15.0,5.0,20.0,False,/ceph/cephfs/apatrick/P2/jwst_spectra_pm/G395M_F290LP/38636_G395M_F290LP_spectra_lime.fits,,
39369,G235H,out_of_range,,2.93861,,,,,,,,,,15.0,5.0,20.0,False,/ceph/cephfs/apatrick/P2/jwst_spectra_pm/G235H_F170LP/39369_G235H_F170LP_spectra_lime.fits,,
39369,G395H,out_of_range,,2.94177,,,,,,,,,,15.0,5.0,20.0,False,/ceph/cephfs/apatrick/P2/jwst_spectra_pm/G395H_F290LP/39369_G395H_F290LP_spectra_lime.fits,,
40310,G235H,out_of_range,,2.90652,,,,,,,,,,15.0,5.0,20.0,False,/ceph/cephfs/apatrick/P2/jwst_spectra_pm/G235H_F170LP/40310_G235H_F170LP_spectra_lime.fits,,
40310,G395H,out_of_range,,2.90626,,,,,,,,,,15.0,5.0,20.0,False,/ceph/cephfs/apatrick/P2/jwst_spectra_pm/G395H_F290LP/40310_G395H_F290LP_spectra_lime.fits,,
41599,G235H,out_of_range,,3.18426,,,,,,,,,,15.0,5.0,20.0,False,/ceph/cephfs/apatrick/P2/jwst_spectra_pm/G235H_F170LP/41599_G235H_F170LP_spectra_lime.fits,,
41599,G395H,out_of_range,,3.19431,,,,,,,,,,15.0,5.0,20.0,False,/ceph/cephfs/apatrick/P2/jwst_spectra_pm/G395H_F290LP/41599_G395H_F290LP_spectra_lime.fits,,
44399,G235H,out_of_range,,3.18099,,,,,,,,,,15.0,5.0,20.0,False,/ceph/cephfs/apatrick/P2/jwst_spectra_pm/G235H_F170LP/44399_G235H_F170LP_spectra_lime.fits,,
48238,G235H,out_of_range,,2.96173,,,,,,,,,,15.0,5.0,20.0,False,/ceph/cephfs/apatrick/P2/jwst_spectra_pm/G235H_F170LP/48238_G235H_F170LP_spectra_lime.fits,,
49482,G235H,out_of_range,,3.18342,,,,,,,,,,15.0,5.0,20.0,False,/ceph/cephfs/apatrick/P2/jwst_spectra_pm/G235H_F170LP/49482_G235H_F170LP_spectra_lime.fits,,
49482,G395H,out_of_range,,3.1837,,,,,,,,,,15.0,5.0,20.0,False,/ceph/cephfs/apatrick/P2/jwst_spectra_pm/G395H_F290LP/49482_G395H_F290LP_spectra_lime.fits,,
49622,G235M,out_of_range,,2.99039,,,,,,,,,,15.0,5.0,20.0,False,/ceph/cephfs/apatrick/P2/jwst_spectra_pm/G235M_F170LP/49622_G235M_F170LP_spectra_lime.fits,,
50070,G235M,fitted,,3.52019,3.52019,blend_3726_3729,3.5207042963237836,10.390080047007183,13826.67135534012,5.8710778632013465,14.927454503820572,38753.69981533092,False,15.0,5.0,20.0,False,/ceph/cephfs/apatrick/P2/jwst_spectra_pm/G235M_F170LP/50070_G235M_F170LP_spectra_lime.fits,/ceph/cephfs/apatrick/P2/lime_fits/50070/OII_fits/50070_G235M_F170LP_OII_contsub.png,/ceph/cephfs/apatrick/P2/lime_fits/50070/OII_fits/50070_G235M_F170LP_OII_fit.png
50070,G395M,out_of_range,,3.51958,,,,,,,,,,15.0,5.0,20.0,False,/ceph/cephfs/apatrick/P2/jwst_spectra_pm/G395M_F290LP/50070_G395M_F290LP_spectra_lime.fits,,
50172,G235M,fitted,,3.52019,3.52019,blend_3726_3729,3.5207042963237836,10.390080047007183,-1851.4861599070773,5.8710778632013465,14.927454503820572,38753.69981533092,False,15.0,5.0,20.0,False,/ceph/cephfs/apatrick/P2/jwst_spectra_pm/G235M_F170LP/50172_G235M_F170LP_spectra_lime.fits,/ceph/cephfs/apatrick/P2/lime_fits/50172/OII_fits/50172_G235M_F170LP_OII_contsub.png,/ceph/cephfs/apatrick/P2/lime_fits/50172/OII_fits/50172_G235M_F170LP_OII_fit.png
50172,G395M,out_of_range,,3.51958,,,,,,,,,,15.0,5.0,20.0,False,/ceph/cephfs/apatrick/P2/jwst_spectra_pm/G395M_F290LP/50172_G395M_F290LP_spectra_lime.fits,,
50803,G235H,out_of_range,,3.0,,,,,,,,,,15.0,5.0,20.0,False,/ceph/cephfs/apatrick/P2/jwst_spectra_pm/G235H_F170LP/50803_G235H_F170LP_spectra_lime.fits,,
50803,G235M,out_of_range,,3.0017,,,,,,,,,,15.0,5.0,20.0,False,/ceph/cephfs/apatrick/P2/jwst_spectra_pm/G235M_F170LP/50803_G235M_F170LP_spectra_lime.fits,,
50803,G395M,out_of_range,,3.0025,,,,,,,,,,15.0,5.0,20.0,False,/ceph/cephfs/apatrick/P2/jwst_spectra_pm/G395M_F290LP/50803_G395M_F290LP_spectra_lime.fits,,
50880,G235M,fitted,,3.52485,3.52485,blend_3726_3729,3.525041578477956,0.001053306393479379,10.499113713581643,56.21516968995247,1.8317666354029962,3.9287011843788986,False,15.0,5.0,20.0,False,/ceph/cephfs/apatrick/P2/jwst_spectra_pm/G235M_F170LP/50880_G235M_F170LP_spectra_lime.fits,/ceph/cephfs/apatrick/P2/lime_fits/50880/OII_fits/50880_G235M_F170LP_OII_contsub.png,/ceph/cephfs/apatrick/P2/lime_fits/50880/OII_fits/50880_G235M_F170LP_OII_fit.png
50914,G235H,out_of_range,,3.0,,,,,,,,,,15.0,5.0,20.0,False,/ceph/cephfs/apatrick/P2/jwst_spectra_pm/G235H_F170LP/50914_G235H_F170LP_spectra_lime.fits,,
50914,G235M,out_of_range,,3.0017,,,,,,,,,,15.0,5.0,20.0,False,/ceph/cephfs/apatrick/P2/jwst_spectra_pm/G235M_F170LP/50914_G235M_F170LP_spectra_lime.fits,,
50914,G395M,out_of_range,,3.0025,,,,,,,,,,15.0,5.0,20.0,False,/ceph/cephfs/apatrick/P2/jwst_spectra_pm/G395M_F290LP/50914_G395M_F290LP_spectra_lime.fits,,
51717,G235M,out_of_range,OII not covered (edge or detector gap),5.13077,,,,,,,,,,15.0,5.0,20.0,False,/ceph/cephfs/apatrick/P2/jwst_spectra_pm/G235M_F170LP/51717_G235M_F170LP_spectra_lime.fits,,
51887,G235H,out_of_range,,2.91591,,,,,,,,,,15.0,5.0,20.0,False,/ceph/cephfs/apatrick/P2/jwst_spectra_pm/G235H_F170LP/51887_G235H_F170LP_spectra_lime.fits,,
51887,G395H,out_of_range,,2.91643,,,,,,,,,,15.0,5.0,20.0,False,/ceph/cephfs/apatrick/P2/jwst_spectra_pm/G395H_F290LP/51887_G395H_F290LP_spectra_lime.fits,,
51988,G235H,out_of_range,,2.91591,,,,,,,,,,15.0,5.0,20.0,False,/ceph/cephfs/apatrick/P2/jwst_spectra_pm/G235H_F170LP/51988_G235H_F170LP_spectra_lime.fits,,
51988,G395H,out_of_range,,2.91643,,,,,,,,,,15.0,5.0,20.0,False,/ceph/cephfs/apatrick/P2/jwst_spectra_pm/G395H_F290LP/51988_G395H_F290LP_spectra_lime.fits,,
52330,G235M,fitted,,5.25276,5.25276,blend_3726_3729,5.251769347208524,0.0015398234789231785,10.96987459595251,6.616721032141483,2.9413632839094936,5.743349098448591,False,15.0,5.0,20.0,False,/ceph/cephfs/apatrick/P2/jwst_spectra_pm/G235M_F170LP/52330_G235M_F170LP_spectra_lime.fits,/ceph/cephfs/apatrick/P2/lime_fits/52330/OII_fits/52330_G235M_F170LP_OII_contsub.png,/ceph/cephfs/apatrick/P2/lime_fits/52330/OII_fits/52330_G235M_F170LP_OII_fit.png
52345,G235H,fitted,,5.25739,5.25739,blend_3726_3729,5.2541501100527706,0.0003079948749846328,5.029746000087466,129.20421311988798,3.7736081561589003,1.1487823843333071,True,15.0,5.0,20.0,False,/ceph/cephfs/apatrick/P2/jwst_spectra_pm/G235H_F170LP/52345_G235H_F170LP_spectra_lime.fits,/ceph/cephfs/apatrick/P2/lime_fits/52345/OII_fits/52345_G235H_F170LP_OII_contsub.png,/ceph/cephfs/apatrick/P2/lime_fits/52345/OII_fits/52345_G235H_F170LP_OII_fit.png
52345,G235M,fitted,,5.25276,5.25276,blend_3726_3729,5.251769347208524,0.0015398234789231785,11.04293497766666,6.616721032141483,2.9413632839094936,5.743349098448591,False,15.0,5.0,20.0,False,/ceph/cephfs/apatrick/P2/jwst_spectra_pm/G235M_F170LP/52345_G235M_F170LP_spectra_lime.fits,/ceph/cephfs/apatrick/P2/lime_fits/52345/OII_fits/52345_G235M_F170LP_OII_contsub.png,/ceph/cephfs/apatrick/P2/lime_fits/52345/OII_fits/52345_G235M_F170LP_OII_fit.png
52345,G395H,out_of_range,,5.25447,,,,,,,,,,15.0,5.0,20.0,False,/ceph/cephfs/apatrick/P2/jwst_spectra_pm/G395H_F290LP/52345_G395H_F290LP_spectra_lime.fits,,
52789,G235M,out_of_range,,3.20786,,,,,,,,,,15.0,5.0,20.0,False,/ceph/cephfs/apatrick/P2/jwst_spectra_pm/G235M_F170LP/52789_G235M_F170LP_spectra_lime.fits,,
52789,G395M,out_of_range,,3.20898,,,,,,,,,,15.0,5.0,20.0,False,/ceph/cephfs/apatrick/P2/jwst_spectra_pm/G395M_F290LP/52789_G395M_F290LP_spectra_lime.fits,,
52848,G235M,out_of_range,,3.33009,,,,,,,,,,15.0,5.0,20.0,False,/ceph/cephfs/apatrick/P2/jwst_spectra_pm/G235M_F170LP/52848_G235M_F170LP_spectra_lime.fits,,
53122,G395H,out_of_range,,4.4805,,,,,,,,,,15.0,5.0,20.0,False,/ceph/cephfs/apatrick/P2/jwst_spectra_pm/G395H_F290LP/53122_G395H_F290LP_spectra_lime.fits,,
53171,G235M,out_of_range,,3.188,,,,,,,,,,15.0,5.0,20.0,False,/ceph/cephfs/apatrick/P2/jwst_spectra_pm/G235M_F170LP/53171_G235M_F170LP_spectra_lime.fits,,
53417,G235H,fitted,,3.75349,3.75349,blend_3726_3729,3.7452642848624293,0.0005739966297378525,-23.1688457661425,71.42070379999868,0.7715716661513671,2.1409356793434724,False,15.0,5.0,20.0,False,/ceph/cephfs/apatrick/P2/jwst_spectra_pm/G235H_F170LP/53417_G235H_F170LP_spectra_lime.fits,/ceph/cephfs/apatrick/P2/lime_fits/53417/OII_fits/53417_G235H_F170LP_OII_contsub.png,/ceph/cephfs/apatrick/P2/lime_fits/53417/OII_fits/53417_G235H_F170LP_OII_fit.png
53417,G395H,out_of_range,,3.75349,,,,,,,,,,15.0,5.0,20.0,False,/ceph/cephfs/apatrick/P2/jwst_spectra_pm/G395H_F290LP/53417_G395H_F290LP_spectra_lime.fits,,
53569,G395H,out_of_range,,4.40881,,,,,,,,,,15.0,5.0,20.0,False,/ceph/cephfs/apatrick/P2/jwst_spectra_pm/G395H_F290LP/53569_G395H_F290LP_spectra_lime.fits,,
53695,G235H,fitted,,5.51939,5.51939,blend_3726_3729,5.519550530861371,0.0008866412711113476,0.42634563491897104,9.35255280662142,4.259121152264531,3.307061111086438,False,15.0,5.0,20.0,False,/ceph/cephfs/apatrick/P2/jwst_spectra_pm/G235H_F170LP/53695_G235H_F170LP_spectra_lime.fits,/ceph/cephfs/apatrick/P2/lime_fits/53695/OII_fits/53695_G235H_F170LP_OII_contsub.png,/ceph/cephfs/apatrick/P2/lime_fits/53695/OII_fits/53695_G235H_F170LP_OII_fit.png
53695,G395H,out_of_range,,5.51678,,,,,,,,,,15.0,5.0,20.0,False,/ceph/cephfs/apatrick/P2/jwst_spectra_pm/G395H_F290LP/53695_G395H_F290LP_spectra_lime.fits,,
54019,G235H,out_of_range,,3.37262,,,,,,,,,,15.0,5.0,20.0,False,/ceph/cephfs/apatrick/P2/jwst_spectra_pm/G235H_F170LP/54019_G235H_F170LP_spectra_lime.fits,,
54317,G235H,out_of_range,,3.38561,,,,,,,,,,15.0,5.0,20.0,False,/ceph/cephfs/apatrick/P2/jwst_spectra_pm/G235H_F170LP/54317_G235H_F170LP_spectra_lime.fits,,
54317,G395H,out_of_range,,3.38561,,,,,,,,,,15.0,5.0,20.0,False,/ceph/cephfs/apatrick/P2/jwst_spectra_pm/G395H_F290LP/54317_G395H_F290LP_spectra_lime.fits,,
54440,G235H,out_of_range,,3.46006,,,,,,,,,,15.0,5.0,20.0,False,/ceph/cephfs/apatrick/P2/jwst_spectra_pm/G235H_F170LP/54440_G235H_F170LP_spectra_lime.fits,,
54890,G235H,fitted,,4.03836,4.03836,blend_3726_3729,4.039159565491065,0.0012519700701680663,1.6078150596511784,21.16815115629582,4.238358392763705,4.669691865468116,False,15.0,5.0,20.0,False,/ceph/cephfs/apatrick/P2/jwst_spectra_pm/G235H_F170LP/54890_G235H_F170LP_spectra_lime.fits,/ceph/cephfs/apatrick/P2/lime_fits/54890/OII_fits/54890_G235H_F170LP_OII_contsub.png,/ceph/cephfs/apatrick/P2/lime_fits/54890/OII_fits/54890_G235H_F170LP_OII_fit.png
54890,G395H,out_of_range,,4.0387,,,,,,,,,,15.0,5.0,20.0,False,/ceph/cephfs/apatrick/P2/jwst_spectra_pm/G395H_F290LP/54890_G395H_F290LP_spectra_lime.fits,,
55001,G235H,out_of_range,,3.32486,,,,,,,,,,15.0,5.0,20.0,False,/ceph/cephfs/apatrick/P2/jwst_spectra_pm/G235H_F170LP/55001_G235H_F170LP_spectra_lime.fits,,
55001,G395H,out_of_range,,3.31075,,,,,,,,,,15.0,5.0,20.0,False,/ceph/cephfs/apatrick/P2/jwst_spectra_pm/G395H_F290LP/55001_G395H_F290LP_spectra_lime.fits,,
55120,G235M,out_of_range,,2.98612,,,,,,,,,,15.0,5.0,20.0,False,/ceph/cephfs/apatrick/P2/jwst_spectra_pm/G235M_F170LP/55120_G235M_F170LP_spectra_lime.fits,,
55120,G395M,out_of_range,,2.98559,,,,,,,,,,15.0,5.0,20.0,False,/ceph/cephfs/apatrick/P2/jwst_spectra_pm/G395M_F290LP/55120_G395M_F290LP_spectra_lime.fits,,
55154,G235H,fitted,,4.39073,4.39073,blend_3726_3729,4.390101801656633,0.000372335897152595,1.7229080436340225,27.615472738893533,2.3099386866004403,1.3887663543920352,False,15.0,5.0,20.0,False,/ceph/cephfs/apatrick/P2/jwst_spectra_pm/G235H_F170LP/55154_G235H_F170LP_spectra_lime.fits,/ceph/cephfs/apatrick/P2/lime_fits/55154/OII_fits/55154_G235H_F170LP_OII_contsub.png,/ceph/cephfs/apatrick/P2/lime_fits/55154/OII_fits/55154_G235H_F170LP_OII_fit.png
55154,G395H,out_of_range,,4.39037,,,,,,,,,,15.0,5.0,20.0,False,/ceph/cephfs/apatrick/P2/jwst_spectra_pm/G395H_F290LP/55154_G395H_F290LP_spectra_lime.fits,,
55296,G235H,out_of_range,,3.2319,,,,,,,,,,15.0,5.0,20.0,False,/ceph/cephfs/apatrick/P2/jwst_spectra_pm/G235H_F170LP/55296_G235H_F170LP_spectra_lime.fits,,
55296,G235M,out_of_range,,3.23108,,,,,,,,,,15.0,5.0,20.0,False,/ceph/cephfs/apatrick/P2/jwst_spectra_pm/G235M_F170LP/55296_G235M_F170LP_spectra_lime.fits,,
55296,G395H,out_of_range,,3.23188,,,,,,,,,,15.0,5.0,20.0,False,/ceph/cephfs/apatrick/P2/jwst_spectra_pm/G395H_F290LP/55296_G395H_F290LP_spectra_lime.fits,,
55296,G395M,out_of_range,,3.23164,,,,,,,,,,15.0,5.0,20.0,False,/ceph/cephfs/apatrick/P2/jwst_spectra_pm/G395M_F290LP/55296_G395M_F290LP_spectra_lime.fits,,
55366,G235H,fitted,,3.75428,3.75428,blend_3726_3729,3.754632328941395,0.5662070481854189,10.978197494005938,1.5862604617615606e-36,0.6000656505853578,2111.8815138505893,False,15.0,5.0,20.0,False,/ceph/cephfs/apatrick/P2/jwst_spectra_pm/G235H_F170LP/55366_G235H_F170LP_spectra_lime.fits,/ceph/cephfs/apatrick/P2/lime_fits/55366/OII_fits/55366_G235H_F170LP_OII_contsub.png,/ceph/cephfs/apatrick/P2/lime_fits/55366/OII_fits/55366_G235H_F170LP_OII_fit.png
55366,G395H,out_of_range,,3.75428,,,,,,,,,,15.0,5.0,20.0,False,/ceph/cephfs/apatrick/P2/jwst_spectra_pm/G395H_F290LP/55366_G395H_F290LP_spectra_lime.fits,,
55579,G235M,out_of_range,,3.15518,,,,,,,,,,15.0,5.0,20.0,False,/ceph/cephfs/apatrick/P2/jwst_spectra_pm/G235M_F170LP/55579_G235M_F170LP_spectra_lime.fits,,
55585,G235H,out_of_range,,2.9874,,,,,,,,,,15.0,5.0,20.0,False,/ceph/cephfs/apatrick/P2/jwst_spectra_pm/G235H_F170LP/55585_G235H_F170LP_spectra_lime.fits,,
55585,G235M,out_of_range,,2.98692,,,,,,,,,,15.0,5.0,20.0,False,/ceph/cephfs/apatrick/P2/jwst_spectra_pm/G235M_F170LP/55585_G235M_F170LP_spectra_lime.fits,,
55585,G395M,out_of_range,,2.98745,,,,,,,,,,15.0,5.0,20.0,False,/ceph/cephfs/apatrick/P2/jwst_spectra_pm/G395M_F290LP/55585_G395M_F290LP_spectra_lime.fits,,
55850,G235H,fitted,,3.5179,3.5179,blend_3726_3729,3.5174552326486763,0.0001241524817367378,18.31221217966095,215.92247988034248,3.230814109276067,0.46307323781781495,True,15.0,5.0,20.0,False,/ceph/cephfs/apatrick/P2/jwst_spectra_pm/G235H_F170LP/55850_G235H_F170LP_spectra_lime.fits,/ceph/cephfs/apatrick/P2/lime_fits/55850/OII_fits/55850_G235H_F170LP_OII_contsub.png,/ceph/cephfs/apatrick/P2/lime_fits/55850/OII_fits/55850_G235H_F170LP_OII_fit.png
55850,G235M,fitted,,3.51824,3.51824,blend_3726_3729,3.5162137033600995,0.00035574739792444156,18.816790154265075,88.45523085606867,1.7173211226155503,1.3268933258334266,True,15.0,5.0,20.0,False,/ceph/cephfs/apatrick/P2/jwst_spectra_pm/G235M_F170LP/55850_G235M_F170LP_spectra_lime.fits,/ceph/cephfs/apatrick/P2/lime_fits/55850/OII_fits/55850_G235M_F170LP_OII_contsub.png,/ceph/cephfs/apatrick/P2/lime_fits/55850/OII_fits/55850_G235M_F170LP_OII_fit.png
55850,G395M,out_of_range,,3.51824,,,,,,,,,,15.0,5.0,20.0,False,/ceph/cephfs/apatrick/P2/jwst_spectra_pm/G395M_F290LP/55850_G395M_F290LP_spectra_lime.fits,,
55964,G235H,out_of_range,,3.16005,,,,,,,,,,15.0,5.0,20.0,False,/ceph/cephfs/apatrick/P2/jwst_spectra_pm/G235H_F170LP/55964_G235H_F170LP_spectra_lime.fits,,
56037,G235H,out_of_range,OII not covered (edge or detector gap),4.50943,,,,,,,,,,15.0,5.0,20.0,False,/ceph/cephfs/apatrick/P2/jwst_spectra_pm/G235H_F170LP/56037_G235H_F170LP_spectra_lime.fits,,
56037,G235M,fitted,,4.51552,4.51552,blend_3726_3729,4.514849830287862,0.000966683532209091,10.891650412024097,68.80168355104492,2.1823812853666187,3.605608739698383,False,15.0,5.0,20.0,False,/ceph/cephfs/apatrick/P2/jwst_spectra_pm/G235M_F170LP/56037_G235M_F170LP_spectra_lime.fits,/ceph/cephfs/apatrick/P2/lime_fits/56037/OII_fits/56037_G235M_F170LP_OII_contsub.png,/ceph/cephfs/apatrick/P2/lime_fits/56037/OII_fits/56037_G235M_F170LP_OII_fit.png
56239,G235H,out_of_range,,3.4833,,,,,,,,,,15.0,5.0,20.0,False,/ceph/cephfs/apatrick/P2/jwst_spectra_pm/G235H_F170LP/56239_G235H_F170LP_spectra_lime.fits,,
56239,G395H,out_of_range,,3.48295,,,,,,,,,,15.0,5.0,20.0,False,/ceph/cephfs/apatrick/P2/jwst_spectra_pm/G395H_F290LP/56239_G395H_F290LP_spectra_lime.fits,,
56292,G235H,out_of_range,,3.45835,,,,,,,,,,15.0,5.0,20.0,False,/ceph/cephfs/apatrick/P2/jwst_spectra_pm/G235H_F170LP/56292_G235H_F170LP_spectra_lime.fits,,
56304,G235M,fitted,,3.93738,3.93738,blend_3726_3729,3.935902689623381,0.027452962315053623,11.374606333265227,47.36865865439627,4.357043920148998,102.39611781486063,False,15.0,5.0,20.0,False,/ceph/cephfs/apatrick/P2/jwst_spectra_pm/G235M_F170LP/56304_G235M_F170LP_spectra_lime.fits,/ceph/cephfs/apatrick/P2/lime_fits/56304/OII_fits/56304_G235M_F170LP_OII_contsub.png,/ceph/cephfs/apatrick/P2/lime_fits/56304/OII_fits/56304_G235M_F170LP_OII_fit.png
56943,G235H,out_of_range,,3.4562,,,,,,,,,,15.0,5.0,20.0,False,/ceph/cephfs/apatrick/P2/jwst_spectra_pm/G235H_F170LP/56943_G235H_F170LP_spectra_lime.fits,,
56943,G395H,out_of_range,,3.4562,,,,,,,,,,15.0,5.0,20.0,False,/ceph/cephfs/apatrick/P2/jwst_spectra_pm/G395H_F290LP/56943_G395H_F290LP_spectra_lime.fits,,
57124,G235H,fitted,,4.38695,4.38695,blend_3726_3729,4.387485487159595,0.0002600127519516817,2.703375202621396,55.89176301152014,1.909860609514423,0.9698150631857787,False,15.0,5.0,20.0,False,/ceph/cephfs/apatrick/P2/jwst_spectra_pm/G235H_F170LP/57124_G235H_F170LP_spectra_lime.fits,/ceph/cephfs/apatrick/P2/lime_fits/57124/OII_fits/57124_G235H_F170LP_OII_contsub.png,/ceph/cephfs/apatrick/P2/lime_fits/57124/OII_fits/57124_G235H_F170LP_OII_fit.png
57124,G395H,out_of_range,,4.38767,,,,,,,,,,15.0,5.0,20.0,False,/ceph/cephfs/apatrick/P2/jwst_spectra_pm/G395H_F290LP/57124_G395H_F290LP_spectra_lime.fits,,
57799,G235H,fitted,,3.756,3.756,blend_3726_3729,3.755893784186785,0.0019753928875705577,2.3462544445164073,38.24069711633548,5.278398877749503,7.367968546527234,False,15.0,5.0,20.0,False,/ceph/cephfs/apatrick/P2/jwst_spectra_pm/G235H_F170LP/57799_G235H_F170LP_spectra_lime.fits,/ceph/cephfs/apatrick/P2/lime_fits/57799/OII_fits/57799_G235H_F170LP_OII_contsub.png,/ceph/cephfs/apatrick/P2/lime_fits/57799/OII_fits/57799_G235H_F170LP_OII_fit.png
57806,G235M,fitted,,3.5651,3.5651,blend_3726_3729,3.5661585008946446,0.001083287605676003,3.098165167432276,6.885228856931007,1.5518212757815804,4.040527358220781,False,15.0,5.0,20.0,False,/ceph/cephfs/apatrick/P2/jwst_spectra_pm/G235M_F170LP/57806_G235M_F170LP_spectra_lime.fits,/ceph/cephfs/apatrick/P2/lime_fits/57806/OII_fits/57806_G235M_F170LP_OII_contsub.png,/ceph/cephfs/apatrick/P2/lime_fits/57806/OII_fits/57806_G235M_F170LP_OII_fit.png
57866,G235M,fitted,,3.41815,3.41815,blend_3726_3729,3.419074945286839,0.0046732529077785166,5.747941184384256,20.524780133657764,2.816199683288531,17.430649189400395,False,15.0,5.0,20.0,False,/ceph/cephfs/apatrick/P2/jwst_spectra_pm/G235M_F170LP/57866_G235M_F170LP_spectra_lime.fits,/ceph/cephfs/apatrick/P2/lime_fits/57866/OII_fits/57866_G235M_F170LP_OII_contsub.png,/ceph/cephfs/apatrick/P2/lime_fits/57866/OII_fits/57866_G235M_F170LP_OII_fit.png
57869,G235H,fitted,,3.756,3.756,blend_3726_3729,3.755893784186785,0.0019753928875705577,2.2685746637872946,38.24069711633548,5.278398877749503,7.367968546527234,False,15.0,5.0,20.0,False,/ceph/cephfs/apatrick/P2/jwst_spectra_pm/G235H_F170LP/57869_G235H_F170LP_spectra_lime.fits,/ceph/cephfs/apatrick/P2/lime_fits/57869/OII_fits/57869_G235H_F170LP_OII_contsub.png,/ceph/cephfs/apatrick/P2/lime_fits/57869/OII_fits/57869_G235H_F170LP_OII_fit.png
58049,G235M,fitted,,3.41815,3.41815,blend_3726_3729,3.419074945286839,0.0046732529077785166,6.872547747811635,20.524780133657764,2.816199683288531,17.430649189400395,False,15.0,5.0,20.0,False,/ceph/cephfs/apatrick/P2/jwst_spectra_pm/G235M_F170LP/58049_G235M_F170LP_spectra_lime.fits,/ceph/cephfs/apatrick/P2/lime_fits/58049/OII_fits/58049_G235M_F170LP_OII_contsub.png,/ceph/cephfs/apatrick/P2/lime_fits/58049/OII_fits/58049_G235M_F170LP_OII_fit.png
58144,G235H,out_of_range,,3.16985,,,,,,,,,,15.0,5.0,20.0,False,/ceph/cephfs/apatrick/P2/jwst_spectra_pm/G235H_F170LP/58144_G235H_F170LP_spectra_lime.fits,,
58164,G235H,fitted,,3.74882,3.74882,blend_3726_3729,3.747111263108857,0.0005046583385464554,3.7340923426023416,70.08812623940153,0.7133643317593179,1.8823125204859603,False,15.0,5.0,20.0,False,/ceph/cephfs/apatrick/P2/jwst_spectra_pm/G235H_F170LP/58164_G235H_F170LP_spectra_lime.fits,/ceph/cephfs/apatrick/P2/lime_fits/58164/OII_fits/58164_G235H_F170LP_OII_contsub.png,/ceph/cephfs/apatrick/P2/lime_fits/58164/OII_fits/58164_G235H_F170LP_OII_fit.png
58169,G235H,out_of_range,,3.16985,,,,,,,,,,15.0,5.0,20.0,False,/ceph/cephfs/apatrick/P2/jwst_spectra_pm/G235H_F170LP/58169_G235H_F170LP_spectra_lime.fits,,
58178,G235H,out_of_range,,3.16985,,,,,,,,,,15.0,5.0,20.0,False,/ceph/cephfs/apatrick/P2/jwst_spectra_pm/G235H_F170LP/58178_G235H_F170LP_spectra_lime.fits,,
58451,G235H,out_of_range,,2.9606,,,,,,,,,,15.0,5.0,20.0,False,/ceph/cephfs/apatrick/P2/jwst_spectra_pm/G235H_F170LP/58451_G235H_F170LP_spectra_lime.fits,,
58451,G235M,out_of_range,,2.96122,,,,,,,,,,15.0,5.0,20.0,False,/ceph/cephfs/apatrick/P2/jwst_spectra_pm/G235M_F170LP/58451_G235M_F170LP_spectra_lime.fits,,
58451,G395M,out_of_range,,2.96069,,,,,,,,,,15.0,5.0,20.0,False,/ceph/cephfs/apatrick/P2/jwst_spectra_pm/G395M_F290LP/58451_G395M_F290LP_spectra_lime.fits,,
59307,G235M,fitted,,3.4621,3.4621,blend_3726_3729,3.4611849184542773,0.002068339060123655,8.559177006786065,36.0468588670837,1.4042462735025194,7.714646151878718,False,15.0,5.0,20.0,False,/ceph/cephfs/apatrick/P2/jwst_spectra_pm/G235M_F170LP/59307_G235M_F170LP_spectra_lime.fits,/ceph/cephfs/apatrick/P2/lime_fits/59307/OII_fits/59307_G235M_F170LP_OII_contsub.png,/ceph/cephfs/apatrick/P2/lime_fits/59307/OII_fits/59307_G235M_F170LP_OII_fit.png
59323,G235H,fitted,,3.7141,3.7141,blend_3726_3729,3.71441564183377,0.00017844751792032586,8.049900367919339,96.5522800913286,3.011164164177211,0.6655869359030754,True,15.0,5.0,20.0,False,/ceph/cephfs/apatrick/P2/jwst_spectra_pm/G235H_F170LP/59323_G235H_F170LP_spectra_lime.fits,/ceph/cephfs/apatrick/P2/lime_fits/59323/OII_fits/59323_G235H_F170LP_OII_contsub.png,/ceph/cephfs/apatrick/P2/lime_fits/59323/OII_fits/59323_G235H_F170LP_OII_fit.png
59323,G235M,fitted,,3.71447,3.71447,blend_3726_3729,3.7164866613171332,0.0018083096399558003,4.220037723939023,12.323290606485017,2.8575742248798024,6.7447689183301405,False,15.0,5.0,20.0,False,/ceph/cephfs/apatrick/P2/jwst_spectra_pm/G235M_F170LP/59323_G235M_F170LP_spectra_lime.fits,/ceph/cephfs/apatrick/P2/lime_fits/59323/OII_fits/59323_G235M_F170LP_OII_contsub.png,/ceph/cephfs/apatrick/P2/lime_fits/59323/OII_fits/59323_G235M_F170LP_OII_fit.png
59323,G395M,out_of_range,,3.71384,,,,,,,,,,15.0,5.0,20.0,False,/ceph/cephfs/apatrick/P2/jwst_spectra_pm/G395M_F290LP/59323_G395M_F290LP_spectra_lime.fits,,
59428,G235H,out_of_range,,3.1588,,,,,,,,,,15.0,5.0,20.0,False,/ceph/cephfs/apatrick/P2/jwst_spectra_pm/G235H_F170LP/59428_G235H_F170LP_spectra_lime.fits,,
59428,G235M,out_of_range,,3.15912,,,,,,,,,,15.0,5.0,20.0,False,/ceph/cephfs/apatrick/P2/jwst_spectra_pm/G235M_F170LP/59428_G235M_F170LP_spectra_lime.fits,,
59617,G235H,out_of_range,,2.93836,,,,,,,,,,15.0,5.0,20.0,False,/ceph/cephfs/apatrick/P2/jwst_spectra_pm/G235H_F170LP/59617_G235H_F170LP_spectra_lime.fits,,
59658,G235H,out_of_range,,3.06459,,,,,,,,,,15.0,5.0,20.0,False,/ceph/cephfs/apatrick/P2/jwst_spectra_pm/G235H_F170LP/59658_G235H_F170LP_spectra_lime.fits,,
59853,G235H,fitted,,3.71767,3.71767,blend_3726_3729,3.7179319448244126,0.00028057095371357204,5.4021951212171375,66.31956831174257,2.7338729847650507,1.0464945859824095,True,15.0,5.0,20.0,False,/ceph/cephfs/apatrick/P2/jwst_spectra_pm/G235H_F170LP/59853_G235H_F170LP_spectra_lime.fits,/ceph/cephfs/apatrick/P2/lime_fits/59853/OII_fits/59853_G235H_F170LP_OII_contsub.png,/ceph/cephfs/apatrick/P2/lime_fits/59853/OII_fits/59853_G235H_F170LP_OII_fit.png
59853,G395H,out_of_range,,3.71767,,,,,,,,,,15.0,5.0,20.0,False,/ceph/cephfs/apatrick/P2/jwst_spectra_pm/G395H_F290LP/59853_G395H_F290LP_spectra_lime.fits,,
60429,G235H,out_of_range,,2.92911,,,,,,,,,,15.0,5.0,20.0,False,/ceph/cephfs/apatrick/P2/jwst_spectra_pm/G235H_F170LP/60429_G235H_F170LP_spectra_lime.fits,,
60480,G235H,out_of_range,,2.9907,,,,,,,,,,15.0,5.0,20.0,False,/ceph/cephfs/apatrick/P2/jwst_spectra_pm/G235H_F170LP/60480_G235H_F170LP_spectra_lime.fits,,
60480,G235M,out_of_range,,2.99052,,,,,,,,,,15.0,5.0,20.0,False,/ceph/cephfs/apatrick/P2/jwst_spectra_pm/G235M_F170LP/60480_G235M_F170LP_spectra_lime.fits,,
60480,G395M,out_of_range,,2.99105,,,,,,,,,,15.0,5.0,20.0,False,/ceph/cephfs/apatrick/P2/jwst_spectra_pm/G395M_F290LP/60480_G395M_F290LP_spectra_lime.fits,,
60484,G235H,fitted,,4.52185,4.52185,blend_3726_3729,4.519699292219207,0.00021507926875175327,6.996571082554351,13.960151527294723,1.1733018526046313,0.8022187875354457,True,15.0,5.0,20.0,False,/ceph/cephfs/apatrick/P2/jwst_spectra_pm/G235H_F170LP/60484_G235H_F170LP_spectra_lime.fits,/ceph/cephfs/apatrick/P2/lime_fits/60484/OII_fits/60484_G235H_F170LP_OII_contsub.png,/ceph/cephfs/apatrick/P2/lime_fits/60484/OII_fits/60484_G235H_F170LP_OII_fit.png
60484,G395H,out_of_range,,4.52001,,,,,,,,,,15.0,5.0,20.0,False,/ceph/cephfs/apatrick/P2/jwst_spectra_pm/G395H_F290LP/60484_G395H_F290LP_spectra_lime.fits,,
60600,G235M,fitted,,3.41726,3.41726,blend_3726_3729,3.417189375760807,0.0014140986468090097,3.426856979004107,15.37000208662936,2.394752172816629,5.274411190266755,False,15.0,5.0,20.0,False,/ceph/cephfs/apatrick/P2/jwst_spectra_pm/G235M_F170LP/60600_G235M_F170LP_spectra_lime.fits,/ceph/cephfs/apatrick/P2/lime_fits/60600/OII_fits/60600_G235M_F170LP_OII_contsub.png,/ceph/cephfs/apatrick/P2/lime_fits/60600/OII_fits/60600_G235M_F170LP_OII_fit.png
60600,G395M,out_of_range,,3.41609,,,,,,,,,,15.0,5.0,20.0,False,/ceph/cephfs/apatrick/P2/jwst_spectra_pm/G395M_F290LP/60600_G395M_F290LP_spectra_lime.fits,,
61302,G235H,fitted,,4.93231,4.93231,blend_3726_3729,4.932065035128583,0.0016658660060669868,0.6591272677708435,13.736839125880042,5.924066940325233,6.2134719693791025,False,15.0,5.0,20.0,False,/ceph/cephfs/apatrick/P2/jwst_spectra_pm/G235H_F170LP/61302_G235H_F170LP_spectra_lime.fits,/ceph/cephfs/apatrick/P2/lime_fits/61302/OII_fits/61302_G235H_F170LP_OII_contsub.png,/ceph/cephfs/apatrick/P2/lime_fits/61302/OII_fits/61302_G235H_F170LP_OII_fit.png
61302,G395H,out_of_range,,4.92994,,,,,,,,,,15.0,5.0,20.0,False,/ceph/cephfs/apatrick/P2/jwst_spectra_pm/G395H_F290LP/61302_G395H_F290LP_spectra_lime.fits,,
61434,G235H,out_of_range,,2.91304,,,,,,,,,,15.0,5.0,20.0,False,/ceph/cephfs/apatrick/P2/jwst_spectra_pm/G235H_F170LP/61434_G235H_F170LP_spectra_lime.fits,,
61434,G395H,out_of_range,,2.90757,,,,,,,,,,15.0,5.0,20.0,False,/ceph/cephfs/apatrick/P2/jwst_spectra_pm/G395H_F290LP/61434_G395H_F290LP_spectra_lime.fits,,
61549,G235M,out_of_range,,2.91542,,,,,,,,,,15.0,5.0,20.0,False,/ceph/cephfs/apatrick/P2/jwst_spectra_pm/G235M_F170LP/61549_G235M_F170LP_spectra_lime.fits,,
63316,G235M,fitted,,3.72137,3.72137,blend_3726_3729,3.7234112096234515,0.006659904184001464,7.649201861858153,38.411972626322466,2.5570750541265763,24.84061011830246,False,15.0,5.0,20.0,False,/ceph/cephfs/apatrick/P2/jwst_spectra_pm/G235M_F170LP/63316_G235M_F170LP_spectra_lime.fits,/ceph/cephfs/apatrick/P2/lime_fits/63316/OII_fits/63316_G235M_F170LP_OII_contsub.png,/ceph/cephfs/apatrick/P2/lime_fits/63316/OII_fits/63316_G235M_F170LP_OII_fit.png
64186,G235M,fitted,,3.7526,3.7526,blend_3726_3729,3.752944772907755,0.003102385762637319,1.663450462494336,6.547932599949457,2.1091050569264143,11.57151109641687,False,15.0,5.0,20.0,False,/ceph/cephfs/apatrick/P2/jwst_spectra_pm/G235M_F170LP/64186_G235M_F170LP_spectra_lime.fits,/ceph/cephfs/apatrick/P2/lime_fits/64186/OII_fits/64186_G235M_F170LP_OII_contsub.png,/ceph/cephfs/apatrick/P2/lime_fits/64186/OII_fits/64186_G235M_F170LP_OII_fit.png
64265,G235M,fitted,,3.75763,3.75763,blend_3726_3729,3.7576024351541815,0.0006117538905948277,23.078318105500255,111.92585609369054,2.6755647338152646,2.281765542682383,True,15.0,5.0,20.0,False,/ceph/cephfs/apatrick/P2/jwst_spectra_pm/G235M_F170LP/64265_G235M_F170LP_spectra_lime.fits,/ceph/cephfs/apatrick/P2/lime_fits/64265/OII_fits/64265_G235M_F170LP_OII_contsub.png,/ceph/cephfs/apatrick/P2/lime_fits/64265/OII_fits/64265_G235M_F170LP_OII_fit.png
65593,G235M,out_of_range,,2.91397,,,,,,,,,,15.0,5.0,20.0,False,/ceph/cephfs/apatrick/P2/jwst_spectra_pm/G235M_F170LP/65593_G235M_F170LP_spectra_lime.fits,,
65593,G395M,out_of_range,,2.91397,,,,,,,,,,15.0,5.0,20.0,False,/ceph/cephfs/apatrick/P2/jwst_spectra_pm/G395M_F290LP/65593_G395M_F290LP_spectra_lime.fits,,
65863,G235M,fitted,,3.83954,3.83954,blend_3726_3729,3.838792058804498,0.0023855816625928954,11.071517344373284,69.44142071171224,2.487734215823941,8.897921403763675,False,15.0,5.0,20.0,False,/ceph/cephfs/apatrick/P2/jwst_spectra_pm/G235M_F170LP/65863_G235M_F170LP_spectra_lime.fits,/ceph/cephfs/apatrick/P2/lime_fits/65863/OII_fits/65863_G235M_F170LP_OII_contsub.png,/ceph/cephfs/apatrick/P2/lime_fits/65863/OII_fits/65863_G235M_F170LP_OII_fit.png
66897,G235M,fitted,,3.41637,3.41637,blend_3726_3729,3.4111503422847234,0.13667881250061423,1.1829305616413264,8.047518293360858,4.992039224637339,509.7948857757285,False,15.0,5.0,20.0,False,/ceph/cephfs/apatrick/P2/jwst_spectra_pm/G235M_F170LP/66897_G235M_F170LP_spectra_lime.fits,/ceph/cephfs/apatrick/P2/lime_fits/66897/OII_fits/66897_G235M_F170LP_OII_contsub.png,/ceph/cephfs/apatrick/P2/lime_fits/66897/OII_fits/66897_G235M_F170LP_OII_fit.png
67249,G235M,fitted,,3.53447,3.53447,blend_3726_3729,3.5361302197209232,0.0011895846119859652,7.043230771741831,36.88191926589965,0.8628036395643289,4.437001904631152,False,15.0,5.0,20.0,False,/ceph/cephfs/apatrick/P2/jwst_spectra_pm/G235M_F170LP/67249_G235M_F170LP_spectra_lime.fits,/ceph/cephfs/apatrick/P2/lime_fits/67249/OII_fits/67249_G235M_F170LP_OII_contsub.png,/ceph/cephfs/apatrick/P2/lime_fits/67249/OII_fits/67249_G235M_F170LP_OII_fit.png
67456,G235H,out_of_range,,3.53396,,,,,,,,,,15.0,5.0,20.0,False,/ceph/cephfs/apatrick/P2/jwst_spectra_pm/G235H_F170LP/67456_G235H_F170LP_spectra_lime.fits,,
67456,G235M,fitted,,3.53468,3.53468,blend_3726_3729,3.5349614875993733,0.00537176699798791,1.1134543662222445,13.842914205203712,2.3615107795021753,20.036019431620158,False,15.0,5.0,20.0,False,/ceph/cephfs/apatrick/P2/jwst_spectra_pm/G235M_F170LP/67456_G235M_F170LP_spectra_lime.fits,/ceph/cephfs/apatrick/P2/lime_fits/67456/OII_fits/67456_G235M_F170LP_OII_contsub.png,/ceph/cephfs/apatrick/P2/lime_fits/67456/OII_fits/67456_G235M_F170LP_OII_fit.png
67456,G395H,out_of_range,,3.53396,,,,,,,,,,15.0,5.0,20.0,False,/ceph/cephfs/apatrick/P2/jwst_spectra_pm/G395H_F290LP/67456_G395H_F290LP_spectra_lime.fits,,
