ID,gratings_fitted,n_success,z_Hbeta,z_Hbeta_err,z_Hbeta_snr,z_Hbeta_grating,Hbeta_flux_best,Hbeta_flux_best_err,Hbeta_flux_best_snr,Hbeta_flux_best_grating
17781,,0,,,,,,,,
18264,G235M,1,5.519886866546236,0.00013252925322856628,17.062009399258653,G235M,1.5324111717253585e-18,1.5363661119497557e-19,9.974257827000764,G235M
19054,G235H,0,,,,,2.3752231636372207e-18,6.905716136756824e-19,3.4395030386417127,G235H
19338,"G235M,G395M",0,,,,,1.3713616655561747e-18,6.054265245848241e-19,2.2651165911447246,G235M
19467,"G235H,G235M",2,3.268177566732307,7.390814596558868e-05,37.68980931476975,G235M,3.5412242472954175e-18,2.202978122629633e-19,16.074713638410344,G235M
19729,G395H,0,,,,,7.583047631258321e-19,9.760030621066999e-19,0.7769491639596227,G395H
19756,G395H,0,,,,,1.3348399289467747e-18,1.7074684243216391e-18,0.7817655131614477,G395H
19796,"G235M,G395M",2,5.503966022846915,0.00016781128156426333,25.658031150305955,G395M,1.8575041833692463e-18,1.1520937606572864e-19,16.122856027876697,G235M
19865,"G235H,G235M",0,,,,,3.9463676403379653e-19,2.5604357302002273e-19,1.5412875214131454,G235H
19897,"G235H,G235M",0,,,,,1.9609053932821277e-19,8.607463623646528e-19,0.22781454317101088,G235H
20179,G235H,0,,,,,-1.2828218301993133e-19,3.052034922735705e-17,-0.004203168910824422,G235H
21170,,0,,,,,,,,
21375,G235H,1,3.3744111876902005,2.6315740672782023e-05,59.66210018503382,G235H,2.955548215981899e-18,1.2252246926119442e-19,24.122499601940252,G235H
21526,G235M,1,3.246563537473344,2.3629812882737556e-05,147.82699842035774,G235M,1.0269474560172495e-17,2.2769034638944534e-19,45.1028105627606,G235M
22404,"G235H,G235M",2,3.083792824168869,0.0001032484947606718,32.6712320211184,G235M,2.4124607526747103e-18,1.3593947698724248e-19,17.74657962602808,G235H
22997,G235M,1,2.9386811488486146,0.0002010146373076729,15.177070411451032,G235M,4.693665045310823e-18,6.225952239912959e-19,7.538870946071444,G235M
23070,G235M,1,2.9386811488486146,0.0002010146373076729,15.215844611133756,G235M,4.705656365162208e-18,6.504853429229694e-19,7.234069785519291,G235M
26917,G235M,1,3.1829295712472776,4.640926722593299e-05,60.25885388925454,G235M,3.2822296288409334e-18,1.3586557352164409e-19,24.15791980091305,G235M
30759,"G235H,G235M",2,3.004152469204647,6.526534934879649e-05,82.73340176308315,G235M,5.048542967320472e-18,2.3012996412672e-19,21.937790615308643,G235H
31364,G235H,1,3.298942187592128,7.826020666198661e-05,14.740877568189799,G235H,2.493324171425922e-18,2.4370917506716463e-19,10.230735756004172,G235H
32907,G235M,1,3.4862450280753174,0.00041177284398178065,10.000628821914521,G235M,2.3950322353532835e-18,8.064892321507519e-19,2.969701441600395,G235M
34630,G235H,1,3.4886049263985424,2.9581779148645627e-05,39.65497561592474,G235H,5.779536217786848e-18,2.9432528662648913e-19,19.636560229095494,G235H
34726,G235H,1,3.4886049263985424,2.9581779148645627e-05,39.58984325057196,G235H,5.770043465398031e-18,2.824316035962348e-19,20.429878922639638,G235H
38636,"G235H,G235M",2,3.488610155836933,9.026284388518964e-05,25.381468874425213,G235M,1.8937361982396045e-18,1.2778294763225716e-19,14.819944549170465,G235H
39369,G235H,0,,,,,3.3106762052853017e-18,1.2240499106685996e-18,2.7046905329840243,G235H
40310,G235H,1,2.906308888860998,0.0001327011914116581,14.173043186709876,G235H,5.663253959000898e-18,7.376941986976902e-19,7.676966917997575,G235H
41599,G235H,0,,,,,1.8299927604254805e-18,1.7160415211220149e-18,1.0664035443786697,G235H
44399,G235H,0,,,,,1.3246001616767134e-18,5.762875867383992e-19,2.2985054548433372,G235H
48238,G235H,0,,,,,7.501205870496327e-19,1.248450506414603e-17,0.06008412693939203,G235H
49482,G235H,1,3.1837249821390214,8.271726990539456e-05,14.017056039751076,G235H,6.296865028879444e-18,7.103831360495674e-19,8.864040697666669,G235H
49622,,0,,,,,,,,
50070,G235M,0,,,,,1.421678601076961e-18,5.029592149123661e-19,2.826628002679441,G235M
50172,G235M,0,,,,,1.43933573727106e-18,5.166254290257918e-19,2.7860334710686554,G235M
50803,"G235H,G235M",0,,,,,6.473479369021129e-17,2.67132088526247e-15,0.024233252563310374,G235M
50880,G235M,1,3.524668152574079,0.0001714184205443743,8.430289500241361,G235M,1.0619847938298483e-18,1.7990894699841206e-19,5.902901504054836,G235M
50914,"G235H,G235M",0,,,,,-9.477347013528083e-17,2.9936587799188286e-15,-0.03165807364921214,G235M
51717,G235M,1,5.130730604048292,0.00021878139898066595,10.386799028717743,G235M,8.240704879844479e-19,1.4151427449315678e-19,5.823232256504961,G235M
51887,G235H,1,2.9161303313933895,4.9248144724371166e-05,26.46237718411675,G235H,9.891089173985538e-18,8.659646673143626e-19,11.422047050327139,G235H
51988,G235H,1,2.9161303313933895,4.9248144724371166e-05,26.453935956567086,G235H,9.887934017748034e-18,9.014304315176661e-19,10.969159318374146,G235H
52330,G235M,1,5.253183288478134,0.0004749051622273307,9.26751194725239,G235M,2.5515665926443217e-18,4.826705548639195e-19,5.286352289220732,G235M
52345,"G235M,G395H",2,5.253183288478134,0.0004749051622273307,9.253848999319517,G235M,2.5478048579197294e-18,4.854657381999112e-19,5.248166157650784,G235M
52789,G235M,1,3.2082789184371228,0.000221894697560491,19.264561634616538,G235M,1.5757489592548737e-18,2.1887876187067795e-19,7.199186187766757,G235M
52848,G235M,1,3.3301353734830723,0.0002758863169593593,6.222051064081242,G235M,1.6718565760774058e-18,3.645855546598332e-19,4.585635812250672,G235M
53122,,0,,,,,,,,
53171,G235M,1,3.1878859969692224,0.00013963042571199201,11.316612518083678,G235M,2.631668524603169e-18,2.7981664212275396e-19,9.404975003054576,G235M
53417,G235H,1,3.753361681825842,0.00010017547842727918,11.819932338017775,G235H,3.810131291268187e-18,6.690874063675703e-19,5.694519512709301,G235H
53569,,0,,,,,,,,
53695,G395H,0,,,,,1.1546306679279755e-18,5.74234585021637e-19,2.0107299317133074,G395H
54019,G235H,1,3.372500243598161,0.00014961337462195687,7.745312354636751,G235H,4.426925032936386e-18,8.157827541052931e-19,5.426597964542166,G235H
54317,G235H,1,3.3854494142707487,6.91874509810354e-05,13.446407410319644,G235H,4.268757135614799e-18,5.979227398304974e-19,7.139312240950949,G235H
54440,G235H,1,3.4597676798085857,0.00012646920266361813,6.459217016221877,G235H,9.204555285189628e-18,1.65007559149066e-18,5.578262797569374,G235H
54890,,0,,,,,,,,
55001,G235H,0,,,,,3.0442113118469644e-18,1.151000895419096e-18,2.644838352396349,G235H
55120,G235M,1,2.9856231591547746,0.00019759704433201832,13.946283244302775,G235M,3.4435178069282794e-18,4.6569884197329495e-19,7.3943018460968055,G235M
55154,G235H,0,,,,,8.233795684134082e-19,7.390934873457478e-19,1.1140398102685911,G235H
55296,"G235H,G235M",2,3.2317744571243097,9.163611302675269e-05,24.37999485048145,G235M,6.4788148645218564e-18,4.382310398794125e-19,14.784016363388188,G235M
55366,G235H,0,,,,,1.0191079284247062e-18,4.1638565058215176e-19,2.447509723257476,G235H
55579,G235M,1,3.153666471025746,0.000343353099366266,12.932618444500909,G235M,1.5182589283344086e-18,3.98490967516365e-19,3.8100209342186853,G235M
55585,"G235H,G235M",2,2.987228148512795,4.152021859443659e-05,44.979028046050296,G235M,5.022144616348507e-18,1.9355103470608706e-19,25.94739224192101,G235H
55850,"G235H,G235M",2,3.5180052786798237,2.5986976867578285e-05,59.72769273873951,G235H,7.036647562035776e-18,2.3292991747415377e-19,30.209290581217726,G235H
55964,G235H,0,,,,,8.578387435508925e-19,4.1749144513050115e-19,2.0547456805557918,G235H
56037,"G235H,G235M",1,4.515315329524163,0.0002340224617732221,11.76670890193954,G235M,2.6915185601295413e-18,3.70936599612994e-19,7.256006991323206,G235M
56239,,0,,,,,,,,
56292,G235H,0,,,,,4.8106350781842334e-18,1.1300784591281119e-18,4.256903615254977,G235H
56304,G235M,1,3.9366623551382824,0.00020200049602641867,16.360730372783166,G235M,2.2116086145064957e-18,2.522758880551188e-19,8.766627011231805,G235M
56943,G235H,1,3.4562240612139394,0.00018361009595664325,5.915415564452551,G235H,3.635372391150103e-18,8.141852984864633e-19,4.465043028789772,G235H
57124,G235H,0,,,,,2.142908959083319e-18,6.844491282352985e-19,3.1308520541305063,G235H
57799,G235H,1,3.7559620461803407,0.00010475716539438042,7.74856659079343,G235H,1.93720407528829e-18,2.7762769326183185e-19,6.977704754623685,G235H
57806,G235M,1,3.564949383073359,0.0002553350279393081,7.54222602532247,G235M,1.4463118834470877e-18,2.3929940868631525e-19,6.04394257130397,G235M
57866,G235M,1,3.4175144705763794,0.000374135492178901,6.830309435297504,G235M,7.489652114121866e-18,2.0303146767706177e-18,3.6889119700571604,G235M
57869,G235H,1,3.7559620461803407,0.00010475716539438042,7.739919624710791,G235H,1.9350422641019386e-18,2.757732976339545e-19,7.016786181635329,G235H
58049,G235M,1,3.4175144705763794,0.000374135492178901,6.828512198843143,G235M,7.487681387035854e-18,1.972972280023708e-18,3.7951275153981783,G235M
58144,G235H,0,,,,,2.901701465494298e-18,2.9526153536709957e-18,0.9827563424022041,G235H
58164,G235H,0,,,,,1.8410953321603943e-14,2.3849953834339273e-12,0.0077194922260586385,G235H
58169,G235H,0,,,,,2.7881055496303544e-18,2.9028066688516947e-18,0.9604861321106465,G235H
58178,G235H,0,,,,,3.011959881912686e-18,2.99056679024293e-18,1.0071535241210976,G235H
58451,"G235H,G235M",2,2.9607237976453367,3.145177609170254e-05,24.838560096955852,G235H,2.5634515183600944e-18,1.5328926901173868e-19,16.722967856046,G235H
59307,G235M,0,,,,,9.840367405956285e-19,4.35872365703498e-19,2.2576258969925593,G235M
59323,"G235H,G235M",2,3.7140136407080986,0.00017646012965930294,14.218647010997481,G235M,1.0042206942014826e-18,1.548039548765399e-19,6.487048053794066,G235M
59428,"G235H,G235M",1,3.158986920406228,0.00011354005507103069,12.536302826959183,G235H,1.1084301669102345e-18,1.817782177488828e-19,6.097706208350405,G235H
59617,G235H,1,2.9382900817196136,6.947588058638557e-05,13.697190360050113,G235H,4.383987690731778e-18,5.472558328222382e-19,8.010856034413072,G235H
59658,G235H,0,,,,,1.8038411097908994e-18,1.0501269986753078e-18,1.717736151976257,G235H
59853,G235H,1,3.7179061689897335,0.00021278111202760992,6.266926751422732,G235H,9.57024133753326e-18,1.5354270986202685e-18,6.232950653360918,G235H
60429,G235H,0,,,,,5.2393350739006385e-18,1.2045354291760316e-18,4.34967286722702,G235H
60480,"G235H,G235M",2,2.9905838951950363,4.656453670998303e-05,18.265571205411565,G235H,1.6099508195690388e-17,1.010683878409619e-18,15.929321264156384,G235H
60484,G235H,1,4.520201540794073,0.00017260231574369437,5.459031942448545,G235H,3.70429580849652e-18,8.196032719518135e-19,4.519620571639574,G235H
60600,,0,,,,,,,,
61302,G395H,0,,,,,3.346841198844717e-18,1.7950450573000663e-18,1.864488685247106,G395H
61434,G235H,1,2.9134545896950876,9.48386753534318e-05,8.692142542132508,G235H,7.284768131956189e-18,1.141439072165408e-18,6.382091089747224,G235H
61549,G235M,1,2.9157367418669082,0.00024803449577279364,11.105897478900328,G235M,1.1512683884463102e-18,2.196405298364659e-19,5.241602673711864,G235M
63316,G235M,0,,,,,8.14066832872182e-19,1.7669288486264534e-19,4.607241731918114,G235M
64186,G235M,0,,,,,3.450400560603756e-20,9.28521421351827e-19,0.037160161104095424,G235M
64265,G235M,1,3.7575416435305726,0.00018056383283644422,17.099331704258848,G235M,8.650635697185858e-18,6.6702551361608e-19,12.968972731326295,G235M
65593,,0,,,,,,,,
65863,G235M,1,3.839750106142672,0.0002703092454431469,24.262892810963923,G235M,2.1975903155514345e-18,3.3752566523196904e-19,6.510883591744382,G235M
66897,G235M,0,,,,,2.442485714418139e-19,6.0331700517454e-19,0.40484284272934196,G235M
67249,G235M,1,3.5344403602241767,0.0001699889919629038,9.248108079972255,G235M,6.440098142087115e-18,7.686852719665751e-19,8.378068862450055,G235M
67456,"G235H,G235M",1,3.5347247018486216,0.00023864269509972136,14.747619656600321,G235M,9.316766762663015e-19,1.7398218115216401e-19,5.355012048339947,G235M
