ID,gratings_fitted,n_success,z_OIII,z_OIII_err,z_OIII_snr,z_OIII_grating
17781,G395H,1,5.108996565308299,0.0002721463465894855,9.646401206945479,G395H
18264,G235M,1,5.522639407671859,4.141573766008505e-05,178.12345613964555,G235M
19054,G235H,1,3.081469983676878,6.18080525241308e-05,16.79697547356867,G235H
19338,G395M,0,,,,
19467,"G235H,G235M",2,3.2693983995423626,3.2783665004317456e-05,163.62800953237812,G235M
19729,G395H,1,5.505467973263573,0.0001033614293948881,22.14458576781579,G395H
19756,G395H,0,,,,
19796,"G235M,G395M",2,5.505161909504364,4.361213909741589e-05,268.2722760071317,G395M
19865,"G235H,G235M",0,,,,
19897,"G235H,G235M",2,3.0944694720375727,0.00016376417950098864,6.748088905788742,G235H
20179,G235H,0,,,,
21170,G395H,0,,,,
21375,,0,,,,
21526,G235M,1,3.247474545706849,1.620651244105105e-05,870.6559327527992,G235M
22404,"G235H,G235M",2,3.0844977301584127,1.3633974153229708e-05,182.36121996130566,G235H
22997,G235M,1,2.939576576899921,6.197663199325983e-05,40.89639064623945,G235M
23070,G235M,1,2.939576576899921,6.197663199325983e-05,40.83204978103633,G235M
26917,"G235H,G235M",2,3.1840096669981355,1.2204080473468823e-05,299.7547534053357,G235H
30759,"G235H,G235M",2,3.005308701658975,2.0476701974924283e-05,378.4725020582145,G235M
31364,G235H,1,3.300136381233048,1.5459863482035344e-05,64.91346985440241,G235H
32907,G235M,1,3.487025109189977,5.955964748202165e-05,76.58313096238702,G235M
34630,G235H,1,3.4899038605108537,1.7160680054144503e-05,189.87840702288054,G235H
34726,G235H,1,3.4899038605108537,1.7160680054144503e-05,190.01902866885334,G235H
38636,"G235H,G235M",2,3.489375068067753,1.603192295904062e-05,119.4097001200296,G235H
39369,G235H,1,2.939637713570391,7.544838579336293e-05,11.472064015345303,G235H
40310,G235H,1,2.9074170391864365,2.8288545609106283e-05,26.687345307523266,G235H
41599,G235H,1,3.1850736741047756,8.257936657458603e-05,7.998973419478881,G235H
44399,G235H,1,3.182110628381313,0.00021747043921685832,7.072560959243428,G235H
48238,,0,,,,
49482,G235H,1,3.184534103262301,1.7869283159029767e-05,87.47996324943156,G235H
49622,,0,,,,
50070,G235M,1,3.5211384862354347,8.788454694461282e-05,27.814526832681516,G235M
50172,G235M,1,3.5211384862354347,8.788454694461282e-05,27.817132824937993,G235M
50803,"G235H,G235M",1,3.0026537232458956,0.00013994461066064087,18.791918103164434,G235M
50880,G235M,1,3.5260620145104076,4.541648078886415e-05,81.02431177154695,G235M
50914,"G235H,G235M",1,3.0026537232458956,0.00013994461066064087,18.77931438027864,G235M
51717,G235M,1,5.132246997395935,7.31062662223083e-05,41.1100469366403,G235M
51887,G235H,1,2.917230580108488,2.028321349012996e-05,202.16766577030205,G235H
51988,G235H,1,2.917230580108488,2.028321349012996e-05,202.84235397739602,G235H
52330,G235M,1,5.254937450160471,0.00010776371417968783,34.92737631482102,G235M
52345,"G235M,G395H",2,5.254937450160471,0.00010776371417968783,34.87654389717051,G235M
52789,G235M,1,3.2065311965537218,0.00018298781077809496,31.194548466614506,G235M
52848,G235M,1,3.3314400118094403,5.210825151430399e-05,41.71756476895323,G235M
53122,,0,,,,
53171,G235M,1,3.1888742802184016,0.00010987585055123077,19.674137482851393,G235M
53417,G235H,1,3.7549055950217873,1.7749713746762765e-05,75.48146374575632,G235H
53569,,0,,,,
53695,G395H,1,5.51818750664582,8.368030595539557e-05,22.674229030294075,G395H
54019,G235H,1,3.3738869505508218,2.3278063283987486e-05,66.66403417230833,G235H
54317,,0,,,,
54440,G235H,1,3.4614592768446997,2.4807529652051003e-05,68.36290691798011,G235H
54890,,0,,,,
55001,,0,,,,
55120,G235M,1,2.9871512569189225,2.8516458238910615e-05,177.59989537171342,G235M
55154,G235H,1,4.39169880860481,6.304774581535536e-05,11.081581206515573,G235H
55296,"G235H,G235M",2,3.231877231232306,6.854291312948147e-05,56.23784535570174,G235M
55366,G235H,1,3.7556522037516533,3.612580176700175e-05,45.50628897542772,G235H
55579,G235M,1,3.1554403895067553,0.00043243337355316596,6.2042654123182945,G235M
55585,"G235H,G235M",2,2.987972346278398,2.5786932058484548e-05,173.7258515251323,G235M
55850,G235M,1,3.5194870316519564,4.659636828694939e-05,332.7471138451046,G235M
55964,,0,,,,
56037,"G235H,G235M",1,4.517349460915389,0.00011618675256605718,30.966272222805813,G235M
56239,G235H,1,3.4844645195453525,3.280614118462962e-05,34.86151908593644,G235H
56292,G235H,1,3.4596133138899434,5.723138302866398e-05,20.175740010028424,G235H
56304,G235M,1,3.9388524039875037,9.624815608366856e-05,29.65986844556831,G235M
56943,G235H,1,3.457342238434993,4.023028786862763e-05,27.092734325680077,G235H
57124,G235H,1,4.388783382999313,5.1043195336651794e-05,22.515323518885445,G235H
57799,G235H,1,3.7572417517511756,2.2526050792214426e-05,53.458541642428706,G235H
57806,,0,,,,
57866,G235M,1,3.4199271161366784,9.138328167487908e-05,46.60287436509998,G235M
57869,G235H,1,3.7572417517511756,2.2526050792214426e-05,53.54967438843662,G235H
58049,G235M,1,3.4199271161366784,9.138328167487908e-05,46.64106412240818,G235M
58144,G235H,1,3.1711724566388355,8.09692165879073e-05,11.047025649299698,G235H
58164,,0,,,,
58169,G235H,1,3.1711724566388355,8.09692165879073e-05,11.076767835595954,G235H
58178,G235H,1,3.1711724566388355,8.09692165879073e-05,10.979056775163427,G235H
58451,"G235H,G235M",2,2.9618323970369014,1.3886405978472249e-05,101.6173890933064,G235H
59307,G235M,1,3.463678352620841,0.00019700430068324482,12.317733093574738,G235M
59323,"G235H,G235M",2,3.7157564496436875,4.5684216910868775e-05,88.7130651779371,G235M
59428,"G235H,G235M",2,3.159994650792215,4.56637818925126e-05,24.45676440326362,G235H
59617,G235H,1,2.939550898232237,1.3706826302689565e-05,78.54813095914339,G235H
59658,G235H,1,3.0655374383819005,8.82300083754863e-05,8.199663353950928,G235H
59853,G235H,1,3.719008802295349,5.9059511974877984e-05,28.178197049542955,G235H
60429,G235H,1,2.9301469668577864,3.283258144395626e-05,27.289469165795882,G235H
60480,"G235H,G235M",2,2.9917623973402123,2.04592211926073e-05,79.79857420371772,G235H
60484,G235H,1,4.522095783049019,2.990263607237424e-05,47.64692786694085,G235H
60600,,0,,,,
61302,G395H,0,,,,
61434,,0,,,,
61549,G235M,1,2.916704276514041,3.649877159964958e-05,91.82127677396528,G235M
63316,G235M,1,3.7230945729717213,0.00012935286383367785,30.98711857146419,G235M
64186,G235M,1,3.7533626508972437,0.00034296286951403547,9.136668022538316,G235M
64265,G235M,1,3.7589347248422733,9.118896323717817e-05,44.10759522887665,G235M
65593,,0,,,,
65863,G235M,1,3.8405904441158354,3.469016602800689e-05,114.17111531456942,G235M
66897,G235M,1,3.4177047179706834,0.0001880358840065904,10.884026605209915,G235M
67249,G235M,1,3.5357107411758992,4.869286454582991e-05,101.50977544689954,G235M
67456,"G235H,G235M",2,3.5359272404107607,7.351469485815551e-05,28.74694061152963,G235M
