ID,z_G235M,z_G235H,z_G395M,z_G395H,z_NII_G235M,z_NII_G235M_err,z_NII_G235M_snr,z_NII_G235H,z_NII_G235H_err,z_NII_G235H_snr,z_NII_G395M,z_NII_G395M_err,z_NII_G395M_snr,z_NII_G395H,z_NII_G395H_err,z_NII_G395H_snr
15479,,,,5.1078,,,,,,,,,,5.101520582442221,0.0021267363742711507,2.2561557468090525
15748,5.5206,,5.5197,,,,,,,,5.520632396032263,0.010396083699518418,7.757663985302452,,,
16853,5.8612,,5.8589,,5.858214261377482,0.0013311982119694433,2.4032181121556824,,,,5.858502766983586,0.0031564888009317903,1.4961757587876694,,,
16871,,3.0803,,3.0812,,,,,,,,,,,,
17058,3.2684,3.2678,3.2684,3.2679,3.2687539846225633,0.0003314896887808266,8.3702817985333,3.2678618041280982,0.00027504965026481674,7.258636461524395,3.2727060256829494,0.0006322972139855865,2.5849375282597085,,,
17074,,,,5.5034,,,,,,,,,,,,
17086,5.5045,,5.5028,,,,,,,,5.5028,,1.0878769145307861e-10,,,
17416,,5.878,,5.8514,,,,,,,,,,,,
17578,3.0937,3.0931,3.0926,,3.093629827086378,0.0005736107791118655,4.479435972638631,3.093156194082704,0.00016880069219426118,8.504673527117067,,,,,,
17806,,2.9569,,,,,,,,,,,,,,
17891,3.0937,3.0925,3.0931,,3.0925999539635836,0.0005245024828580958,9.476872453835988,3.093038977507005,0.00024309697582721064,11.792047740669735,,,,,,
18444,,4.8672,,4.8633,,,,,,,,,,4.864023884069952,1.1813962785433345,4.1046829470646955
18502,,3.3744,,,,,,3.374827379687196,0.0002910155353198248,6.690048098511209,,,,,,
18866,3.2468,,3.2468,,3.2475492695537955,0.00041235760013757697,52.6765001150436,,,,3.246368238852326,0.0015616141873682247,12.775535045488567,,,
19650,3.1763,,3.1769,,3.1762999999999995,,1.9798308952282679e-10,,,,3.17364127028235,0.001483379410899891,1.3318927771813207,,,
19819,3.084,3.0834,3.084,,3.083629216257232,0.0048558660345582975,8.318528551075596,3.083689797241541,0.00013624654417598915,12.166701981112588,,,,,,
19928,,5.3675,,5.3653,,,,,,,,,,,,
23341,3.1832,3.1829,3.1832,,3.182744241388834,0.0002602355122217874,10.138366111631697,3.182997953031519,0.00019793987526033923,11.773328644671704,3.1813252853522505,0.0008339423066912208,1.5341628571537023,,,
23887,3.2598,3.2603,3.2592,,3.259220504556885,0.00021529013858395768,14.750678809166802,,,,3.259967339258707,0.0005080438243853952,2.9792987679854703,,,
26580,3.0045,3.0042,3.0045,,3.0041465578033346,0.0001630536640766245,12.396149502023622,3.0043303698475405,0.00013096552212125265,21.65735304431209,,,,,,
26999,,3.2988,,,,,,,,,,,,,,
27014,5.7331,,5.7322,,,,,,,,5.7322,,1.3603506685643893e-10,,,
28600,3.4865,,3.4859,,3.4864548620692775,0.0007583061652962212,4.264600598340335,,,,3.4859,,8.308574134936056e-11,,,
29701,,3.4886,3.4878,,,,,,,,3.4937755307324574,0.08029871488743896,2.5549476426471855,,,
33361,3.4883,3.4882,3.4877,,3.488370775068044,0.0002712739646650641,15.012059833654918,,,,3.488773390962935,0.0003683241952821978,13.9225315882675,,,
35799,,3.1843,,3.1943,,,,3.1843000000000004,,1.3107314852405508e-10,,,,,,
38195,,3.181,,,,,,3.1821710083556187,0.0016370947765896396,2.8568533043746265,,,,,,
41512,,2.9617,,,,,,2.959570648610885,0.00022017413880214045,13.839237151707144,,,,,,
42751,,3.1834,,3.1837,,,,,,,,,,,,
42812,2.9904,,,,2.9912293014880964,0.0025192307424746754,3.8073418928579765,,,,,,,,,
42990,3.5202,,3.5196,,3.5205994114219914,0.0018138573672475677,1.2648648921503591,,,,3.5196000000000005,,4.387421669984733e-11,,,
43129,3.5202,,3.5196,,3.5205994114219914,0.0018138573672475677,1.2648648921503591,,,,3.5196000000000005,,4.387421669984733e-11,,,
43604,3.0017,3.0,3.0025,,3.000576735859921,0.0818536319861893,5.504071921059482,3.0,,1.9035811086567996e-10,,,,,,
43683,3.5249,,,,3.5166422894343388,,0.0014037016706881158,,,,,,,,,
43713,3.0017,3.0,3.0025,,3.000576735859921,0.0818536319861893,5.504071921059482,3.0,,1.9035811086567996e-10,,,,,,
44361,5.1308,,,,5.1308,,9.206899897760535e-11,,,,,,,,,
44980,5.2528,5.2574,,5.2545,5.252373374360273,0.0003599458120287769,13.639918212049025,,,,,,,5.254015209998449,0.0003334004975102966,11.519532666615115
45004,5.2528,,,,5.252373374360273,0.0003599458120287769,13.639918212049025,,,,,,,,,
45443,3.3301,,,,3.3308863030392226,,1.7948252861464644,,,,,,,,,
45547,,,,4.4805,,,,,,,,,,4.479303281705073,908454.579936508,4.626147632275289
45677,,3.7535,,3.7535,,,,,,,,,,3.7531863171623803,0.0013086035609419565,2.2997710524431243
45963,,5.5194,,5.5168,,,,,,,,,,5.5159897463502805,0.002988971321001102,8.60079797902226
46008,,,,4.4088,,,,,,,,,,4.409509350292926,0.01079457837457855,2.089426426717767
46091,3.188,,,,3.188292419427576,0.00010896192954027951,83.40143285530826,,,,,,,,,
46212,,3.3726,,,,,,,,,,,,,,
46887,,3.3249,,3.3108,,,,3.322778399310912,0.0017752521390964995,2.0180117897113354,,,,,,
46979,,3.4601,,,,,,,,,,,,,,
47137,,4.0384,,4.0387,,,,,,,,,,4.045215172658269,,9.139986919030407e-05
47218,,4.3907,,4.3904,,,,,,,,,,4.388271632267546,0.0002583536133192285,7.747513743928806
47283,,3.7543,,3.7543,,,,,,,,,,3.7529625268594486,0.0014413218799365303,4.3369107701413165
47549,3.2311,3.2319,3.2316,3.2319,,,,3.2319089553831324,3.357054585874736e-05,113.58343287448083,3.2316000000000003,,7.926443229191097e-11,,,
47664,3.5182,3.5179,3.5182,,3.519554400487011,0.002508539786116331,1.5246348925962079,3.5183598068530433,0.0002903362930677532,6.825999166010348,3.5218014870638212,0.0033489655295727045,1.181635900603745,,,
47736,2.9861,,2.9856,,2.985766991143193,0.00035930773307081494,15.830172643693649,,,,,,,,,
47750,2.9869,2.9874,2.9875,,2.9881016424989637,0.00032496094477237915,27.43786676548871,2.9876250528931036,9.04754169596624e-05,43.87960670696964,,,,,,
48086,,3.1601,,,,,,3.1638279806758343,0.0018503413573256829,4.319857502370475,,,,,,
48121,4.5155,4.5094,,,4.516562776830918,0.0002774469368500267,15.919671479501126,,,,,,,,,
48146,3.1552,,,,3.155173891245405,0.0003153393840368714,24.917406854143145,,,,,,,,,
48256,,3.4833,,3.483,,,,3.4831772186569605,0.00015483186187933127,15.384470254706322,,,,3.471677451365893,0.021717429095805305,2.685870249786016
48525,3.9374,,,,3.937005723158336,0.000632506398221306,6.101987316237484,,,,,,,,,
48586,,3.4584,,,,,,,,,,,,,,
48648,3.417,,,,3.413715757348844,0.0015765599184871767,3.6900700102902646,,,,,,,,,
48688,,4.387,,4.3877,,,,,,,,,,4.395160080463708,0.0022755411061131095,3.3323130828972576
48744,,3.4562,,3.4562,,,,,,,,,,3.4535646079645197,0.0012575258083725354,2.676175974394023
49289,,3.756,,,,,,,,,,,,,,
49296,,3.756,,,,,,,,,,,,,,
49482,3.4182,,,,3.414236686207147,0.002476777842376383,5.011639951606793,,,,,,,,,
49540,3.5651,,,,3.5651,,7.128248302224898e-11,,,,,,,,,
49694,3.4182,,,,3.414236686207147,0.002476777842376383,5.011639951606793,,,,,,,,,
49726,,3.1699,,,,,,,,,,,,,,
49902,2.9612,2.9606,2.9607,,2.9615873682108766,0.000687032357660508,4.134492964128568,2.961142372041559,0.0004941931639576761,4.611494534290088,,,,,,
49939,,3.7488,,,,,,,,,,,,,,
50654,3.4621,,,,3.4616043547627218,0.001145776878108559,3.5552558925535984,,,,,,,,,
50751,3.1591,3.1588,,,3.160643077808661,0.0008885766654359039,1.8277208208951259,3.1588815715970098,0.00047267197337198184,6.607920084579153,,,,,,
50966,3.7145,3.7141,3.7138,,3.7135829128582145,0.0004913560298806319,8.682515300505026,,,,3.713896171062137,0.0006902518350677802,6.674060784412295,,,
50970,,3.0646,,,,,,,,,,,,,,
51240,,3.7177,,3.7177,,,,,,,,,,3.7182945212000122,0.00032984948815122057,5.701165878638721
51579,,4.5219,,4.52,,,,,,,,,,4.590952366505613,1.027630540899524,12.74334313341367
52096,,3.5402,,3.5399,,,,,,,,,,3.545559885870964,0.0011522178690050202,3.542965943349008
53792,,3.2975,,,,,,,,,,,,,,
53892,3.6317,3.631,,3.631,3.631513010108086,0.0002393167526890835,16.434953213859632,,,,,,,3.6333193374437354,0.0013936861385598158,2.778193479096232
53947,3.5347,3.534,,3.534,3.4761902228238215,2.3495248597374796,2.8424385284085916,,,,,,,3.534971860142524,3.0486549088352746,5.190479801234779
54193,3.5345,,,,3.534985715650568,0.00036981651695556394,12.344678864803328,,,,,,,,,
54521,3.4164,,,,3.4215035516793746,0.0038018584747812633,1.091637952684474,,,,,,,,,
54619,3.5326,3.5334,3.5326,,3.532270310038201,0.0004495508707750324,34.017432815603016,,,,3.532024716723492,0.0007259547346990503,19.237213286218648,,,
54969,5.8642,,5.8642,,,,,,,,5.873305447058705,,2.6772358390787123,,,
55418,3.8395,,,,3.840190955109753,0.001167697477054591,2.9285826523211766,,,,,,,,,
56591,3.7526,,,,3.752496143884515,0.00041332584702001996,8.407428804330436,,,,,,,,,
57111,3.7576,,,,3.7576,,3.8544209491615805e-10,,,,,,,,,
57248,3.7214,,,,3.7214,,1.0864034097249848e-10,,,,,,,,,
58782,,4.9323,,4.9299,,,,,,,,,,4.933307583280373,0.001494632117705616,2.2106383479855087
59457,2.9905,2.9907,2.9911,,2.9901864428909337,0.00016281706118477773,22.339960747833818,2.9904814545750513,0.00014376624561378894,21.030117937952905,,,,,,
59737,3.4173,,3.4161,,3.4171119635018146,0.001323440496713172,3.9124355858295825,,,,3.4161,,8.21666897821077e-11,,,
70850,3.1881,3.1872,3.1881,,3.187270984328852,0.00338789769739672,6.180178256850458,,,,3.1881000000000004,,1.4149135162572027e-11,,,
71380,3.0398,3.0399,3.0409,3.038,3.037355842714046,0.027476178357473093,1.183487945279329,,,,,,,,,
