ID,z_G235M,z_G235H,z_G395M,z_G395H,z_OIII_G235M,z_OIII_G235M_err,z_OIII_G235M_snr,z_OIII_G235M_method,z_OIII_G235M_cont_side,z_OIII_G235H,z_OIII_G235H_err,z_OIII_G235H_snr,z_OIII_G235H_method,z_OIII_G235H_cont_side,z_OIII_G395M,z_OIII_G395M_err,z_OIII_G395M_snr,z_OIII_G395M_method,z_OIII_G395M_cont_side,z_OIII_G395H,z_OIII_G395H_err,z_OIII_G395H_snr,z_OIII_G395H_method,z_OIII_G395H_cont_side
15479,,,,5.1078,,,,,,,,,,,,,,,,5.1089478261492065,0.00031237885819523984,22.785650228085377,joint_4959_5007,both
15748,5.5206,,5.5197,,5.5226391885291894,5.0499106209842115e-05,417.4944105975211,joint_4959_5007,both,,,,,,,,,,,,,,,
16853,5.8612,,5.8589,,5.862264361055884,0.0020141483227453195,14.246038319356902,joint_4959_5007,both,,,,,,5.8618016455600666,0.0009657008150801161,14.180505272593669,joint_4959_5007,both,,,,,
16871,,3.0803,,3.0812,,,,,,3.0814630796266487,7.350233723419313e-05,44.901380932146516,joint_4959_5007,both,,,,,,,,,,
17058,3.2684,3.2678,3.2684,3.2679,3.269399835085105,4.467867543771631e-05,319.8614938472579,joint_4959_5007,both,3.2689800724473335,1.4644886873410569e-05,518.2024841807757,joint_4959_5007,both,,,,,,,,,,
17074,,,,5.5034,,,,,,,,,,,,,,,,5.50545452128854,0.00015308890637638745,47.593130388649286,joint_4959_5007,both
17086,5.5045,,5.5028,,5.506009588373236,6.898933888849814e-05,441.6771807850967,joint_4959_5007,both,,,,,,5.505161822211587,5.143555743487495e-05,489.9656488212775,joint_4959_5007,both,,,,,
17416,,5.878,,5.8514,,,,,,,,,,,,,,,,5.854014796650496,0.0006458649252930275,6.413123713544041,joint_4959_5007,both
17578,3.0937,3.0931,3.0926,,3.095604424676652,0.0005431418648731845,12.749983065969975,joint_4959_5007,both,3.0945679551877356,0.00013693119682334118,19.53443336180146,joint_4959_5007,both,,,,,,,,,,
17806,,2.9569,,,,,,,,2.955918150968278,16.989509664109207,4.7173514031774415,joint_4959_5007,both,,,,,,,,,,
17891,3.0937,3.0925,3.0931,,3.1038646521482685,0.08774294328348722,6.709778151897976,joint_4959_5007,both,3.0928437799138218,0.0006869453355843355,9.693248341157936,joint_4959_5007,both,,,,,,,,,,
18444,,4.8672,,4.8633,,,,,,,,,,,,,,,,4.865695905931787,0.0005371206943678997,13.927576369789117,joint_4959_5007,both
18502,,3.3744,,,,,,,,,,,joint_4959_5007,both,,,,,,,,,,
18866,3.2468,,3.2468,,3.2474744585663524,1.987392299358979e-05,1737.0587000406879,joint_4959_5007,both,,,,,,,,,,,,,,,
19650,3.1763,,3.1769,,3.177518742814015,4.7085854745298215e-05,104.94613538301421,joint_4959_5007,both,,,,,,,,,,,,,,,
19819,3.084,3.0834,3.084,,3.08552726368736,5.859014630083e-05,289.9767855619982,joint_4959_5007,both,3.084496294212153,1.6356734488597256e-05,638.6279826493767,joint_4959_5007,both,,,,,,,,,,
19928,,5.3675,,5.3653,,,,,,,,,,,,,,,,5.3669151581082915,0.00013099008170324716,87.3598919865706,joint_4959_5007,both
23341,3.1832,3.1829,3.1832,,3.1841189220424315,5.4899017872109145e-05,639.1615732454235,joint_4959_5007,both,3.1840106038551834,1.553441811182018e-05,1028.3351194754057,joint_4959_5007,both,,,,,,,,,,
23887,3.2598,3.2603,3.2592,,3.2613077881794332,0.0004477509637045311,23.250762407137206,joint_4959_5007,both,3.2615721879656974,0.0001709145818282278,27.136539582084538,joint_4959_5007,both,,,,,,,,,,
26580,3.0045,3.0042,3.0045,,3.005305427264979,2.5279978014655793e-05,361.7843833952127,joint_4959_5007,both,3.005279481392564,1.3861268888426537e-05,754.6525526772442,joint_4959_5007,both,,,,,,,,,,
26999,,3.2988,,,,,,,,3.300137844392818,1.673586822229722e-05,288.64708853985803,joint_4959_5007,both,,,,,,,,,,
27014,5.7331,,5.7322,,5.7354258856022815,8.26398169507434e-05,556.8513962795021,joint_4959_5007,both,,,,,,5.734293053574408,8.995040580371694e-05,616.5610539620261,joint_4959_5007,both,,,,,
28600,3.4865,,3.4859,,3.4870075434477172,7.697099468182251e-05,152.10680006251195,joint_4959_5007,both,,,,,,,,,,,,,,,
29701,,3.4886,3.4878,,,,,,,3.4899060755399622,2.15465221486052e-05,627.020488512274,joint_4959_5007,both,,,,,,,,,,
33361,3.4883,3.4882,3.4877,,3.489710254794131,5.7846888717268933e-05,301.5744693999657,joint_4959_5007,both,3.48937394450284,1.7831119190409698e-05,421.7183045450155,joint_4959_5007,both,,,,,,,,,,
35799,,3.1843,,3.1943,,,,,,3.1854478218927573,0.0003280126131134017,16.433468526111554,joint_4959_5007,both,,,,,,,,,,
38195,,3.181,,,,,,,,3.182307796631096,0.00029712155568276696,13.582940737941282,joint_4959_5007,both,,,,,,,,,,
41512,,2.9617,,,,,,,,2.970282869536842,0.004834710754791644,12.002942619950668,joint_4959_5007,both,,,,,,,,,,
42751,,3.1834,,3.1837,,,,,,3.184537811382972,1.833526303364173e-05,320.21268993946256,joint_4959_5007,both,,,,,,,,,,
42812,2.9904,,,,,,,,,,,,,,,,,,,,,,,
42990,3.5202,,3.5196,,3.521121896921187,0.00011983057673791818,56.78423482865562,joint_4959_5007,both,,,,,,,,,,,,,,,
43129,3.5202,,3.5196,,3.521121896921187,0.00011983057673791818,56.78423482865562,joint_4959_5007,both,,,,,,,,,,,,,,,
43604,3.0017,3.0,3.0025,,3.0026473378211547,0.00015652941058921357,48.2076752843826,joint_4959_5007,both,3.0011570401049177,0.00023277427878285175,23.73549863137278,joint_4959_5007,both,,,,,,,,,,
43683,3.5249,,,,3.5260626154476506,5.2879688536816815e-05,138.18765234199736,joint_4959_5007,both,,,,,,,,,,,,,,,
43713,3.0017,3.0,3.0025,,3.0026473378211547,0.00015652941058921357,48.2076752843826,joint_4959_5007,both,3.0011570401049177,0.00023277427878285175,23.73549863137278,joint_4959_5007,both,,,,,,,,,,
44361,5.1308,,,,5.132260396411653,9.481866492858844e-05,51.55502046363567,joint_4959_5007,both,,,,,,,,,,,,,,,
44980,5.2528,5.2574,,5.2545,5.2549175801577235,0.00012440152583654968,52.08147307779337,joint_4959_5007,both,,,,,,,,,,,5.256126889924292,0.0001610150776910356,61.969204528234876,joint_4959_5007,both
45004,5.2528,,,,5.2549175801577235,0.00012440152583654968,52.08147307779337,joint_4959_5007,both,,,,,,,,,,,,,,,
45443,3.3301,,,,3.3314385002049782,5.8227065853986696e-05,89.4842526744704,joint_4959_5007,both,,,,,,,,,,,,,,,
45547,,,,4.4805,,,,,,,,,,,,,,,,,,,,
45677,,3.7535,,3.7535,,,,,,3.754906389376436,2.0365067741070243e-05,306.9002933816503,joint_4959_5007,both,,,,,,,,,,
45963,,5.5194,,5.5168,,,,,,,,,,,,,,,,5.518194894913958,0.00010275546879875966,92.65278554946494,joint_4959_5007,both
46008,,,,4.4088,,,,,,,,,,,,,,,,,,,,
46091,3.188,,,,3.1888448013842874,0.00017849680333167057,40.900548547680934,joint_4959_5007,both,,,,,,,,,,,,,,,
46212,,3.3726,,,,,,,,3.37388307430417,3.873109752127111e-05,232.52935605531215,joint_4959_5007,both,,,,,,,,,,
46887,,3.3249,,3.3108,,,,,,,,,,,,,,,,,,,,
46979,,3.4601,,,,,,,,3.4614588551795977,2.9228237109280542e-05,238.30312786257272,joint_4959_5007,both,,,,,,,,,,
47137,,4.0384,,4.0387,,,,,,,,,,,,,,,,,,,,
47218,,4.3907,,4.3904,,,,,,4.391688730551099,7.29197288527793e-05,42.424740594123236,joint_4959_5007,both,,,,,,,,,,
47283,,3.7543,,3.7543,,,,,,3.7556398181133543,5.426709278322896e-05,110.78593875529799,joint_4959_5007,both,,,,,,,,,,
47549,3.2311,3.2319,3.2316,3.2319,3.231870179898798,7.916418236246229e-05,77.94877812445543,joint_4959_5007,both,,,,,,,,,,,,,,,
47664,3.5182,3.5179,3.5182,,3.5194899864836957,5.6957250207090605e-05,724.9760775798526,joint_4959_5007,both,3.5179,,7.763240184169097e-11,joint_4959_5007,both,,,,,,,,,,
47736,2.9861,,2.9856,,2.9871504317981623,4.0646964489429305e-05,205.58245304347446,joint_4959_5007,both,,,,,,,,,,,,,,,
47750,2.9869,2.9874,2.9875,,2.9879716833935595,3.0176108546966334e-05,405.1751564061296,joint_4959_5007,both,2.9886014841372015,1.210815772871726e-05,786.549843061541,joint_4959_5007,both,,,,,,,,,,
48086,,3.1601,,,,,,,,3.199436984326499,0.031349079404045084,1.3047000006618974,joint_4959_5007,both,,,,,,,,,,
48121,4.5155,4.5094,,,4.517360727949767,0.0001488860668692395,48.767690024241524,joint_4959_5007,both,4.5069056793028235,0.0003175701648889709,7.904342033187531,joint_4959_5007,both,,,,,,,,,,
48146,3.1552,,,,3.155380571338563,0.0004341416801085909,13.401198333331568,joint_4959_5007,both,,,,,,,,,,,,,,,
48256,,3.4833,,3.483,,,,,,3.4844627131972983,3.479354846268039e-05,113.3761854840682,joint_4959_5007,both,,,,,,,,,,
48525,3.9374,,,,3.93883538677916,9.492631038378639e-05,100.48171570890939,joint_4959_5007,both,,,,,,,,,,,,,,,
48586,,3.4584,,,,,,,,3.4596043884078185,6.598362804173489e-05,78.7754987579076,joint_4959_5007,both,,,,,,,,,,
48648,3.417,,,,3.4184674339476553,8.030341673561968e-05,237.91029179923552,joint_4959_5007,both,,,,,,,,,,,,,,,
48688,,4.387,,4.3877,,,,,,4.388786720901873,6.251263479347733e-05,67.69300376426644,joint_4959_5007,both,,,,,,,,,,
48744,,3.4562,,3.4562,,,,,,3.4573448216184914,4.0351298783084896e-05,131.9836035140444,joint_4959_5007,both,,,,,,,,,,
49289,,3.756,,,,,,,,3.7572416830020936,2.545421646777606e-05,243.9711163689406,joint_4959_5007,both,,,,,,,,,,
49296,,3.756,,,,,,,,3.7572416830020936,2.545421646777606e-05,243.9711163689406,joint_4959_5007,both,,,,,,,,,,
49482,3.4182,,,,3.4199192904280213,0.00010919557977981685,113.27028314380505,joint_4959_5007,both,,,,,,,,,,,,,,,
49540,3.5651,,,,,,,,,,,,,,,,,,,,,,,
49694,3.4182,,,,3.4199192904280213,0.00010919557977981685,113.27028314380505,joint_4959_5007,both,,,,,,,,,,,,,,,
49726,,3.1699,,,,,,,,3.1711728991265264,7.590172737385874e-05,44.808907072430856,joint_4959_5007,both,,,,,,,,,,
49902,2.9612,2.9606,2.9607,,2.9624312341345567,0.0001165726565049722,61.763467675637635,joint_4959_5007,both,2.9618321363581996,2.074018741653523e-05,351.9618689446096,joint_4959_5007,both,,,,,,,,,,
49939,,3.7488,,,,,,,,3.750443239324462,0.00019120766307886955,20.74229611667582,joint_4959_5007,blue,,,,,,,,,,
50654,3.4621,,,,3.4636943443210066,0.00023390353371047982,31.012316594592626,joint_4959_5007,both,,,,,,,,,,,,,,,
50751,3.1591,3.1588,,,3.1603335882841446,0.00033243735640147625,16.615299905504813,joint_4959_5007,both,3.159992468663634,4.534184821596724e-05,98.92988167647157,joint_4959_5007,both,,,,,,,,,,
50966,3.7145,3.7141,3.7138,,3.7157561724454613,4.681425092102902e-05,176.58521429499203,joint_4959_5007,both,3.715599357484775,6.752547029885664e-05,118.01010493095859,joint_4959_5007,both,,,,,,,,,,
50970,,3.0646,,,,,,,,3.0655103966160846,9.134226415702105e-05,40.233538663907474,joint_4959_5007,both,,,,,,,,,,
51240,,3.7177,,3.7177,,,,,,3.7190006042280377,8.57677311989299e-05,95.71856475812707,joint_4959_5007,both,,,,,,,,,,
51579,,4.5219,,4.52,,,,,,4.522096513814507,3.283737188762243e-05,156.67946093020075,joint_4959_5007,both,,,,,,,,,,
52096,,3.5402,,3.5399,,,,,,3.5413887788637766,3.7800855038501696e-05,182.88728534101398,joint_4959_5007,both,,,,,,,,,,
53792,,3.2975,,,,,,,,3.2986394418425613,2.946723160854316e-05,148.0020951134113,joint_4959_5007,both,,,,,,,,,,
53892,3.6317,3.631,,3.631,3.6328490294062137,6.082616021228054e-05,353.63052346058265,joint_4959_5007,both,3.6321647234819343,5.570161456989133e-05,95.4192593093507,joint_4959_5007,both,,,,,,,,,,
53947,3.5347,3.534,,3.534,3.5359099966434178,0.00012050390873408712,115.22642633959791,joint_4959_5007,both,3.5354948251633367,0.00013669900834341377,32.14521018409005,joint_4959_5007,both,,,,,,,,,,
54193,3.5345,,,,3.5357192266194497,5.647029245177305e-05,252.20945852449836,joint_4959_5007,both,,,,,,,,,,,,,,,
54521,3.4164,,,,3.417666420185612,0.0002080163662328575,23.062243147224823,joint_4959_5007,both,,,,,,,,,,,,,,,
54619,3.5326,3.5334,3.5326,,3.5340993067396136,0.00022063209860295144,37.05228362760655,joint_4959_5007,both,3.534814878256964,6.0865856105975195e-05,97.73323751066133,joint_4959_5007,both,,,,,,,,,,
54969,5.8642,,5.8642,,5.866413724150755,0.00014510915628941946,143.20436359010722,joint_4959_5007,both,,,,,,,,,,,,,,,
55418,3.8395,,,,3.840589475929619,3.821846593492806e-05,199.240336536008,joint_4959_5007,both,,,,,,,,,,,,,,,
56591,3.7526,,,,3.7533808216777382,0.0003308900440701935,14.252713575133884,joint_4959_5007,both,,,,,,,,,,,,,,,
57111,3.7576,,,,3.7588987311907305,0.0001219470908592844,171.44678186306024,joint_4959_5007,both,,,,,,,,,,,,,,,
57248,3.7214,,,,3.7231012968112562,0.00015688847687216984,71.19107236177045,joint_4959_5007,both,,,,,,,,,,,,,,,
58782,,4.9323,,4.9299,,,,,,,,,,,,,,,,4.9321698167651835,0.0007139142255462526,6.334017094195016,joint_4959_5007,both
59457,2.9905,2.9907,2.9911,,2.991417042488175,2.589407920382834e-05,120.65298030220235,joint_4959_5007,both,2.9917631655753545,2.3230699457147437e-05,306.95217595586644,joint_4959_5007,both,,,,,,,,,,
59737,3.4173,,3.4161,,,,,,,,,,,,,,,,,,,,,
70850,3.1881,3.1872,3.1881,,3.1894755999891773,9.150774922315772e-05,98.25051950513847,joint_4959_5007,both,3.1882568718281954,2.2454285633522757e-05,170.96803518379562,joint_4959_5007,both,,,,,,,,,,
71380,3.0398,3.0399,3.0409,3.038,3.041851542439465,0.00022811814912886732,22.752318511148186,joint_4959_5007,both,3.040884311204329,6.657090298644908e-05,45.99186324563701,joint_4959_5007,both,,,,,,,,,,
